陈孤雁,中文名,陈孤雁
戚芳,中文名,戚芳
上官云,性别,男
左冷禅,身份,嵩山派掌门人
李秋水,久居地,逍遥派
白世镜,武功,缠丝擒拿手
云中鹤,笔名,海谷
佟国纲,本名,佟国纲
归辛树,登场作品,《碧血剑》
上官云,身份,光明右使
刘一舟,别名,刘师哥（方怡
福康安,谥号,文襄
韦春花,中文名,韦春花
贝海石,国籍,中国
海兰弼,登场作品,《飞狐外传》
马光佐,中文名,马光佐
万圭,中文名,万圭
哑婆婆,性别,女
胡一刀,武功,胡家刀法
杜治芬,出生地,杭州
李莫愁,年龄,绝情谷去世37岁
玄寂,性别,男
钱永刚,主要成就,计算机应用软件系统的研制
努尔哈赤,别名,[4]
樊一翁,最要成就,西山一窟鬼之首
钟灵,身份,大理国贤妃
苗人凤,性别,男
胡斐,中文名,胡斐
冯蘅,容貌,秀丽绝伦
冯锡范,登场作品,《鹿鼎记》
闵柔,门派,上清观
左冷禅,登场作品,《笑傲江湖》
朱元璋,主要成就,建立明朝
渡难,门派,少林寺
温方山,别名,温家五老
徐志摩,职业,诗人
穆旦,主要成就,在《大公报》和《文聚》上发表诗作
焦宛儿,门派,金龙帮
史火龙,朝代,元朝
钱永刚,职业,教授
包不同,性别,男
温青青,门派,棋仙派
海大富,毒药,化尸粉
穆人清,性别,男
何铁手,擅长,下毒
俞岱岩,性别,男
金庸,代表作品,神雕侠侣
丁春秋,民族,汉族
纪晓芙,别名,芙妹
段正严,出生日期,1083年
杜治芬,中文名,杜治芬
马光佐,职业,武士
郭襄,才艺,棋
焦公礼,出生地,南京
努尔哈赤,主要成就,统一女真诸部
鹤笔翁,武器,鹤嘴双笔
范百龄,爱好,下棋
杨康,别名,完颜康
金花婆婆,中文名,黛绮丝
田伯光,性别,男
石中玉,中文名,石中玉
黄真,其他名称,铜笔铁算盘
完颜萍,民族,女真
洪凌波,中文名,洪凌波
令狐冲,登场作品,《笑傲江湖》
段智兴,中文名,段智兴
耶律洪基,年号,寿昌（1095年）
袁士霄,性别,男
蓝凤凰,别名,蓝教主
耶律重元,民族,契丹
张翠山,登场作品,《倚天屠龙记》
柯镇恶,所属组织,江南七怪
温仪,登场作品,《碧血剑》
何沅君,登场作品,小说《神雕侠侣????》
凌退思,结局,中毒而死
长平公主,封号,长平公主（一说为谥号）
萧峰,性别,男
朱由榔,庙号,昭宗
范文程,逝世日期,1666年（康熙五年）
何沅君,别名,阿沅
胡逸之,其他名称,百胜刀王
任盈盈,别名,姑姑
苏星河,所属门派,逍遥派
余鱼同,人物出处,《书剑恩仇录》
陆无双,别名,双儿
耶律齐,国籍,南宋
裘千尺,出场目次,20
贝海石,别名,贝大夫
李莫愁,武器,拂尘
张无忌,武器,屠龙刀
归辛树,登场作品,《鹿鼎记》
枯荣长老,小说信仰,佛教
一灯大师,名号,“五绝”之南僧
田伯光,主要成就,以闻香识女人的特技“天鼻通”救出被囚禁的恒山群尼
朱九真,年龄,22岁（终年）
石中玉,别名,小石头
卜沉,登场作品,《笑傲江湖》
忽必烈,民族族群,蒙古族
云中鹤,代表作品,再别康桥
闵子叶,中文名,闵子叶
拓跋宏,在位时间,471年9月20日~499年4月26日
石中玉,帮派,长乐帮
乔峰,别名,收起
努尔哈赤,别名,弩尔哈齐
闵子叶,门派,仙都派
阿朱,曾受重伤,大金刚掌掌伤
和珅,号,十笏园
韦春花,别名,花姐
司空玄,性别,男
胡桂南,登场作品,《碧血剑》
公孙绿萼,身份,绝情谷小师妹
空见,朝代,元朝
彭连虎,主要兵器,一对镔铁判官笔
陈正德,武功绝技,三分剑术
谢烟客,登场作品,《侠客行》
孙婆婆,派别,古墓派
马行空,别名,百胜神拳
陈友谅,年号,大定1361-1363
刚相,性别,男
何足道,别名,昆仑三圣
钱均夫,逝世日期,1969年
郭襄,才艺,书
杨不悔,第一次登场,第12章　针其膏兮药其肓
李秋水,绝技,寒袖拂穴
杨溢之,身份,平西王总兵
郭襄,别名,收起
玄苦,中文名,玄苦
乔峰,别名,别名
欧阳锋,登场作品,《射雕英雄传》
殷梨亭,中文名,殷梨亭
欧阳克,性别,男
裘千尺,中文名,裘千尺
陈家洛,登场作品,《书剑恩仇录》
归辛树,门派,华山派
耶律楚材,追赠,广宁王等
朱九真,年龄,17岁（初登场）
风清扬,别名,剑术神通
水笙,性别,女
鹿清笃,性别,男
天山童姥,久居地,灵鹫宫
上官虹,其他名称,金银小剑三娘子
枯荣长老,小说武功,一阳指
石万嗔,登场作品,《雪山飞狐》
鲁有脚,结局,死于霍都偷袭
田青文,登场作品,《雪山飞狐》《飞狐外传》
郭襄,别名,郭二姑娘
杨逍,所属,明教
耶律洪基,所处时代,辽朝
慕容复,别名,李延宗
黄真,登场作品,金庸小说《碧血剑》
谢烟客,年龄,五十多岁
杨过,兵器,玄铁重剑
侯通海,别名,三头蛟
陈友谅,主要成就,建立陈汉政权
郭襄,登场作品,《倚天屠龙记》
游坦之,葬身之地,雁门关悬崖下
段延庆,别名,恶贯满盈
尼摩星,性别,男
周芷若,内功,九阴神功
穆旦,出生日期,1918年4月5日
苗人凤,年龄,43
吴立身,登场作品,《鹿鼎记》
段誉,中文名,段誉
段正明,武功,六脉神剑—关冲剑
沐剑声,中文名,沐剑声
老不死,中文名,老不死
丁典,登场作品,《连城诀》
玄苦,性别,男
钟灵,性别,女
于人豪,性别,男
段延庆,别名,天下第一大恶人
鹤笔翁,武功,鹤笔法
巴天石,登场作品,天龙八部
宋远桥,别名,宋大侠
黄蓉,民族,汉
游坦之,职位,丐帮帮主
蒙哥,出生日期,1209年1月10日
佟国纲,主要成就,签订《尼布楚条约》
钟万仇,职业,万劫谷谷主
周伯通,别名,老顽童
杨过,门派,古墓派
努尔哈赤,别名,[3]
林平之,门派,福威镖局
木高峰,毒药,毒水皮囊
任我行,武功,吸星大法
张无忌,主要成就,化解正邪两道积怨
杨逍,别名,光明左使
萧峰,年龄,三十三岁（享年）
察罕特穆尔,中文名,察罕特穆尔
白自在,中文名,白自在
朱玫,中文名,朱玫
吴之荣,别名,吴大人
焦木和尚,中文名,焦木和尚
焦公礼,民族,汉族
金蛇郎君,登场作品,《碧血剑》
李西华,形象,苍白黯淡
宗维侠,朝代,元朝
陈家洛,身份,红花会总舵主
向问天,中文名,向问天
杨莲亭,别名,杨总管
石万嗔,性别,男
林仲雄,登场作品,《笑傲江湖》
段天德,民族,汉
陈友谅,民族,汉族
蒙哥,庙号,元宪宗（追尊）
陆立鼎,中文名,陆立鼎
陈圆圆,所处时代,明末清初
多尔衮,谥号,次年取消）；忠（乾隆四十三年追谥）
郭襄,生日,1243年
梦姑,中文名,李清露
裘千丈,门派,铁掌帮
水岱,别名,冷月剑
吕留良,字号,字庄生
华赫艮,别名,阿根
李秋水,久居地,西夏皇宫
慕容博,民族,鲜卑
赵良栋,官职,勇略将军
金庸,代表作品,倚天屠龙记
秃笔翁,别名,江南四友
瑞栋,登场作品,《鹿鼎记》
于万亭,中文名,于万亭
归辛树,武功,破玉拳法
耶律齐,别名,齐儿
段智兴,别名,南帝
凌霜华,民族,汉族
多隆,职位,御前侍卫总管
双儿,别名,双儿小宝贝
尼摩星,别名,天竺矮子
小龙女,别名,龙姑娘
李莫愁,久居地,赤霞山庄
李彧,代表作品,十全九美
蒙哥,逝世日期,1259年8月11日
蒋百里,别名,蒋方震
南希仁,兵器,斧头
赵敏,性别,女
潇湘子,结局,与尹克西互斗而死
金庸,职业,社会活动家
霍青桐,中文名,霍青桐
神山上人,身高,男
灵智上人,武功,大手印
袁紫衣,武功,八卦掌
鲁有脚,成就,与欧阳锋对了一招
程灵素,登场作品,《飞狐外传》
石破天,特技,家务
张翠山,武器,判官笔
黛绮丝,别名,金花婆婆
温仪,年龄,34岁
冷谦,所处时代,明朝
方怡,中文名,方怡
郭芙,中文名,郭芙
刚相,朝代,元朝
范文程,主要成就,清朝开国重臣
史火龙,民族,汉族
范文程,所处时代,清朝
查传倜,祖籍,[1]
茅十八,中文名,茅十八
何足道,登场作品,《倚天屠龙记》
枭道人,登场作品,连城诀
公孙绿萼,中文名,公孙绿萼
陶红英,中文名,陶红英
温青青,出生地,温家堡
公孙止,武功,铁掌功
空性,属于,空间之本性
班淑娴,性别,女
黄药师,性别,男
旭烈兀,主要成就,灭阿拉伯帝国
柯镇恶,别名,柯大侠
何足道,年龄,三十余岁
努尔哈赤,出生地,赫图阿拉（今辽宁新宾）
金花婆婆,性别,女
苗人凤,登场作品,《雪山飞狐》和《飞狐外传》
玉真子,中文名,玉真子
说不得,性别,男
蒙哥,别名,元宪宗
郭芙,性别,女
达尔巴,兵器,金杵
上官云,身份,日月神教白虎堂长老
胡一刀,登场作品,金庸小说《雪山飞狐》
察罕特穆尔,朝代,元朝
袁冠南,民族,汉族
建宁公主,别名,建宁公主
蒋四根,兵器,铁桨
霍都,民族,蒙古族
朱由检,庙号,思宗（怀宗
觉远,中文名,觉远
神照上人,中文名,神照上人
于万亭,性别,男
风波恶,特点,打架发烧友
冷谦,字号,或曰起敬
云中鹤,出生日期,1897年1月15日
郭靖,武功家数,左右互搏
王难姑,擅长,下毒
易三娘,登场作品,《倚天屠龙记》
贝海石,性别,男
多尔衮,别名,皇叔父摄政王
黄真,身份,华山派大弟子
苗若兰,出场作品,《飞狐外传》
余鱼同,别名,空色
茅十八,国籍,中国
神山上人,中文名,神山上人
殷梨亭,性别,男
徐禄,参加革命时间,1951年1月
俞岱岩,中文名,俞岱岩
徐达,别名,徐武宁
殷素素,门派,天鹰教
欧阳克,别名,欧阳公子
枯荣长老,中文名,枯荣大师
裘千尺,人物出处,《神雕侠侣》
戚长发,登场作品,《连城诀》
朱由检,主要成就,修《崇祯历书》
完颜萍,年龄,十六七岁
钟万仇,国籍,中国
小昭,民族,汉人和波斯人混血
王元霸,民族,汉族
殷野王,职业,天鹰教天微堂堂主
灭绝师太,身份,峨嵋派第三代掌门
黄药师,国籍,南宋
陶百岁,中文名,陶百岁
朱长龄,出场回数,2回
灭绝师太,登场作品,《倚天屠龙记》
丁不三,三宝,一身武功
马光佐,特点,天性单纯
多尔衮,主要成就,统一全国
完颜洪烈,身份,金国六王爷
岳老三,门派,南海派
黄药师,中文名,黄药师
侍剑,中文名,侍剑
空闻,民族,汉族
冯蘅,才华,过目不忘
曲傻姑,性别,女
扫地僧,中文名,扫地僧
阳顶天,别名,杨破天（连载版小说姓名）
谢烟客,修习武功,弹指神通
周芷若,别名,周师妹
拖雷,逝世日期,1232年10月
梁子翁,武功,辽东野狐拳
裘千尺,国籍,南宋
马行空,武功,百胜神拳
向问天,别名,童化金
瑛姑,职业,隐士
花铁干,门派,鹰爪铁枪门
博尔术,职业,军事家
陆展元,登场作品,《神雕侠侣》
摘星子,外貌,脸色青中泛黄
秃笔翁,登场作品,《笑傲江湖》
阿九,登场作品,《碧血剑》
喀丝丽,地位,金庸笔下第一美女
鳌拜,职业,辅政大臣
莫大,门派,衡山派
萧峰,主要成就,助辽平定楚王之乱
达尔巴,国籍,蒙古帝国
穆里玛,主要成就,授一等侍卫
韦小宝,主要成就,助沙俄索菲亚公主夺位 雅克萨之捷
蒋百里,出生地,浙江海宁
陆展元,身份,陆家庄 庄主
孙仲君,性别,女
张翠山,武器,虎头钩
苗若兰,民族,汉族
金轮法王,民族,藏族
于万亭,门派,莆田少林寺
秦红棉,暗器,连环毒箭
王夫人,主要成就,劝诫儿子
旭烈兀,所处时代,中古时期
陆无双,武功,玉女心经
旭烈兀,别名,吁里兀
梁自进,民族,汉
阮星竹,别名,阮阿姨
无尘道长,中文名,无尘
虚竹,别名,梦郎宫主大人
云中鹤,国籍,中国
赵钱孙,中文名,赵钱孙
慕天颜,出生日期,天启四年（1624年）
李秋水,武功,北冥神功 
洪凌波,民族,汉族
吕留良,职业,思想家
凌霜华,称号,人淡如菊
朱玫,职业,新闻记者
封万里,门派,雪山派
甘宝宝,别名,宝宝
公孙止,武功,阴阳倒乱刃法
梦姑,别名,银川公主
侯通海,登场作品,《射雕英雄传》
孙不二,主要成就,创立清静派
佟国纲,所处时代,清朝
梅芳姑,别名,芳姑
丁不三,武功,丁家祖传功夫
冯锡范,年龄,49岁
金庸,出生日期,1924年3月10日(农历二月初六)
霍青桐,别名,翠羽黄衫
李彧,体重,54 kg
任盈盈,主要成就,出席恒山掌门大会
无尘道长,登场作品,《书剑恩仇录》
张无忌,武功,七伤拳
金庸,主要成就,收起
马夫人,中文名,康敏
人厨子,性别,男
郭襄,登场作品,《神雕侠侣》
杜百当,职业,易三娘之夫君
宗维侠,门派,崆峒派
殷素素,朝代,元朝
侯通海,登场作品,《神雕侠侣》
陈圆圆,字号,圆圆
穆里玛,出生地,吉林双阳
段正淳,性别,男
任盈盈,民族,汉族
枯荣长老,性别,男
鳌拜,出生日期,约1610年
曲灵风,武功,劈空掌
萧峰,国籍,辽
徐达,逝世日期,1385年
一灯大师,主要成就,渡化裘千仞
聂卫平,民族,汉族
耶律楚材,别名,[6]
秃笔翁,所属,梅州四友
鹤笔翁,武功,玄冥神掌
徐达,别名,徐中山
上官虹,中文名,上官虹
袁承志,出生年份,1623年
周芷若,武功,峨嵋武功
陆展元,出生地,嘉兴
金蛇郎君,中文名,夏雪宜
聂卫平,荣誉称号,棋圣
劳德诺,别名,萨老头
阿朱,别名,阿朱姑娘
裘千尺,暗器,枣核钉
平一指,性别,男
何铁手,擅长,弄毒物毒虫
逍遥子,职务,阿里巴巴集团董事局主席
闵柔,性别,女
殷梨亭,武功绝技,武当太极拳等
郭靖,武功家数,降龙十八掌
曲三,其他名称,曲三
汤沛,人物设定,三才剑掌门人
郭襄,别名,小东邪
神照上人,性别,男
周芷若,年龄,18~19岁
多尔衮,逝世地,古北口外喀喇城
阳夫人,登场作品,《倚天屠龙记》
上官云,别名,雕侠
萧远山,武功,般若掌
蒋四根,兵刃,反手还刀。蒋四根直砸不中
察罕特穆尔,登场作品,《倚天屠龙记》
拓跋宏,庙号,高祖
林平之,籍贯,福建省福州市
纪晓芙,结局,被灭绝师太一掌打死
小昭,年龄,15～16岁
无崖子,中文名,无崖子
白振,中文名,白振
吕七,中文名,吕七
宋青书,内功,九阴真经
林震南,身份,福威镖局总镖头
钱永刚,性别,男
田伯光,轻功,正睬三叠云
冯默风,中文名,冯默风
石中玉,别名,石帮主
李青萝,民族,汉族
杨逍,别名,杨左使
骆冰,性别,女
汤沛,登场作品,《飞狐外传》
仪琳,别名,仪琳师侄
和珅,官职,领班军机大臣
全金发,性别,男
李泰,语种,英语
郭襄,别名,展开
田归农,登场作品,《雪山飞狐》《飞狐外传》
李莫愁,民族,汉族
林乐怡,出生日期,1953年
耶律洪基,本名,耶律洪基
朱由榔,逝世日期,1662年6月1日
陆二娘,登场作品,《神雕侠侣》
闵柔,中文名,闵柔
曲洋,登场作品,《笑傲江湖》
枯荣长老,登场作品,《天龙八部》
班淑娴,门派,昆仑派
哑婆婆,中文名,哑婆婆
赵钱孙,武功,缩骨功
王元霸,性别,男
沐剑屏,祖籍,安徽凤阳府
周芷若,武功,九阴真经武功
绿竹翁,登场作品,《笑傲江湖》
卫春华,别名,九命锦豹子
殷野王,门派,明教（天鹰旗）
段正淳,别名,段郎
白自在,性别,男
乔峰,登场作品,《天龙八部》
梅芳姑,性别,女
彭连虎,身份,悍匪
小龙女,别名,姑姑
侯通海,性别,男
丁春秋,毒药,三笑逍遥散
南海鳄神,兵器,鳄嘴剪
沐剑声,登场作品,《鹿鼎记》
段智兴,名号,“五绝”之南帝
殷离,身材,苗条纤细
赵敏,喜好,作汉人打扮
刘一舟,别名,沐剑屏称呼）
耶律齐,国籍,蒙古
刘乘风,中文名,刘乘风
耶律燕,中文名,耶律燕
陆无双,别名,无双
徐达,主要成就,明朝开国第一功臣
石清,别名,石大侠
周芷若,别名,周掌门
谢逊,别名,谢退思
焦公礼,出场目次,11回
焦公礼,性别,男
空闻,中文名,空闻
方怡,登场作品,鹿鼎记
萧远山,中文名,萧远山
温方山,门派,棋仙派
徐天宏,登场作品,《书剑恩仇录》
陈家洛,别名,陈会长
阮星竹,朝代,北宋
张无忌,民族,汉族
努尔哈赤,逝世日期,1626年9月30日(天命十一年八月十八日)
裘千仞,别名,铁掌水上飘
范百龄,别名（绰号）,“函谷八友”老二棋迷
秃笔翁,性别,男
忽必烈,性别,男
于万亭,身份,第一任红花会总舵主
范遥,擅长,剑法神奇
焦木和尚,性别,男
洪凌波,登场作品,《神雕侠侣》
努尔哈赤,年号,天命（1616年－1627年）
武青婴,性别,女
贝锦仪,登场作品,《倚天屠龙记》
王难姑,招数,耍花枪
洪胜海,国籍,中国
朱玫,逝世日期,1998年11月8日
王语嫣,年龄,18岁（出场）
杨不悔,朝代,元朝
段正明,主要成就,为便于对抗鸠摩智而出家为僧
兆惠,民族族群,满族
慕天颜,民族族群,汉族
杜治芬,出生日期,1930年
傅思归,出处,《天龙八部》
鲁有脚,中文名,鲁有脚
蒙哥,陵寝,蒙古肯特山起辇谷
左冷禅,其他名称,左掌门
孙不二,本名,孙富春
完颜萍,中文名,完颜萍
鳌拜,爵位,一等超武公
耶律洪基,在位时间,1055年―1101年
朱由检,谥号,钦天守道敏毅敦俭弘文襄武体仁致孝庄烈愍皇帝
佟国纲,封爵,一等公
木岛主,性别,男
陈近南,字号,字复甫
冯蘅,别名,阿蘅
耶律齐,门派,全真派
归钟,登场作品,《鹿鼎记》
萧远山,武功,伏魔杖法
李明,职业,演员
石破天,别名,狗杂种
张三丰,主要成就,创立武当派
阿朱,中文名,段朱
杨逍,著作,《明教流传中土记》
丁不四,登场作品,《侠客行》
陆菲青,登场作品,《飞狐外传》
黄蓉,门派,丐帮
瑛姑,宠物,九尾灵狐
华赫艮,官职,三公之首
张康年,别名,张大哥
段正明,武功,一阳指
陶百岁,职业,饮马川山寨寨主
觉远,朝代,南宋
金花婆婆,教派,明教
阮星竹,年龄,约莫三十五六岁（初登场）
阿青,其他名称,越女剑
程英,中文名,程英
长平公主,出生地,北直隶顺天府大兴县（今北京市）
曲非烟,中文名,曲非烟
史红石,门派,丐帮
傅思归,作者,金庸
海兰弼,中文名,海兰弼
蒋四根,兵刃,水性好==原著出场描写==忽地一人纵上前来
拓跋宏,谥号,孝文皇帝
狄云,性别,男
朱由检,陵墓,思陵
南希仁,所属组织,江南七怪
岳灵珊,登场作品,《笑傲江湖》
向问天,性别,男
徐志摩,职位,北京大学教授
韩千叶,别名,银叶先生
蒋英,代表作品,《舒曼传》等
杨过,久居地,古墓
宝象,秘籍,血刀经
朱由榔,出生日期,1623年11月1日
公冶乾,身份,赤霞庄庄主
张召重,武器,凝碧剑
和珅,官职,领侍卫内大臣
空闻,朝代,元朝
忽必烈,主要成就,开凿大运河
莫声谷,结局,被陈友谅和宋青书所杀
任盈盈,别名,任大小姐
金蛇郎君,武器,金蛇剑
努尔哈赤,主要成就,建立后金政权
刀白凤,性别,女
任盈盈,武器,长短双剑
鲜于通,门派,华山派
阮星竹,别名,竹妹
空见,登场作品,《倚天屠龙记》
黛绮丝,性别,女
空见,门派,少林寺
洪安通,别名,洪教主
潇湘子,出生地,湘西
蒙哥,出生地,漠北草原
林平之,登场作品,《笑傲江湖》
霍都,出生地,蒙古草原
欧阳锋,主要成就,五绝之一
商宝震,中文名,商宝震
冯锡范,别名,一剑无血
蒋百里,民族,汉族
陆菲青,小说地位,中第一个出场的男性人物
南海鳄神,中文名,南海鳄神
苏星河,中文名,苏星河
商老太,中文名,商老太
和珅,民族族群,满族
丁不四,武功,拳法
陈友谅,政权,陈汉
小龙女,别名,杨夫人
百草仙,登场作品,《神雕侠侣》
杨过,名号,神雕大侠
任盈盈,主要成就,绿竹巷邂逅令狐冲
九难,中文名,阿九
公孙绿萼,别名,萼儿
金庸,主要成就,英国牛津大学董事会成员
萧远山,主要成就,雁门关大战
黛绮丝,身份,中土明教四大护教法王“紫白金青”之首
蒙哥,所处时代,大蒙古国
张三丰,出生日期,4月9日
木桑道长,爱好,围棋
王夫人,主要成就,辅助儿子刘彻登上太子位
空闻,门派,少林寺
闵柔,职业,玄素庄庄主
田归农,其他名称,小田田
钱均夫,出生日期,1880年
朱子柳,登场作品,《射雕英雄传》
史火龙,其他名称,金银掌
金庸,逝世日期,2018年10月30日
无崖子,年龄,93岁
钱永刚,民族,汉族
秃笔翁,中文名,秃笔翁
鸠摩智,国籍,吐蕃国
灭绝师太,门派,峨嵋派
邓炳春,门派,神龙教
张无忌,武器,圣火令
韩小莹,别名,韩女侠
阿紫,中文名,阿紫
李泰,代表作品,倚天屠龙记
公孙止,别名,谷主
朱子柳,登场作品,《神雕侠侣》
朱丹臣,职业,大理皇宫四大护卫之一
游坦之,内功,易筋经
王夫人,身份,皇后
胡斐,别名,拨凤毛（化名）
郭芙,强项,游泳
杨过,年龄,35岁（归隐年龄）
秃笔翁,兵器,判官笔
张君宝,主要成就,振兴道教[10]
金庸,民族,汉族
黄蓉,别名,黄女侠
长平公主,本名,朱媺娖
丁春秋,国籍,中国
任盈盈,别名,盈盈圣姑姑姑婆婆
双儿,别名,好双儿
李沅芷,首次出场时间,第一回古道腾驹惊白发 危峦击剑识青翎
秦红棉,武器,修罗刀
向问天,别名,光明左使
梦姑,登场作品,《天龙八部》
段智兴,主要成就,“天下五绝”之一
鸠摩智,居住地,雪山大轮寺
丁不四,武功,丁家擒拿手
扫地僧,性别,男
鲜于通,性格特点,道德败坏
张无忌,主要成就,号令群雄抗元
张君宝,出生日期,4月9日
洪七公,修习武功,打狗棒法
段智兴,久居地,大理皇宫
焦公礼,职业,金龙帮帮主
李莫愁,执念,陆展元
曲灵风,中文名,曲灵风
段天德,相关事件,杀害郭靖的父亲郭啸天
吴道通,登场作品,武侠小说《侠客行》
常遇春,追赠,上柱国等
耶律重元,别名,耶律孛吉知
马行空,中文名,马行空
掌钵龙头,登场作品,《倚天屠龙记》
黄药师,身份,东海桃花岛主
梦姑,民族,汉族（母）
孙婆婆,性别,女
胡一刀,别名,辽东大侠
杜百当,登场作品,《倚天屠龙记》
凌霜华,登场作品,《连城诀》
陆立鼎,性别,男
阿紫,登场作品,天龙八部
阮星竹,别名,星竹
查传倜,中文名,查传倜
焦公礼,兵器,折铁刀
风清扬,中文名,风清扬
阿九,别名,长平公主
欧阳克,别名,欧阳大人
鹤笔翁,登场作品,《倚天屠龙记》
裘千仞,别名,慈恩
任盈盈,代表作品,琴曲《有所思》
和珅,字,致斋
余沧海,武功,摧心掌（以原著为准）
乌老大,民族,汉
冯默风,登场作品,《射雕英雄传》
段延庆,武功,一阳指
罗立如,登场作品,《碧血剑》
包不同,中文名,包不同
岳不群,修习武功,辟邪剑谱
卫璧,中文名,卫璧
小龙女,久居地,终南山活死人墓
尼摩星,别名,黑矮子
朱子柳,专长,会各种书法字体
查传诗,职业,总监
全冠清,身份,丐帮大智分舵的舵主
洪七公,别名,老叫花
宁中则,所属门派,华山派
慕天颜,主要作品,《督漕封事》
黄真,中文名,黄真
韦一笑,身份,明教四大护教法王之一
郭靖,出生地,蒙古大漠
蕊初,别名,小宫女
吴立身,性别,男
彭莹玉,主要成就,元末民变领袖之一
陶红英,别名,陶宫娥 陶姑姑（韦小宝专用）
静玄师太,兵器,拂尘
赵敏,别名,明明特穆尔
萧远山,主要成就,力拼中原群雄
何铁手,性别,女
石万嗔,登场作品,《飞狐外传》
点苍渔隐,登场作品,《射雕英雄传》
天门道人,信仰,道教
程灵素,朝代,清朝
丁不四,武功,掌法
黄药师,门派,东海桃花岛
石双英,门派,红花会
万圭,人物出处,《连城诀》
范文程,出生地,辽东沈阳
冷谦,主要作品,《修龄要旨》
令狐冲,门派,恒山派
聂卫平,出生地,河北省深州市
段智兴,家族,大理段氏
无尘道长,别名,追魂夺命剑
闵柔,别名,冰雪神剑
包不同,性格特点,为人豪爽
莫声谷,门派,武当派
沐剑屏,登场作品,《鹿鼎记》
全金发,武功,呼延枪法
风清扬,门派,华山派
陆二娘,中文名,陆二娘
李可秀,人物关系,李沅芷之父
霍都,兵器,磨扇
赵敏,经典场面,绿柳山庄
石中玉,性别,男
忽必烈,主要成就,建立元朝
黄药师,别名,黄岛主
点苍渔隐,登场作品,《神雕侠侣》
完颜洪烈,年龄,1172年-1224年
鳌拜,主要成就,征朝鲜
卫璧,性别,男
摘星子,外貌,英俊
李秋水,登场作品,《天龙八部》
沐剑声,年龄,六岁
郭襄,外貌,三分像黄蓉
丁不三,三宝,玄冰碧火酒
南希仁,别名,南四侠
傅思归,朝代,大理
刘正风,性别,男
慕容复,别名,南慕容
公孙绿萼,生辰,戌时
云中鹤,笔名,南湖
韩小莹,登场作品,《射雕英雄传》
何铁手,擅长,使毒
李沅芷,民族,汉族
归钟,其他名称,钟儿
空闻,登场作品,《倚天屠龙记》
吕七,性别,男
风际中,形象,给人留不下什么印象
陆菲青,别名,綿裡針
多尔衮,谥号,懋德修道广业定功安民立政诚敬义皇帝（顺治七年追谥
陆天抒,性别,男
李沅芷,小说地位,金庸首部武侠小说中第一个出场的人物
公孙止,职业,绝情谷主
蒋四根,别名,铜头鳄鱼
鳌拜,荣誉,满洲第一勇士
查传倜,职业,餐馆经营
王难姑,著作,《王难姑毒经》
梦姑,民族,党项族（父）
杨铁心,别名,穆易
常遇春,官职,太子少保等
鹿杖客,性别,男
梅超风,别名,贼婆娘（陈玄风专用）
旭烈兀,别名,旭烈
邓炳春,性别,男
余沧海,别名,余矮子
耶律楚材,所处时代,金朝
聂卫平,代表作品,《我的围棋之路》
郭啸天,信仰,侠义道
朱丹臣,中文名,朱丹臣
陈家洛,中文名,陈家洛
鹿杖客,中文名,鹿杖客
拓跋宏,主要成就,迁都洛阳
李泰,代表作品,秦时丽人明月心
阳顶天,中文名,阳顶天
万圭,出场目次,9
夏雪宜,别名,金蛇郎君
段誉,性别,男
欧阳克,登场作品,《射雕英雄传》
公冶乾,主要成就,掌法有“江南第二”之称
徐达,官职,中书右丞相
穆里玛,逝世日期,1669年
乔峰,别名,北乔峰
蓝凤凰,性别,女
戚长发,中文名,戚长发
赵敏,别名,赵明（连载版小说姓名）
聂卫平,职业,教练
左子穆,年龄,五十余岁
徐天宏,身份,红花会七当家
石破天,别名,石中坚
朱元璋,陵寝,明孝陵
殷离,年龄,十二三岁（初登场）
朱九真,别名,雪岭双姝（与武青婴合称）
彭连虎,登场作品,《神雕侠侣》
韦一笑,修习武功,寒冰绵掌
韩小莹,中文名,韩小莹
杨过,国籍,南宋
万圭,出场目次,1
李沅芷,中文名,李沅芷
胡斐,身份,华拳门掌门人（临时）
阿九,年龄,三十来岁（鹿鼎记）
茅十八,职业,江洋大盗
查传讷,性别,女
朱元璋,庙号,太祖[16]
萧峰,绝招,降龙十八掌
逍遥子,性别,男
逍遥子,职务,首席执行官
完颜洪熙,职业,皇子
陶子安,职业,饮马川少寨主
袁紫衣,中文名,袁紫衣
武三通,出生地,大理
查传倜,祖籍,浙江海宁袁花镇
桑结,中文名,桑结
阮星竹,中文名,阮星竹
阳顶天,性别,男
天松道人,中文名,天松道人
段誉,别名,段和誉
拓跋宏,年号,延兴（471年-476年）
阿青,性别,女
焦木和尚,特点,身穿黄麻僧衣
王元霸,别名,金刀无敌
史红石,性别,女
王进宝,主要成就,平定三藩之乱
夏雪宜,武器,金蛇剑
谢烟客,别名,摩天居士
陆大有,性别,男
殷梨亭,逝世日期,1403年
鲁有脚,成就,协助郭靖夫妇镇守襄阳
张无忌,武功,降龙十八掌
蒙哥,性别,男
杨过,别名,西狂
拖雷,监国时间,1227年8月25日—1229年9月13日
朱长龄,别名,惊天一笔
朱长龄,兵器,判官笔
蕊初,中文名,蕊初
谭公,所处时代,元朝
苗人凤,中文名,苗人凤
钟万仇,中文名,钟万仇
南希仁,别名,南山樵子
崔百泉,中文名,崔百泉
云中鹤,职业,诗人
慕天颜,所处时代,明末清初
乌老大,年龄,30到40岁
殷离,武功,千蛛万毒手
蒋四根,兵刃,他是将铁桨当估项迎作禅杖多乎朽使
金庸,代表作品,代表作品
兆惠,字号,字和甫
许雪亭,别名,青龙使
郭芙,年龄,出场时9岁
程瑶迦,别名,程大小姐
温青青,登场作品,《碧血剑》
吴道通,性别,男
宝树,职业,作家
程灵素,门派,药王庄
空智,门派,少林寺
狄云,别名,空心菜
吕七,武功,鹤形拳
曲洋,性别,男
于万亭,门派,红花会
张无忌,朝代,元朝
拓跋宏,别名,元宏
宋远桥,登场作品,《倚天屠龙记》
九难,性别,女
陆乘风,其他名称,五湖废人
陈正德,中文名,陈正德
水岱,登场作品,《连城诀》
田伯光,别名,不可不戒
乔峰,参与战役,少室山武林群雄大会
金庸,国籍,中国
陶子安,国籍,清朝
凌霜华,愿望,与丁典同穴而眠
多尔衮,庙号,次年取消）
萧峰,登场作品,《天龙八部》
任盈盈,别名,别名
袁紫衣,武功,八仙剑
凌霜华,中文名,凌霜华
孙仲君,门派,华山派
全金发,中文名,全金发
裘千尺,出场回数,5回
公孙止,中文名,公孙止
邓百川,中文名,邓百川
神照上人,别名,上人
段誉,别名,段正严
曲非烟,性别,女
朱由榔,本名,朱由榔
陆菲青,中文名,陸菲青
归二娘,登场作品,《鹿鼎记》
余鱼同,民族,汉族
王元霸,门派,金刀门
鲁有脚,其他名称,鲁帮主
朱由检,所处时代,明朝
耶律洪基,年号,咸雍（1065年）
徐禄,职业,军人
阿朱,殉身之处,小镜湖青石桥
张三丰,号,三丰
李莫愁,国籍,南宋
凌霜华,出生地,湖北荆州
周芷若,门派,峨嵋派
贝海石,别名,着手回春
邓百川,国籍,中国
灵智上人,武功,毒砂掌
逍遥子,出生日期,1972年1月11日
金庸,职业,政论家
胡青羊,登场作品,《倚天屠龙记》
周芷若,出生地,湖南芷江
云中鹤,笔名,章垿等
朱聪,绝技,盗术
无崖子,所处年代,五代十国
阿紫,门派,星宿派
方怡,别名,怡姐姐
李彧,别名,小李子
丁春秋,精擅武功,化功大法
安小慧,所处朝代,明朝
胡斐,登场作品,《雪山飞狐》《飞狐外传》
苏菲亚,身份,韦小宝七个老婆之外的编外老婆
张三丰,民族族群,汉族
周颠,名字由来,人以为颠
穆里玛,姓氏,瓜尔佳氏
陈友谅,职业,陈汉皇帝
察罕特穆尔,性别,男
小龙女,门派,古墓派
史红石,年龄,十二三岁左右
王语嫣,年龄,21岁（结局）
余鱼同,国籍,中国
郭芙,别名,芙妹
杨铁心,登场作品,金庸小说《射雕英雄传》
戚芳,武功,躺尸剑法
段智兴,名号,“五绝”之南僧
温青青,别名,夏青青
完颜萍,出生地,金国
冷谦,民族族群,汉族
何沅君,性别,女
金庸,代表作品,展开
李明,特长,驾驶
金庸,代表作品,收起
乔三槐,登场作品,《天龙八部》
林远图,职业,福威镖局总镖头
九难,登场作品,《鹿鼎记》
无尘道长,别名,无尘道长
多隆,中文名,多隆
纪晓芙,武器,剑
于人豪,年龄,24岁左右
林平之,武功,华山剑法
阿碧,性别,女
秦红棉,绰号,修罗刀
拖雷,出生日期,1193年
水笙,中文名,水笙
石双英,武功,玄玄刀法
木岛主,中文名,木岛主
木婉清,性别,女
朱聪,性别,男
尼摩星,外貌特点,后自断双腿
平一指,门派,日月神教
刘正风,武功,百变千幻衡山云雾十三式
杨成协,中文名,杨成协
郭靖,武功家数,《九阴真经》全部内容
赵敏,民族,蒙古族
何沅君,中文名,何沅君
耶律楚材,所处时代,蒙元
宋青书,性别,男
钱永刚,籍贯,浙江杭州
丁不四,性别,男
李沅芷,职业,侠客
张君宝,号,三丰
蒙哥,别名,蒙哥汗
袁紫衣,武器,银丝软鞭
蒋四根,兵刃,向左一闪
蒋百里,异名,[6]
段智兴,民族,白族
小昭,登场作品,《倚天屠龙记》
拖雷,别名,元睿宗
刘正风,门派,南岳衡山派
陈家洛,别名,陈当家
石破天,登场作品,侠客行
和珅,主要作品,《嘉乐堂诗集》
阿青,国籍,越国
游坦之,登场作品,《天龙八部》
乔峰,绝招,降龙十八掌
何铁手,武功,五毒教
丁敏君,国籍,中国
哑婆婆,登场作品,《笑傲江湖》
李泰,出生日期,1984年9月3日
努尔哈赤,在位,1616年2月17日－1626年9月30日
小玄子,登场作品,《鹿鼎记》
祖千秋,性别,男
汤沛,性格,满口仁义道德
欧阳克,门派,白驼山庄
归辛树,性别,男
双儿,民族族群,汉族
温仪,性别,女
林仲雄,身份,福威镖局的创办人的养子
查良琇,出生日期,1925年
朱由榔,性别,男
忽必烈,别名,薛禅汗
邓百川,民族,汉族
李彧,身高,160 cm
丁春秋,年龄,65
蒋百里,职业,军事教育家
汤沛,别名,汤大侠
公孙绿萼,居住地,绝情谷
骆冰,中文名,骆冰
任盈盈,居住地,黑木崖 洛阳绿竹巷
胡一刀,出生地,雪山
金蛇郎君,性别,男
胡青牛,门派,明教
黄真,年龄,五十余岁
任盈盈,别名,任大小姐盈儿展开别名盈盈圣姑姑姑婆婆
刚相,门派,西域金刚门
袁紫衣,性别,女
风际中,年龄,30左右
不平道人,性别,男
耶律楚材,别名,长髯人
蒋四根,兵刃,使的却是“凝懂判鲁智深疯魔杖”战组永宙的招术
罗立如,中文名,罗立如
李可秀,登场作品,《书剑恩仇录》
郭襄,别名,二妹
王语嫣,出场章回,《天龙八部》第12章之从此醉
枯荣长老,小说国籍,大理国
周芷若,别名,周姑娘
司空玄,身份,神农帮帮主
田伯光,别名,万里独行
朱由榔,别名,永历帝
耶律楚材,谥号,文正
尹志平,登场作品,射雕英雄传
范遥,别名,范右使
冷谦,出生地,武林（今浙江杭州）
平阿四,其他名称,癞痢头阿四
于人豪,登场作品,《笑傲江湖》
沐剑屏,年龄,14（登场）
阿紫,门派,[1]
蒋百里,中文名,蒋百里
田伯光,武功绝技,飞沙走石十三式
欧阳锋,主要成就,逆练九阴
上官云,中文名,上官云
任盈盈,主要成就,合诛东方继任日月神教教主
孙不二,别名,七真 孙不二
段智兴,别名,南僧
任盈盈,出嫁地点,孤山梅庄
何太冲,身份,昆仑派掌门
马行空,身份,飞马镖局总镖头
宁中则,剑法,玉女十三剑
王夫人,身份,皇太后
丁春秋,别名,星宿老怪
双儿,中文名,双儿
华筝,信仰,萨满教
文泰来,门派,红花会
武敦儒,中文名,武敦儒
焦宛儿,登场作品,《碧血剑》
范遥,中文名,范遥
田青文,性别,女
白振,别名,金爪铁钩
范文程,谥号,文肃
常遇春,出生日期,1330年
余鱼同,职务,红花会十四当家
宝象,登场作品,《连城诀》
曲洋,暗器,黑血神针
赵敏,年龄,约16~17岁（出场年龄）
拓跋宏,出生地,代郡平城
完颜洪烈,王号,赵王
公孙绿萼,容貌,但她秀雅脱俗
胡夫人,中文名,胡夫人
公孙绿萼,容貌,肤色白里泛红，甚是娇美，眼神清澈，嘴边有粒小黑痣，更增俏丽，但她秀雅脱俗，自有一股清灵之气。
不平道人,其他名称,蛟王
陆无双,中文名,陆无双
李莫愁,中文名,李莫愁
徐天川,中文名,徐天川
努尔哈赤,尊号,聪睿恭敬汗
史红石,中文名,史红石
左子穆,中文名,左子穆
钟灵,身份,大理万劫谷公主
吴六奇,本名,吴六奇
劳德诺,登场作品,《笑傲江湖》
丁典,武功,神照功
郭芙,别名,郭姑娘
穆人清,别名,穆老猴
公孙止,登场作品,《神雕侠侣》
乔峰,主要成就,胁迫耶律洪基换来边疆和平
陈正德,性别,男
张阿生,所属组织,江南七怪
杨不悔,主要成就,金庸小说中年纪最小旅行家（蝴蝶谷-西域）
平一指,登场作品,《笑傲江湖》
胡逸之,主要成就,武林第一美男子
鲁有脚,身份,丐帮长老
汤沛,性格,一肚子男盗女娼
殷素素,登场作品,《倚天屠龙记》
南希仁,性别,男
唐文亮,中文名,唐文亮
万圭,武功,唐诗剑法（连城剑法）
洪七公,性别,男
仪琳,别名,师父
宝树,身份,译者
段正严,年号,广运
枯荣长老,小说武功,枯荣禅功
花万紫,门派,雪山派
郭襄,武功,桃花岛武功等
吴六奇,逝世日期,1665年
归辛树,武功,伏虎掌法
朱由榔,谥号,应天推道敏毅恭俭经文纬武体仁克孝匡皇帝
无嗔大师,别名,毒手药王
蒋四根,兵刃,猛恶异常。这人和石双英同来
丁春秋,别名,丁先生
尼摩星,退场原因,袭击郭芙郭襄不成
查良琇,国籍,中国
阳顶天,教派,明教
福康安,追封,嘉勇郡王
徐达,别名,徐魏公
岳灵珊,年龄,出场18岁
穆旦,代表作品,《探险队》《穆旦诗集（ 1939～1945）》《旗》
石中玉,帮派,雪山派
完颜洪烈,民族,女真族
蒋四根,兵刃,这一记“秦王鞭石”
吴之荣,登场作品,《鹿鼎记》
张康年,性别,男
张阿生,中文名,张阿生
黛绮丝,身份,波斯明教圣女
耶律重元,中文名,耶律重元
耶律楚材,官职,中书令
范文程,官职,议政大臣
朱由检,出生日期,1611年2月6日(万历三十八年十二月二十四日)
周芷若,内功,峨嵋九阳功
阳夫人,朝代,元朝
耶律重元,王爵,秦国王
蒋四根,兵刃,出手迅捷。
梅超风,别名,铁尸
宝树,代表作品,《时间之墟》
范文程,字号,字宪斗
百草仙,性别,男
欧阳锋,身份,西域白驼山庄庄主
阿朱,年龄,16-17
韦小宝,身份,清抚远大将军
武三娘,登场作品,神雕侠侣
阿九,别名,九难
丁典,别名,菊中君子
多隆,登场作品,《鹿鼎记》
韦小宝,主要成就,断吴三桂反叛的三路援军 
杨莲亭,别名,莲弟
郭靖,主要成就,任职武林领袖驻守襄阳数十年
胡斐,曾属门派,华拳门
王进宝,去世时间,1685年
谢逊,别名,金毛狮王
乌老大,国籍,北宋
任盈盈,门派,日月神教
何沅君,别名,沅君
聂卫平,代表作品,《聂卫平自战百局》
胡斐,职业,侠客
程瑶迦,出生地,宝应程府
范遥,别名,光明右使
林震南,祖传剑谱,假辟邪剑法
郭芙,别名,大姐
钱永刚,出生地,浙江杭州
周颠,名字由来,明无名字
九难,登场作品,《碧血剑》
宗维侠,民族,汉族
任盈盈,登场作品,《笑傲江湖》
金花婆婆,身份,中土明教四大护教法王“紫白金青”之首
郭襄,别名,郭女侠
华筝,民族,蒙古族
孙不二,主要成就,全真七子之一
俞岱岩,主要成就,前赴福建诛杀巨盗
耶律楚材,出生日期,1190年7月24日
武三通,中文名,武三通
胡青牛,性别,男
玉真子,结局,死于金蛇之口
褚万里,性别,男
拓跋宏,出生日期,467年10月13日
福康安,主要作品,《重修昭觉寺志》《寄惠椿亭侍郎》
李明,出生地,新疆库尔勒
荣彩,身份,游龙帮帮主
尼摩星,登场作品,《神雕侠侣》
赵钱孙,性别,男
拓跋宏,陵寝,长陵
何铁手,别名,何惕守
查传讷,出生日期,1963年
完颜洪烈,别名,六王爷
石破天,中文名,石破天
绿竹翁,性别,男
贝海石,主要成就,逼迫司徒横让位
南海鳄神,门派,南海派
鳌拜,别名,Oboi
田伯光,武功绝技,狂风刀法
宋远桥,性别,男
钱均夫,国籍,中国
全金发,所属组织,江南七怪
阿朱,成就,少林寺偷得易筋经（神足经）
岳老三,居所,南海
徐达,出生地,濠州钟离
完颜萍,绝技,枯藤缠树
冷谦,字号,或曰起敬道号龙阳子
尼摩星,中文名,尼摩星
段天德,职业,武官
说不得,第一次登场,第18章 倚天长剑飞寒铓
王难姑,退场时间,当道时见中山狼
陆展元,民族,汉
曲灵风,武功,铁八卦
杨康,登场作品,《神雕侠侣》
焦木和尚,国籍,南宋
钱均夫,主要成就,国民政府浙江省教育厅厅长
阮星竹,性别,女
藏边五丑,登场作品,《神雕侠侣》
朱九真,性别,女
张君宝,所处时代,南宋末年
努尔哈赤,尊号,大英明汗
蒋四根,兵刃,呼的一声
闵子华,朝代,明朝
张无忌,登场作品,倚天屠龙记（二至四卷
忽必烈,逝世日期,1294年2月18日
程灵素,职业,药剂师
任盈盈,中文名,任盈盈
焦公礼,出场回数,3回
朱长龄,职业,红梅山庄庄主
蒋四根,兵刃,叫道“我多户尝寒来斗斗你这老儿！”一柄铁桨当头猛打下来。兵器是铁桨
尼摩星,外貌特点,矮且黑
范文程,本名,范文程
兆惠,出生日期,1708年
黄药师,武功写照,碧海潮生按玉箫
哑婆婆,门派,恒山派
周芷若,民族,汉族
空闻,身份,少林寺方丈
金轮法王,武功,无上瑜伽密乘
阿朱,性别,女
云中鹤,主要成就,新月派代表诗人
丁典,中文名,丁典
段智兴,身份,高僧一灯大师
慕容博,称号,金庸小说书迷称为“天龙四神”中的“水神”
段誉,登场作品,《天龙八部》
张君宝,出生地,辽东懿州
朱由检,别名,崇祯帝
查传讷,国籍,中国
欧阳锋,执念,《九阴真经》
金轮法王,身份,蒙古国师
徐志摩,笔名,海谷
余鱼同,别名,金笛秀才
康广陵,爱好,习琴
萧远山,民族,契丹族
万圭,出场目次,11
朱由榔,民族族群,汉族
乌老大,中文名,乌老大
闵柔,门派,玄素庄
空性,中文名,空性
崔百泉,门派,伏牛派
何铁手,中文名,何铁手
郭芙,登场作品,《神雕侠侣》
香香公主,其他名称,喀丝丽
张翠山,性别,男
忽必烈,年号,至元（1264年）
陆菲青,登场作品,《书剑恩仇录》
余沧海,别名,余老道
耶律燕,人物出处,《神雕侠侣》
符敏仪,登场作品,天龙八部
常遇春,谥号,忠武
瘦头陀,形象,身材臃肿又非常矮小
程灵素,民族,汉族
小昭,主要成就,为救张无忌被迫担任波斯明教教主
和珅,号,绿野亭主人
蒋四根,职业,红花会十三当家
灭绝师太,别名,方艳青（俗名）
洪安通,武功,化骨绵掌
林远图,主要成就,创建福建福威镖局
徐天川,所属组织,天地会青木堂
灵智上人,性别,男
慕天颜,主要作品,《抚吴封事》
史火龙,门派,丐帮
王重阳,民族,汉族
朱玫,民族,汉族
俞岱岩,主要成就,短期持有屠龙刀
彭连虎,特点,武功高强
钟万仇,别名,见人就杀
封万里,中文名,封万里
钱均夫,职业,文史专家
包不同,别名,包三先生
田伯光,门派,恒山派
李泰,代表作品,如意
刘一舟,中文名,刘一舟
孙婆婆,中文名,孙婆婆
吴立身,人物形象,虬髯汉子
殷梨亭,武功,天地同寿剑法
曲三,武功,劈空掌
苏菲亚,登场作品,《鹿鼎记》
张阿生,性别,男
觉远,年龄,五十岁左右（《神雕侠侣》初登场）
游坦之,门派,星宿派
茅十八,出生地,江北泰州
查品珍,性别,女
公冶乾,别名,公冶老二
黄蓉,性别,女
朱九真,朝代,元朝
张无忌,身份,明教第三十四代教主
张康年,职业,侍卫长
博尔术,性别,男
空闻,性别,男
张无忌,武功,圣火令神功
华筝,中文名,华筝
金庸,主要成就,香港文学创作终身成就奖
陆冠英,登场作品,《神雕侠侣》
王夫人,身份,美人
袁紫衣,门派,峨嵋派
拖雷,性别,男
劳德诺,武功,紫霞神功
鲁有脚,登场作品,金庸小说《射雕英雄传》
左子穆,门派,无量派东宗
司空玄,年龄,男
海大富,性别,男
闵子叶,身份,会友镖局总镖头
闵子华,性别,男
乔三槐,中文名,乔三槐
福康安,官职,军机大臣
查传倜,民族,汉族
段智兴,主要成就,渡化裘千仞
丁游,朝代,明朝
程灵素,结局,为救胡斐
一灯大师,身份,高僧一灯大师
田青文,身高,160 cm
灭绝师太,绝技,灭绝双剑
佟国纲,去世时间,公元1690年
仪和,登场作品,金庸小说武侠《笑傲江湖》
无嗔大师,主要成就,著有《药王神篇》
黄药师,别名,药兄
天山童姥,年龄,96
洪七公,修习武功,降龙十八掌
黄药师,登场作品,《神雕侠侣》及衍生作品
忽必烈,别名,元世祖
徐达,民族族群,[1]
纪晓芙,中文名,纪晓芙
侯通海,中文名,侯通海
武青婴,登场作品,《倚天屠龙记》
点苍渔隐,性别,男
许雪亭,中文名,许雪亭
南兰,登场作品,《飞狐外传》
黄药师,别名,东邪
任盈盈,别名,桃萼仙
尼摩星,退场时间,出场大概十六年后
彭连虎,别名,千手人屠
袁承志,居住地,西岳华山
察罕特穆尔,别名,汝阳王
陈近南,谥号,文正
吴六奇,所处时代,明朝
韦双双,登场作品,《鹿鼎记》
钟万仇,居住地,万劫谷
殷离,民族,汉族
范文程,官职,秘书院大学士
逍遥子,职业,企业家[1]
阿朱,别名,朱碧双姝（与阿碧合称）
胖头陀,教派,神龙教五龙门下
天山童姥,身份,天山缥缈峰灵鹫宫主人
杨过,别名,倪老子（杨过自称）
慕天颜,本名,慕天颜
掌钵龙头,年龄,五十多岁
鲁有脚,其他名称,鲁长老
曲傻姑,登场作品,《射雕英雄传》
胡一刀,主要成就,武艺高强
吕留良,所处时代,明末清初
陶红英,性别,女
谢逊,登场作品,《倚天屠龙记》
闵柔,国籍,中国
范文程,出生日期,1597年（万历二十五年）
华筝,身份,公主
苏星河,别名,聪辩先生
郭襄,才艺,画
胡斐,兵器,冷月宝刀
李泰,代表作品,因为爱情有幸福
韦小宝,主要成就,受封一等鹿鼎公 钦赐巴图鲁勇号 赐穿黄马褂 
林仲雄,中文名,林仲雄
佟国纲,旗籍,满洲镶黄旗
段正明,武功,段家剑法
戚芳,登场作品,《连城诀》
凌霜华,主要成就,每天换一盆菊花以慰丁典的苦楚
赵敏,中文名,赵敏
徐志摩,字,槱森
段正淳,登场作品,《天龙八部》
段正明,主要成就,将大理国皇位传给养侄段誉
卜沉,性别,男
公孙绿萼,容貌,眼神清澈
耶律燕,国籍,蒙古
金庸,职业,作家
鲜于通,武功,鹰蛇生死搏
洞玄,门派,仙都派
殷野王,民族,汉族
陈孤雁,性别,男
陶子安,性格,胆怯机诈
木婉清,别名,婉妹
商宝震,登场作品,《飞狐外传》
萧峰,参与战役,少室山武林群雄大会
阮星竹,登场作品,《天龙八部》
杨逍,已知武功,乾坤大挪移
孟伯飞,性别,男
陈正德,登场作品,《书剑恩仇录》
努尔哈赤,民族族群,满族
朱由榔,年号,永历（1647年）
焦公礼,人物出处,《碧血剑》
朱长龄,人物出处,《倚天屠龙记》
洪凌波,主要成就,点拨师妹陆无双
陶红英,年龄,四十来岁
阿碧,中文名,阿碧
乌老大,职务,七十二岛主之一
杨过,久居地,嘉兴
和珅,逝世日期,1799年2月22日
朱由榔,所处时代,南明
纪晓芙,门派,峨嵋派
陆冠英,别名,冠英
裘千尺,民族,汉族
丁典,别名,菊花剑客
耶律楚材,字号,号玉泉老人
宗维侠,中文名,宗维侠
陆无双,登场作品,《神雕侠侣》
绿竹翁,中文名,绿竹翁
归钟,中文名,归钟
旭烈兀,主要成就,建立伊利汗国
贝锦仪,别名,贝师妹
静玄师太,民族,汉族
忽必烈,出生日期,1215年9月23日
小昭,朝代,元朝
郭啸天,中文名,郭啸天
沐剑屏,别名,小老婆
小玄子,别名,爱新觉罗·玄烨
李秋水,轻功,凌波微步
小昭,别名,韩昭
符敏仪,作者,金庸
丁春秋,主要成就,自创化功大法
段正明,中文名,段正明
褚万里,登场作品,《天龙八部》
陈友谅,出生地,湖北沔阳（今仙桃市）
神照上人,特点,力大无穷
归辛树,武功,混元功
查传侠,中文名,查传侠
尼摩星,身份,忽必烈麾下武士
蒋四根,兵刃,铁桨打横
柯镇恶,中文名,柯镇恶
樊一翁,居住地,绝情谷
任盈盈,主要成就,继任日月神教教主
石破天,性别,男
王元霸,职业,金刀门掌门人
包惜弱,别名,王妃
韦小宝,主要成就,擒鳌拜
全金发,武功,开山掌法
蒋英,代表作品,合译有《肖邦传》
张无忌,武器,倚天剑
任盈盈,主要成就,杀杨莲亭以乱其心
一灯大师,法号,一灯大师
于万亭,登场作品,《书剑恩仇录》
王元霸,登场作品,《笑傲江湖》
韦小宝,身份,神龙教白龙使
康广陵,性别,男
常遇春,官职,中书平章军国重事
李秋水,绝技,传音搜魂
段正明,民族,白族
谭婆,其他名称,小娟
韦双双,性别,女
甘宝宝,出场章回,《天龙八部》第二章
黄蓉,出生地,东海桃花岛（浙江舟山）
柯镇恶,登场作品,《射雕英雄传》
任盈盈,年龄,十八岁
赵敏,曾用兵器,倚天剑
博尔术,出生地,蒙古草原
点苍渔隐,特点,力大无比
张三丰,字,君宝
赵敏,代表之花,玫瑰
岳灵珊,年龄,死时20岁
史火龙,登场作品,《倚天屠龙记》
华赫艮,官职,兼右丞相。
洪胜海,朝代,明朝
建宁公主,中文名,爱新觉罗·建宁
段正明,出生地,大理
张阿生,登场作品,《射雕英雄传》
觉远,身份,少林寺藏经阁管理书籍的和尚
韦小宝,身份,天地会青木堂香主
殷天正,武功,天鹰剑法
香香公主,地位,金庸笔下第一美女
博尔术,出生日期,1162年
和珅,主要成就,[1]
蒋四根,兵刃,桨尾向右横挡
林乐怡,别名,金迷称“小龙女”
卜沉,中文名,卜沉
狄云,登场作品,《连城诀》
马夫人,民族,汉族
阿朱,别名,阿朱姐姐
兆惠,官职,兵部郎中
石清,中文名,石清
平一指,中文名,平一指
阿朱,身份,大理国郡主
阿青,其他名称,牧羊女
努尔哈赤,庙号,太祖（追尊）
朱聪,中文名,朱聪
张无忌,生日,1337年
阿碧,性格,观之可亲
穆人清,中文名,穆人清
陈玄风,性别,男
任盈盈,主要成就,统领群豪绿竹巷邂逅令狐冲
一灯大师,名号,“五绝”之南帝
卫春华,登场作品,《书剑恩仇录》
耶律洪基,年号,大康（1075年）
血刀老祖,武器,血刀
孙不二,出生日期,1119年
木岛主,登场作品,《侠客行》
李可秀,朝代,清朝
关明梅,登场作品,《书剑恩仇录》
陆无双,兵器,银弧刀
李沅芷,武功,柔云剑法
博尔术,所处时代,蒙元
慕天颜,出生地,甘肃静宁
朱九真,中文名,朱九真
段正明,主要成就,为了请黄眉僧解救段誉而免除大理国的盐税
杜百当,中文名,杜百当
朱玫,国籍,中国
南希仁,武功,南山拳法
刘乘风,别名,柔云剑
公孙止,出生地,绝情谷
血刀老祖,其他名称,血刀僧
蒋四根,兵刃,猛向周仲英砸来墓境
陈玄风,登场作品,《射雕英雄传》
段正严,别名,段和誉
李青萝,爱好,但茶品低劣
谭公,相关庙宇,澳门路环谭公庙
关明梅,性别,女
萧远山,身份,[1]
华筝,别名,华筝公主
归辛树,中文名,归辛树
周芷若,登场回目,第十一章（幼年）；第十七章（成年）
班淑娴,身份,昆仑派掌门铁琴先生何太冲的正室
张无忌,登场作品,第11回到第40回登场）
吴道通,中文名,吴道通
马光佐,登场作品,《神雕侠侣》
康广陵,其他名称,琴颠
云中鹤,代表作品,翡冷翠的一夜
觉远,登场作品,《倚天屠龙记》
赵敏,身份,汝阳王之女
和珅,别名,和珅
石中玉,登场作品,《侠客行》
刘正风,别名,刘三
玄苦,身份,少林得道高僧
潇湘子,性别,男
岳老三,兵器,鳄嘴剪
潇湘子,职业,忽必烈帐下高手
徐达,爵位,信国公
枭道人,生日,未知
莫大,身份,衡山派掌门
查品珍,逝世日期,1938年
忽必烈,主要成就,首创行省制度
朱长龄,中文名,朱长龄
霍都,国籍,蒙古帝国
博尔术,主要成就,大蒙古国四杰之一
白自在,身份,雪山派掌门
乔峰,年龄,三十三岁（享年）
夏雪宜,性别,男
桑结,性别,男
程瑶迦,中文名,程瑶迦
石清,职业,侠客
蓝凤凰,别名,好妹子
萧远山,登场作品,《天龙八部》
宝象,性别,男
蒋英,逝世日期,2012年（壬辰年）2月5日（农历正月十四）
鳌拜,民族,满族
王重阳,主要成就,创立全真教在华山论剑夺得天下第一重创西毒
苗若兰,中文名,苗若兰
司空玄,中文名,司空玄
黛绮丝,中文名,黛绮丝
常遇春,追赠,翊运推诚宣德靖远功臣
张君宝,主要成就,振兴道教
杨逍,已知武功,弹指神通
易三娘,性别,女
兆惠,官职,户部侍郎
徐天川,别名,八臂猿猴
和珅,官职,总管内务府大臣等
朱由榔,主要成就,西南抗清
殷天正,信仰,明教
多尔衮,庙号,成宗（顺治七年追封
赵敏,登场地点,玉门关甘凉大路柳树下
安小慧,民族,汉族
枭道人,年龄,未知
建宁公主,登场作品,《鹿鼎记》
陈孤雁,门派,丐帮
胡一刀,主要成就,可与天下第一的苗人凤一战
穆里玛,中文名,瓜尔佳.穆里玛
李明,中文名,李明
田归农,性别,男
杨成协,出生地,汉族
岳老三,兵器,鳄尾鞭
静玄师太,国籍,中国
王进宝,出生时间,1626年
程灵素,结局,牺牲自己替他啜毒而死
韦小宝,出生地,扬州
朱子柳,武器,判官笔
张翠山,别名,张五侠
何铁手,武功,华山派正邪两大派的武功
小龙女,武器,淑女剑
阿碧,登场作品,《天龙八部》
封万里,登场作品,《侠客行》
鲜于通,民族,汉族
朱子柳,专长,多种语言
公孙绿萼,容貌,嘴边有粒小黑痣
茅十八,所处时代,清朝
徐天宏,中文名,徐天宏
蕊初,性别,女
沐剑声,身份,锄奸盟云南省云南省盟主
沙通天,武功,铁桨
宗维侠,登场作品,《倚天屠龙记》
焦公礼,别名,铁背金鳌
贝海石,主要成就,抵挡帮会灭门大祸。
黄药师,名号,“天下五绝”之“东邪”
焦木和尚,别名,焦木大师
余沧海,中文名,余沧海
小龙女,国籍,南宋
灭绝师太,武功境界,江湖一流
俞岱岩,信仰,道教
游坦之,中文名,游坦之
澄观,主要作品,《华严经疏钞》
花铁干,电视剧结局,最终死于狄云之手
耶律齐,登场作品,《神雕侠侣》
朱玫,别名,[2]
全金发,别名,闹市侠隐
长平公主,所处时代,清朝初期
柯镇恶,兵器,铁菱
贝锦仪,国籍,中国
尹克西,武器,金龙鞭
冯默风,门派,桃花岛
张无忌,武功,乾坤大挪移
曲三,性别,男
觉远大师,中文名,觉远
云中鹤,主要成就,成立新月社
贝锦仪,兵器,长剑
陆菲青,别名,陆高止
慕容复,居住地,姑苏燕子坞参合庄
苗人凤,身高,180 cm
李彧,代表作品,钦差大臣
桑土公,性别,男
鳌拜,主要成就,跟随清太宗皇太极攻察哈尔部
穆旦,祖籍,浙江省海宁市袁花镇
洪安通,武功,英雄三招等
武青婴,年龄,十七八岁
欧阳克,兵器,铁扇
梦姑,别名,梦姑
无嗔大师,性别,男
梁自进,国籍,中国
穆人清,别名,神剑仙猿
殷野王,所处时代,元末
胡一刀,民族,汉族
祖千秋,登场作品,《笑傲江湖》
梁自进,出处,《侠客行》
完颜洪熙,别名,完颜讹鲁不
梅念笙,主要成就,练成“连城剑法”
黄蓉,身份,东海桃花岛黄岛主的女儿
鳌拜,逝世日期,1669年
周芷若,代表之花,晓露水仙
郭襄,中文名,郭襄
兆惠,军职,镶红旗护军统领
狄云,防身,乌蚕衣
黄蓉,主要武功,玉箫剑法等
天竺僧,性别,男
澄观,身份,佛教华严宗四祖
石清,门派,上清观
冯蘅,中文名,冯蘅
袁士霄,别名,天池怪侠
殷天正,职业,天鹰教教主
桑结,其他名称,桑结喇嘛
杨过,民族,汉族
澄观,主要成就,祖述师说
关安基,职业,天地会堂主
拖雷,主要成就,大蒙古国监国
乔峰,别名,展开
陆菲青,身份,武当派掌门人
武敦儒,登场作品,《神雕侠侣》
长平公主,别名,长平公主
博尔术,别名,孛儿楚
多尔衮,封爵,和硕睿亲王
乔峰,别名,乔大爷（阿朱称）
一灯大师,家族,大理段氏
胡夫人,民族,华夏
聂卫平,主要成就,1999年新中国棋坛十大杰出人物
说不得,身份,明教五散人之一
曾柔,登场作品,《鹿鼎记》
徐志摩,笔名,南湖
周伯通,别名,中顽童
贝锦仪,身份,峨嵋派第四代弟子
蒋四根,兵刃,武功疯魔杖法
蒋英,性别,女
史红石,登场作品,《倚天屠龙记》
史红石,别名,史妹妹
逍遥子,出生地,上海
于人豪,中文名,于人豪
公孙绿萼,容貌,眉目清雅
华筝,别名,华筝妹子
段延庆,别名,延庆太子
宋青书,别名,玉面孟尝
周颠,出生地,建昌（今江西永修）
公孙绿萼,容貌,自有一股清灵之气。
殷离,朝代,元朝
樊一翁,别名,长须鬼
李秋水,中文名,李秋水
乔峰,中文名,萧峰
华筝,别名,豁真
杨莲亭,性别,男
裘千丈,职业,戏法师
蒙哥,谥号,元桓肃皇帝（追尊）
沙通天,绝技,移形换位
朱由检,性别,男
阿碧,门派,逍遥派
旭烈兀,出生日期,1217年
方怡,出生地,云南
慕容复,中文名,慕容复
澄观,主要成就,中兴华严
林乐怡,中文名,林乐怡
傅思归,中文名,傅思归
刘正风,中文名,刘正风
南海鳄神,其他名称,凶神恶煞
小龙女,民族,汉族
包惜弱,性别,女
福康安,主要成就,驱逐廓尔喀
小龙女,登场作品,《神雕侠侣》
韩宝驹,所属组织,江南七怪
赵敏,封号,绍敏郡主
康广陵,门派,逍遥派
穆人清,身份,华山派掌门
马光佐,国籍,中国
觉远大师,性别,男
蓝凤凰,登场作品,《笑傲江湖》
张君宝,本名,张君宝
多尔衮,逝世日期,顺治七年十二月初九日（1650年12月31日）
胡逸之,登场作品,《鹿鼎记》
公孙绿萼,民族,汉族
多尔衮,出生日期,万历四十年十月二十五日（1612年11月17日）
金轮法王,门派,密教金刚宗
鹤笔翁,性别,男
慕容复,登场作品,《天龙八部》
裘千尺,主要成就,武功绝技铁掌
周颠,所处时代,明朝
阿朱,国籍,大理国
茅十八,别名,十八哥
郭啸天,武功,啸转天地
蒋四根,兵刃,铁桨武功疯魔杖法特点力大
常遇春,封爵,鄂国公
钟灵,登场作品,《天龙八部》
小龙女,所习武功,《九阴真经》
朱元璋,年号,洪武
胡一刀,国籍,中国
关明梅,别名,雪雕
段正淳,中文名,段正淳
李泰,身高,183 cm
王夫人,谥号,孝景皇后
神照上人,登场作品,《鹿鼎记》
灭绝师太,中文名,灭绝师太
云中鹤,字,槱森
任盈盈,主要成就,统领群豪
福康安,逝世日期,1796年7月2日
丁春秋,毒药,虫毒
吕留良,本名,吕留良
徐志摩,派系,新月派
扫地僧,别名,无名老僧
百草仙,中文名,百草仙
石万嗔,中文名,石万嗔
曲三,武功,铁八卦
曲三,中文名,曲灵风
花铁干,书中结局,天宁寺中毒而亡
喀丝丽,出生地,新疆
范遥,登场作品,《倚天屠龙记》
尹志平,登场作品,神雕侠侣
乔峰,职位,大宋丐帮帮主
裘千尺,出场目次,30
俞岱岩,登场作品,《倚天屠龙记》
胡逸之,其他名称,美刀王
林平之,年龄,19-21岁
耶律齐,民族,契丹族
小龙女,武器,玉蜂针
多隆,性别,男
小龙女,中文名,小龙女
史红石,第一次登场,第33章　箫长琴短衣流黄
陆展元,逝世日期,1223年
努尔哈赤,陵寝,福陵
石清,职业,玄素庄主
觉远大师,身份,少林寺藏经阁管理书籍的和尚
梅念笙,出生地,湘江
蒙哥,本名,孛儿只斤·蒙哥
马光佐,武器,熟铜棍
一灯大师,身份,大理宣宗皇帝
达尔巴,主要成就,杀死霍都替师父报仇
云中鹤,逝世日期,1931年11月19日
萧远山,身份,辽国珊军总教头
赵钱孙,结局,被萧远山所杀
和珅,所处时代,清朝
冯默风,登场作品,《神雕侠侣》
说不得,别名,布袋和尚
岳不群,修习武功,紫霞神功
蒋四根,性别,男
蒙哥,主要成就,派旭烈兀远征
马光佐,特点,天生神力
梁子翁,结局,堕入万丈深谷之中摔死
殷梨亭,别名,武当七侠
鲁有脚,门派,丐帮
南兰,中文名,南兰
郭襄,信物,玄铁指环
乌老大,武功,乌鸦刀
殷梨亭,出生日期,1319年
朱由检,出生地,顺天府大兴县（今北京市东城区）
陈孤雁,身份,丐帮四大长老之一
凌霜华,性别,女
吕留良,民族族群,汉族
天竺僧,登场作品,金庸武小说《神雕侠侣》
多隆,别名,多大哥（韦小宝专用）
胡一刀,别名,黑面神
李莫愁,执念,《玉女心经》
胡青羊,性别,女
白万剑,门派,雪山派
多尔衮,所处时代,清朝
程瑶迦,登场作品,《射雕英雄传》
冷谦,字号,道号龙阳子
刚相,登场作品,《倚天屠龙记》
谢烟客,性别,男
上官虹,性别,女
蒙哥,主要成就,派忽必烈灭大理
武烈,中文名,武烈
汤沛,性别,男
张无忌,武功,九阳神功
朱子柳,中文名,朱子柳
孟伯飞,别名,盖孟尝
何足道,性别,男
陈家洛,帮会,红花会
张无忌,门派,武当派
赵良栋,爵位,一等伯爵
忽必烈,所处时代,大蒙古国（元朝）
袁士霄,登场作品,《书剑恩仇录》
崔百泉,登场作品,天龙八部
公孙绿萼,别名,绿萼
商宝震,身份,山东武定县商家堡的堡主
金花婆婆,别名,紫衫龙王
张翠山,结局,自刎于武当山
朱九真,登场作品,《倚天屠龙记》
王进宝,官职,陕西提督
慕容博,国籍,北宋
拖雷,庙号,元睿宗（追尊）
拓跋宏,主要成就,分明姓族
孙婆婆,登场作品,《神雕侠侣》
陆冠英,性别,男
段延庆,中文名,段延庆
洪安通,登场作品,《鹿鼎记》
瘦头陀,门派,神龙教
石破天,居處,豫西盧氏縣東熊耳山「枯草嶺」
向问天,别名,天王老子
郭襄,别名,襄儿
史火龙,中文名,史火龙
封万里,性别,男
张三丰,本名,张君宝
段正严,民族族群,白族
聂卫平,主要成就,1988-90年新体育杯冠军
田归农,身份,天龙门北宗掌门
穆里玛,旗籍,满洲镶黄旗
公孙绿萼,结局,香消玉殒
聂卫平,中文名,聂卫平
褚万里,中文名,褚万里
梁自进,中文名,梁自进
慕容复,性别,男
查传诗,职业,编辑
程英,性别,女
赵敏,朝代,元末明初
范文程,民族族群,汉族
穆旦,逝世日期,1977年2月26日
陆天抒,登场作品,《连城诀》
薛慕华,性别,男
岳灵珊,性别,女
仪琳,武功,恒山派剑法
陆天抒,武器,鬼头刀
一灯大师,主要成就,“天下五绝”之一
张三丰,别名,张通
杨过,主要成就,击毙蒙古大汗蒙哥
石清,登场作品,《侠客行》
阿朱,曾受重伤,降龙十八掌掌伤
郭襄,武功,峨嵋九阳功
孙仲君,中文名,孙仲君
胡青牛,别名,蝶谷医仙
阳夫人,性别,女
陆大有,登场作品,《笑傲江湖》
忽必烈,庙号,元世祖
无尘道长,门派,红花会
霍青桐,年龄,19岁
鳌拜,职业,太子太傅
杨莲亭,登场作品,《笑傲江湖》
公冶乾,时代,北宋
司空玄,登场作品,天龙八部
蒋四根,兵刃,忽地一人纵上前来
李彧,代表作品,魔幻手机2傻妞归来
谢逊,性别,男
冯蘅,主要成就,默写九阴真经
陆菲青,武功,「柔云剑法」
任盈盈,主要成就,身为日月神教圣姑
钟灵,别名,灵儿
张三丰,出生地,辽东懿州
尼摩星,别名,矮黑炭
云中鹤,出生地,浙江省海宁市
小玄子,性别,男
蒙哥,主要成就,招降吐蕃
商宝震,性别,男
多尔衮,主要成就,率军入关
多尔衮,主要成就,征战漠南蒙古与李氏朝鲜
林仲雄,性别,男
杨逍,朝代,元朝
萧远山,人物结局,随扫地僧出家
归二娘,别名,三只乌龟（韦小宝专用）
殷梨亭,门派,武当派
乔峰,别名,乔帮主
耶律洪基,民族族群,契丹族
柯镇恶,招数,秦王鞭石
完颜洪熙,民族,女真
李沅芷,年龄,十四五岁
朱由检,民族族群,汉族
瑞栋,中文名,瑞栋
韩千叶,性别,男
完颜洪烈,登场作品,《射雕英雄传》
余鱼同,法号,空色
石清,别名,石庄主
司空玄,门派,灵鹫宫
郭芙,主要成就,捍卫家人
冯默风,其他名称,冯铁匠
乌老大,兵器,绿波香露刀
天门道人,结局,与青海一枭同归于尽
拓跋宏,年号,承明（476年-477年）
洪七公,别名,洪老前辈
李彧,职业,演员
余鱼同,出生地,浙江
拓跋宏,主要成就,大兴儒学
简长老,性别,男
人厨子,代表作品,《神雕侠侣》
阳顶天,朝代,元朝
宋远桥,门派,武当派
扫地僧,登场作品,《天龙八部》
玄苦,门派,少林派
贝锦仪,主要成就,救过杨不悔
洪七公,别名,洪帮主
无崖子,门派,逍遥派
朱聪,武功,分筋错骨手
李泰,语种,赣语
公孙绿萼,容貌,更增俏丽
贝锦仪,民族,汉
袁士霄,主要成就,书剑第一高手
陈近南,主要成就,东宁总制使 创办天地会
徐天宏,性别,男
陈友谅,主要成就,起兵反元
朱长龄,出场目次,16回
胡青牛,登场作品,《倚天屠龙记》
贝海石,登场作品,《侠客行》
陆乘风,登场作品,《射雕英雄传》
沐剑屏,性别,女
徐天宏,门派,红花会
黄蓉,别名,蓉儿
鲁有脚,成就,做丐帮长老
南海鳄神,居所,南海
慕容博,身份,大燕王孙
风清扬,性别,男
梅念笙,职业,侠客
左子穆,性别,男
裘千尺,出场目次,31
冯蘅,才华,冰雪聪明
石破天,别名,大粽子
万圭,出场目次,4
赵良栋,谥号,襄忠
张君宝,主要作品,《大道论》《玄要篇》《无根树》《打坐歌》《玄机直讲》
郭啸天,侄媳兼义侄女,穆念慈
林朝英,登场作品,《神雕侠侣》
刘一舟,武功,沐家拳
陈玄风,中文名,陈玄风
黄蓉,武器,打狗棒
华赫艮,别名,华大哥
曾柔,中文名,曾柔
和珅,主要成就,位列紫光阁功臣
陈友谅,出生日期,1320年
李明,特长,主持
徐达,官职,太傅
觉远大师,别名,觉远大师
陈孤雁,其他名称,长臂叟
凌霜华,结局,其被凌退思活埋
王语嫣,主要成就,指点群豪戏
甘宝宝,别名,钟夫人
耶律楚材,出生地,燕京
澄观,俗姓,夏侯
韦小宝,门派,铁剑门
潇湘子,身份,湘西名宿
焦木和尚,登场作品,《射雕英雄传》
南海鳄神,组织,四大恶人
公孙绿萼,容貌,肤色白里泛红
阿朱,民族,大理汉族
青灵子,中文名,青靈子
天山童姥,门派,逍遥派
万圭,身份,富家公子
刘一舟,结局,被韦小宝借吴三桂之手除掉
福康安,主要成就,镇压林爽文起义
蒋四根,兵刃,乃红花会中排名第十三的“铜头鳄鱼”蒋四根。周仲英见他力大
陈圆圆,本名,邢沅
康广陵,中文名,康广陵
汤沛,中文名,汤沛
段正严,主要作品,《琴谱》一卷
耶律洪基,陵墓,庆陵
天鸣方丈,别名,老方丈
老不死,登场作品,《笑傲江湖》
南海鳄神,其他名称,岳老三
温方山,中文名,温方山
徐达,本名,徐达
万圭,出场目次,10
掌钵龙头,身份,丐帮九袋长老
宝树,别名,宝树
何铁手,门派,华山派
旭烈兀,主要成就,征服西南亚
郭芙,身份,桃花岛少岛主
南希仁,登场作品,《射雕英雄传》
风清扬,登场作品,《笑傲江湖》
华筝,出生地,蒙古草原
苗若兰,别名,兰儿
谢逊,武器,双头狼牙棒
徐达,出生地,[1]
黛绮丝,登场作品,《倚天屠龙记》
段正严,谥号,宣仁帝
张阿生,绝技,铁布衫
吴六奇,主要成就,保土安民
多隆,民族,满族
谢烟客,中文名,谢烟客
武三通,绝技,一阳指
李明,体重,65 公斤
卫春华,七哥,徐天宏
老不死,别名,老姑娘
天门道人,职务,泰山派掌门
彭连虎,中文名,彭连虎
徐达,官职,太子少傅等
凌退思,中文名,凌退思
谢逊,武器,屠龙刀
李青萝,宠物,醉人蜂
田归农,中文名,田归农
凌退思,毒药,金波旬花
马夫人,事迹,与白世镜合谋杀害马大元
段正严,本名,段正严
杨铁心,中文名,杨铁心
无尘道长,身份,红花会二当家
鹿清笃,小说门派,全真教
桑土公,登场作品,《天龙八部》
周芷若,代表之花,春睡海棠
马夫人,事迹,伙同全冠清和徐长老揭穿乔峰身世
青灵子,性别,男
李青萝,国籍,北宋
徐达,字,[1]
阳夫人,别名,柳芯茹（2003版电视剧《倚天屠龙记》）
陈圆圆,字号,畹芳
焦宛儿,中文名,焦宛儿
杨康,性别,男
长平公主,所处时代,明朝晚期
殷天正,出生日期,1280年
掌钵龙头,中文名,掌钵龙头
谢逊,门派,明教
鸠摩智,职业,吐蕃国师
杨不悔,民族,汉族
侍剑,登场作品,《侠客行》
简长老,登场作品,《射雕英雄传》
丁敏君,登场作品,《倚天屠龙记》
任我行,主要成就,梅庄比剑
丁典,别名,丁大侠
陆冠英,登场作品,《射雕英雄传》
莫大,别名,潇湘夜雨
谢逊,中文名,谢逊
陆天抒,中文名,陆天抒
灭绝师太,绝技,峨嵋剑法
木高峰,性别,男
鸠摩智,中文名,鸠摩智
陆冠英,别名,少庄主
余鱼同,主要成就,救助红花会四当家文泰来 考取过秀才
玄慈,身份,少林寺方丈
无根道人,别名,赤龙使
徐达,爵位,中山王（赠）
袁紫衣,武功,鹰爪功
陆菲青,門派,武当派
刘一舟,隶属,云南沐王府
黄药师,主要成就,解襄阳之围
徐志摩,代表作品,再别康桥翡冷翠的一夜
张阿生,特长,刀法
侍剑,性别,女
武三通,民族,白族
陈友谅,在位,1360年-1363年
天鸣方丈,登场作品,《倚天屠龙记 》
掌钵龙头,门派,丐帮
凌霜华,国籍,中国
段延庆,登场作品,《天龙八部》
桑结,登场作品,《鹿鼎记》
玉真子,登场作品,《碧血剑》
班淑娴,中文名,班淑娴
吴立身,中文名,吴立身
徐志摩,笔名,章垿等
兆惠,军职,正黄旗副都统
宁中则,剑法,无双无对宁氏一剑
谭公,尊称,海神
吴六奇,民族族群,客家人
周芷若,身份,峨嵋派第四代掌门
武烈,出自,《后汉书·冯衍传上》
殷天正,逝世日期,1358年
沐剑声,身份,没落贵族沐王府的领袖
包惜弱,结局,杨铁心自杀后
佟国纲,官职,安北将军
郭芙,血统,郭门义士后代
瑞栋,别名,瑞侍卫
瘦头陀,性别,男
钱均夫,出生地,浙江杭州
朱丹臣,别名,笔砚生
静照,门派,峨眉
公孙绿萼,语种,汉语
耶律楚材,字号,湛然居士
刘一舟,登场作品,《鹿鼎记》
茅十八,相关事件,带韦小宝到北京
王进宝,爵位,一等子爵
欧阳锋,别名,锋兄
摘星子,年龄,二十七八岁
钱均夫,民族,汉族
钱永刚,中文名,钱永刚
鸠摩智,性别,男
梅超风,性别,女
水岱,中文名,水岱
蒋百里,异名,百里　公時　jiang fangzhen　澹宁　飞生　Po-li　Chiang Fang-chen　Chiang Fang-chên　
金庸,代表作品,雪山飞狐
任我行,主要成就,梅庄比剑、少林三战
邓炳春,登场作品,《鹿鼎记》
蒋四根,国籍,清朝
耶律楚材,本名,耶律楚材
一灯大师,久居地,桃源
冷谦,主要作品,《琴声十六法》等
武三通,身份,一灯大师弟子
周伯通,特技,养蜂术
陆菲青,門派,屠龙帮
程灵素,主要成就,养成七心海棠
不戒和尚,门派,恒山派
玄寂,中文名,玄寂
易三娘,中文名,易三娘
沐剑屏,中文名,沐剑屏
洪安通,性别,男
范遥,主要成就,忍辱负重
曲洋,中文名,曲洋
张阿生,别名,张五侠
温青青,性别,女
曲灵风,性别,男
觉远大师,门派,少林寺
青灵子,門派,「昆仑派」掌门人
苗若兰,年龄,16
佟国纲,官职,镶黄旗汉军都统
乔峰,别名,萧大侠
焦木和尚,民族,汉
兆惠,所处时代,清朝
石双英,七哥,徐天宏
莫大,中文名,莫大
曲非烟,其他名称,非非
耶律楚材,别名,耶律文正
游坦之,门派,聚贤庄
蒙哥,在位时间,1251年7月1日—1259年8月11日
沐剑声,年龄,二十五
玄苦,登场作品,《天龙八部》
田青文,中文名,田青文
无崖子,武功绝学,「小无相功」等
黄药师,别名,黄老邪
欧阳锋,名号,“天下五绝”之“西毒”
徐达,别名,徐天德
谭婆,登场作品,《天龙八部》
金庸,代表作品,射雕英雄传
邓百川,专长,内力
武青婴,别名,雪岭双姝（与朱九真合称）
阿碧,性格,温婉动人
杜治芬,别名,杜四娘
郭芙,宝物,软猬甲
凌退思,结局,抢夺梁武帝宝藏时
殷天正,中文名,殷天正
公孙绿萼,年龄,十八岁
尼摩星,性情,勇悍
余鱼同,兵器,金笛
白万剑,中文名,白万剑
王重阳,主要成就,领兵抗金
林远图,主要成就,以“辟邪剑法”驰名江湖
无根道人,中文名,无根道人
拓跋宏,主要成就,改革吏治
石破天,别名,史亿刀
天竺僧,中文名,天竺僧
长平公主,封号,坤兴公主
拖雷,别名,也可那颜
劳德诺,性别,男
阿朱,出场地,苏州
卫璧,朝代,元朝
蓝凤凰,中文名,蓝凤凰
查传诗,中文名,查传诗
袁冠南,代表作品,【仁者无敌】
金花婆婆,登场作品,《倚天屠龙记》
张无忌,中文名,张无忌
段智兴,法号,一灯大师
公孙绿萼,生辰,二月初三
海大富,别名,老乌龟（韦小宝称）
花铁干,武功,鹰爪功
仪和,性别,女
包惜弱,结局,为丈夫殉情而死
陈圆圆,民族族群,汉人
耶律楚材,字号,字晋卿
狄云,兵器,血刀
丁典,性别,男
卫春华,身份,红花会九当家
黄蓉,身份,第十九代丐帮帮主
崔百泉,别名,金算盘
陆天抒,别名,仁义陆大刀
蒋四根,中文名,蒋四根
赵敏,经典场面,濠州抢婚
陶子安,民族,汉族
傅思归,国籍,大理
金庸,代表作品,天龙八部
查良璇,中文名,查良璇
血刀老祖,武功,血刀经
木岛主,民族,汉
公冶乾,登场作品,《天龙八部》
小玄子,中文名,小玄子
殷梨亭,民族,汉
纪晓芙,登场作品,《倚天屠龙记》
徐达,本名,[1]
华筝,国籍,蒙古帝国
阮星竹,别名,阿星
郭芙,别名,芙儿
海大富,登场作品,《鹿鼎记》
吴立身,别名,摇头狮子
霍都,绝技,狂风迅雷功
胡桂南,中文名,胡桂南
吕留良,字号,一字用晦
洪七公,别名,九指神丐
蒋四根,门派,红花会
朱元璋,出生地,濠州钟离（今安徽凤阳）[15]
于人豪,年龄,登场时约23
司空玄,门派,神农帮
阿九,别名,独臂神尼
九难,年龄,三十来岁（鹿鼎记）
程灵素,爱好,各种草药
朱由检,字,德约
谭公,相关庙宇,筲箕湾谭公庙
郭芙,身份,郭家军将领
韦双双,别名,小小桂子
任盈盈,主要成就,修好各派
吴之荣,职业,官员
郭芙,拥有地产,桃花岛
乌老大,别名,乌鸦
宝树,民族,汉族
劳德诺,中文名,劳德诺
张康年,登场作品,《鹿鼎记》
拖雷,本名,孛儿只斤·拖雷
武敦儒,朝代,南宋
旭烈兀,逝世日期,1265年2月8日
耶律洪基,字,涅邻
王夫人,陵墓,阳陵
程灵素,爱好,七心海棠
多尔衮,本名,爱新觉罗·多尔衮
朱玫,出生日期,1935年
陆立鼎,登场作品,金庸经典武侠小说《神雕侠侣》
杨过,登场作品,《神雕侠侣》
冷谦,主要作品,《太古遗音》
方怡,性别,女
洪凌波,性别,女
张无忌,别名,曾阿牛
司空玄,作者,金庸
云中鹤,民族,汉族
孙不二,出生地,金代宁海（今山东牟平)
周芷若,别名,芷若
李明,出生日期,1966年9月11日
任盈盈,主要成就,夺旗挫敌杀杨莲亭以乱其心
郭啸天,出生地,山东
丁春秋,毒药,腐尸毒
木岛主,国籍,中国
周芷若,中文名,周芷若
关安基,民族,汉
莫大,爱好,拉二胡
玄寂,称号,八大神僧之一
贝海石,门派,长乐帮
冷谦,职业,道士
血刀老祖,登场作品,《连城诀》
黄蓉,主要武功,打狗棒法
洪凌波,门派,古墓派
樊一翁,性别,男
公冶乾,中文名,公冶乾
褚万里,兵器,一支鱼杆
尹克西,身份,蒙古三杰之一
朱聪,所属组织,江南七怪
南海鳄神,兵器,鳄尾鞭
石清,性别,男
韩宝驹,武功,金龙鞭法
查品珍,国籍,中国
朱元璋,谥号,开天行道肇纪立极大圣至神仁文义武俊德成功高皇帝[16]
南海鳄神,登场作品,《天龙八部》
唐文亮,民族,汉族
黄蓉,主要武功, 落英神剑掌
朱长龄,武功,一阳指
梅超风,登场作品,《射雕英雄传》
徐天川,性别,男
史火龙,武功,打狗棒法
陈圆圆,别名,陈圆圆
段誉,年龄,19岁（登场）23岁（登帝）
上官虹,登场作品,《白马啸西风》
白世镜,武器,破甲锥
赵敏,曾用兵器,圣火令
耶律洪基,别名,耶律查剌
金庸,主要成就,法国文化部法国艺术及文学司令勋衔
灭绝师太,绝技,四象掌等
耶律重元,结局,起兵失败自杀
耶律洪基,主要作品,《清宁集》
欧阳锋,性别,男
焦公礼,出场目次,9
公冶乾,别名,江南第二
阿九,别名,朱媺娖
陶红英,身份,清宫宫女
李秋水,年龄,88
兆惠,逝世日期,1764年
慕天颜,官职,漕运总督
耶律洪基,性别,男
灭绝师太,性别,女
枯荣长老,小说作者,金庸
朱由榔,别名,明昭宗
努尔哈赤,谥号,承天广运圣德神功肇纪立极仁孝睿武端毅钦安弘文定业高皇帝（初谥武皇帝）
朱子柳,国籍,大理国
赵敏,喜好,生性好武
骆冰,登场作品,《书剑恩仇录》和《飞狐外传》以及两者的衍生作品
李泰,代表作品,因为爱情有多美
丁不四,别名,一日不过四
赵敏,曾用兵器,金钗
水岱,轻功,登萍渡水
郭襄,信物,倚天剑
余鱼同,所属组织,红花会
鲁有脚,成就,丐帮帮主
程英,别名,程姑娘
小龙女,久居地,绝情谷底
苗若兰,出场作品,《雪山飞狐》
王重阳,职业,全真教掌门
穆人清,登场作品,《碧血剑》
金庸,主要成就,香港大紫荆勋章
陈家洛,民族,汉族
李明,民族,汉族
阳顶天,民族,汉族
刚相,中文名,刚相
朱元璋,主要作品,御制皇陵碑大诰御制纪非录皇明祖训明太祖宝训
乔峰,职位,大辽南院大王（楚王）
无嗔大师,中文名,无嗔大师
许雪亭,登场作品,《鹿鼎记》
焦公礼,逝世日期,1643年
杨逍,中文名,杨逍
尹志平,中文名,尹志平
范遥,特点,各家武功招数渊博
博尔术,本名,阿儿剌·博尔术
常遇春,主要成就,上都之战
慕容博,武功,参合指等
田伯光,轻功,倒睬三叠云
常遇春,出生地,凤阳府怀远县（今安徽省怀远县）
钱均夫,职业,教育家
静照,事迹,曾在少林寺奉周芷若之命暗杀谢逊
归辛树,别名,归二爷
黄蓉,门派,桃花岛
点苍渔隐,身份,原大理国水军都督
胡夫人,代表作品,《雪山飞狐》
茅十八,门派,五虎断刀门
觉远大师,登场作品,《倚天屠龙记》
花铁干,武功,岳家散手
温仪,居住地,华山上的一个山洞
阳顶天,身份,明教第三十三代教主
云中鹤,笔名,诗哲
耶律楚材,主要成就,辅佐成吉思汗及其子孙
王元霸,中文名,王元霸
云中鹤,职位,北京大学教授
孙不二,字号,清静散人
灭绝师太,武器,倚天剑
鸠摩智,武功,小无相功
郭芙,强项,酒量
朱丹臣,擅长,书画
包不同,口头禅,非也
石双英,人物出处,《书剑恩仇录》
玄寂,门派,少林寺
鳌拜,国籍,清朝
吕留良,逝世日期,1683年
柯镇恶,招数,金刚护法
小龙女,别名,龙姊姊
袁冠南,职业,侠客
常遇春,主要成就,攻破大都
觉远大师,朝代,南宋
蒋四根,兵刃,铁桨
蒙哥,民族族群,蒙古族
包惜弱,登场作品,《射雕英雄传》
莫声谷,去世时间,1357年
陶百岁,国籍,清朝
祖千秋,别名,祖宗
杨莲亭,中文名,杨莲亭
殷梨亭,职业,侠客
李西华,登场作品,《鹿鼎记》
梦姑,性别,女
耶律齐,性别,男
和珅,本名,钮祜禄·善保
穆里玛,民族,满族
丁春秋,星宿三宝,三笑逍遥散
旭烈兀,出生地,漠北
范遥,性别,男
阿青,其他名称,赵处女
韦小宝,门派,神龙教
米横野,职位,香主
胖头陀,登场作品,《小宝与康熙》
平一指,别名,杀人名医
空性,全称,闻思空性
乔峰,别名,萧大王
郭靖,传承兵法,《武穆遗书》
郭襄,成就,开创峨嵋派
灭绝师太,年龄,44或者45岁
鹿杖客,武功,玄冥神掌
任盈盈,主要成就,教曲疗伤
耶律齐,武功,打狗棒法
九难,年龄,十五岁（碧血剑）
任盈盈,别名,婆婆
贝锦仪,中文名,贝锦仪
王夫人,去世时间,公元前126年
全金发,兵器,杆秤
马行空,登场作品,《飞狐外传》
巴天石,中文名,巴天石
韦小宝,主要成就,签订《尼布楚条约》
黄药师,民族,汉族
陆展元,中文名,陆展元
徐志摩,出生地,浙江省海宁市
曲非烟,登场作品,《笑傲江湖》
周颠,擅长,写真
尼摩星,武功,释迦掷象功
尹克西,武功,黄沙万里鞭法
多隆,别名,[1]
赵良栋,去世时间,1697年
刘乘风,武功,太极剑法
孟伯飞,中文名,孟伯飞
完颜萍,国籍,金国
仪琳,别名,阿琳
刘一舟,性别,男
朱玫,出生日期,[2]
殷梨亭,别名,殷六侠
胡斐,别名,雪山飞狐
马夫人,别名,小康
公孙绿萼,别名,公孙姑娘
任盈盈,乐器,洞箫
华赫艮,别名,华司徒
香香公主,民族,维吾尔族
木婉清,登场作品,《天龙八部》
程英,职业,侠女
朱丹臣,武器,判官笔
令狐冲,爱好,喝酒
赵敏,别名,敏敏特穆尔
朱子柳,民族,白族
白振,武功,大力鹰爪功
天松道人,登场作品,笑傲江湖
刀白凤,登场作品,《天龙八部》
韦春花,登场作品,《鹿鼎记》
李莫愁,久居地,终南山活死人墓
林乐怡,民族,汉族
程灵素,擅长,医术种植草药
钟灵,中文名,钟灵
萧远山,别名,远山
老不死,性别,女
杨铁心,职业,武术家
凌退思,人物性格,为人残忍无情
天山童姥,成就,统领灵鹫宫三十六洞七十二岛独步武林
萧远山,称号,金庸小说书迷称为“天龙四神”中的“杀神”
全金发,登场作品,《射雕英雄传》
宋青书,武功,武当梯云纵  九阴白骨爪
张君宝,主要成就,[10]
周绮,门派,铁胆庄
宝树,中文名,李俊
张阿生,别名,笑弥陀
全冠清,身份,丐帮九袋长老
任盈盈,别名,盈儿
慕容复,主要成就,恶斗星宿派大胜
段正明,主要成就,与四大恶人之首的“恶贯满盈”段延庆切磋一阳指
常遇春,封爵,开平王（赠）
渡难,外貌特征,黑脸
朱由检,年号,崇祯
鹿清笃,登场作品,《神雕侠侣》
灭绝师太,民族,汉族
杜治芬,国籍,中国
郭芙,主要成就,行侠仗义
朱由榔,在位时间,1646年12月24日－1662年6月1日
谭婆,结局,被萧远山所杀
潇湘子,主要成就,与金轮法王等人围攻郭靖 三招打败全真教七名高手
黄真,门派,华山派
林平之,武功,辟邪剑法
天鸣方丈,性别,男
耶律楚材,主要作品,《湛然居士文集》等
苗若兰,结局,与胡斐定下白首之约
李可秀,性别,男
长平公主,逝世日期,1646年
忽必烈,主要成就,消灭南宋大理
血刀老祖,中文名,血刀老祖
白万剑,性别,男
李莫愁,武器,冰魄银针
闵柔,别名,闵妹
贝海石,主要成就,抵挡帮会灭门大祸。联合属下
金轮法王,武功,龙象般若功
贝海石,民族,汉族
耶律齐,身份,丐帮帮主
陆乘风,门派,桃花岛
空见,民族,汉族
木婉清,别名,婉清
海兰弼,身份,辽东黑龙门掌门人
蒋百里,代表作品,《国防论》《欧洲文艺复兴史》
张君宝,主要成就,创立武当派
李秋水,性别,女
李莫愁,门派,古墓派
夏雪宜,中文名,夏雪宜
鸠摩智,别名,大轮金刚
赵敏,喜好,说汉话
游坦之,门派,丐帮
任我行,主要成就,少林三战，重夺日月神教教主之位 大战五岳剑派
华筝,小说原型,成吉思汗的女儿火真别姬公主
鸠摩智,称号,金庸小说书迷称为“天龙四神”中的“火神”
陈家洛,性别,男
冯蘅,登场作品,《射雕英雄传》
任盈盈,国籍,中国
任盈盈,出生地,黑木崖
殷素素,民族,汉族
李可秀,中文名,李可秀
丁不三,三宝,孙女丁珰
觉远,门派,少林寺
梁自进,职业,剑客
吴之荣,性别,男
耶律齐,武功,空明拳等
陈家洛,别名,陈大哥
无崖子,武功绝学,「北冥神功」
鹿杖客,武器,鹿角短仗
鲜于通,性格特点,为人奸诈狠毒
王重阳,国籍,中国
武三娘,中文名,武三娘
玉真子,门派,铁剑门
旭烈兀,信仰,佛教
丁不四,中文名,丁不四
阿朱,登场作品,《天龙八部》
裘千尺,出场目次,19
史红石,职业,丐帮第25任帮主
俞岱岩,门派,武当派
蒋四根,兵刃,==原著出场描写==
蕊初,年龄,十三四岁
陶红英,登场作品,《鹿鼎记》
陈玄风,武功,摧心掌
余沧海,武功,松风剑法
耶律洪基,年号,大安（1085年）
蒋百里,逝世日期,1938年11月4日
金庸,主要成就,展开
裘千丈,出处,《射雕英雄传》
程灵素,中文名,程灵素
兆惠,主要成就,平定大小和卓
刘乘风,性别,男
欧阳锋,别名,欧阳先生
公冶乾,性别,男
徐志摩,笔名,诗哲
福康安,主要成就,平定大小金川
孙婆婆,结局,被全真教郝大通误杀
贝海石,武功,五行六合掌
彭长老,擅长,摄心术
刀白凤,中文名,刀白凤
杨铁心,别名,铁哥(包惜弱)
纪晓芙,性别,女
蒙哥,主要成就,随拔都西征
赵志敬,中文名,赵志敬
李彧,国籍,中国
谭婆,性别,女
凌退思,登场作品,《连城诀》
曲灵风,其他名称,曲三
谢烟客,修习武功,控鹤功
天门道人,个性,性子刚烈
桑土公,中文名,桑土公
忽必烈,在位时间,1260年5月5日—1294年2月18日
田归农,其他名称,田大哥
朱由检,别名,朱德约
天门道人,绝技,泰山剑法
洪七公,登场作品,《神雕侠侣》
郭靖,武功家数,空明拳
左冷禅,性别,男
海大富,武功,阴阳磨
李泰,体重,70 kg
无崖子,性别,男
丁春秋,性别,男
温仪,结局,死于四叔温方施飞刀下
慕天颜,逝世日期,康熙三十五年（1696年）四月十五日
周颠,别名,周神仙
完颜洪熙,中文名,完颜洪熙
蒙哥,别名,元桓肃帝
武三娘,性别,女
贝锦仪,性别,女
金庸,代表作品,笑傲江湖
陆菲青,武器,「白龙剑」
梅芳姑,门派,梅花拳
殷天正,出生地,中国
封万里,别名,擎天一剑
朱子柳,武功,云南哀牢山三十六剑
全金发,兵器,枪
瑛姑,职业,大理贵妃
沐剑声,民族,汉
杨成协,人物出处,《书剑恩仇录》
任盈盈,别名,妖女
胡逸之,性别,男
聂卫平,职业,围棋职业棋手
慕容复,别名,复官
瑛姑,兵器,竹筹
段正明,别名,保定帝
温仪,居住地,温家堡
甘宝宝,居住地,万劫谷
段正严,主要作品,《玉荷诗笺》四卷
摘星子,门派,星宿派
灵智上人,登场作品,《神雕侠侣》
任盈盈,别名,盈盈
李秋水,久居地,琅嬛福地
谢逊,修习武功,狮子吼
查传侠,逝世日期,1976年10月
段正严,主要成就,维持同宋朝的友好关系
王语嫣,主要成就,水榭听香
黄蓉,别名,蓉妹妹
杨过,名号,西狂
段智兴,登场作品,《射雕英雄传》
朱由检,别名,明思宗
陆无双,门派,古墓派
阿青,中文名,阿青
游坦之,武功,冰蚕毒掌
香香公主,登场作品,《书剑恩仇录》
拖雷,所处时代,大蒙古国
查良琇,中文名,查良琇
王难姑,夫妻关系,又斗气
徐达,所处时代,元末明初
何铁手,门派,五毒教
游坦之,职位,聚贤庄少庄主
鸠摩智,武功,易筋经
武三通,国籍,大理国
骆冰,身份,反清帮会红花会的十一当家
阿朱,别名,阮姑娘
木桑道长,门派,铁剑门
张翠山,中文名,张翠山
李彧,祖籍,山东省威海市文登区
戚芳,别名,阿芳
闵柔,别名,闵大侠
温仪,身高,172㎝
徐志摩,逝世日期,1931年11月19日
温仪,别名,小仪
慕天颜,字号,字拱极
史火龙,性别,男
金庸,主要成就,法国政府荣誉军团骑士
天鸣方丈,别名,天鸣禅师
仪琳,中文名,仪琳
张松溪,职业,武术家
张三丰,主要作品,《大道论》《玄要篇》《无根树》《打坐歌》《玄机直讲》
焦木和尚,职业,临安法华寺主持
张无忌,门派,明教
完颜洪烈,别名,颜烈（易名）
闵子华,国籍,中国
张三丰,所处时代,南宋末年
周伯通,性别,男
郭芙,强项,战场杀敌
袁冠南,中文名,袁冠南
徐达,爵位,魏国公
段智兴,身份,大理宣宗皇帝
尼摩星,性情,自负
梅芳姑,中文名,梅芳姑
达尔巴,民族,藏族
白万剑,登场作品,《侠客行》
兆惠,主要成就,统一新疆
陈友谅,逝世日期,1363年
陈圆圆,逝世日期,公元1695年5月16日(乙亥年)
海兰弼,门派,辽东黑龙门
骆冰,门派,红花会
戚长发,性别,男
黄蓉,主要武功,九阴真经
唐文亮,登场作品,《倚天屠龙记》
史红石,别名,史帮主
范遥,主要成就,探取敌人情报
阿紫,出场年龄,15岁
欧阳锋,别名,老毒物
丁春秋,星宿三宝,神木王鼎
福康安,旗籍,满洲镶黄旗
柯镇恶,别名,飞天蝙蝠
蒋英,主要成就,1943年匈牙利各国女高音比赛第一中央音乐学院声乐系教研室主任中央音乐学院歌剧系副主任
平阿四,性别,男
李明,性别,男
耶律齐,门派,丐帮
福康安,封爵,贝子
任盈盈,别名,任大小姐盈儿桃萼仙收起
朱聪,兵器,铁扇
左冷禅,中文名,左冷禅
萧远山,武功,摩诃指
殷天正,职业,明教四大护教法王之一
蒋四根,登场作品,《书剑恩仇录》
灵智上人,武器,铜钹
和珅,旗籍,满洲正红旗
茅十八,登场作品,《鹿鼎记》
洪凌波,别名,凌波
彭莹玉,逝世日期,1353年
袁士霄,中文名,袁士霄
鹿清笃,中文名,鹿清笃
彭连虎,性别,男
冯默风,性别,男
左冷禅,其他名称,左盟主
欧阳锋,兵器,鬼头灵蛇杖
花铁干,身份,鹰爪铁枪门门主
陆冠英,门派,仙霞派
鹿杖客,武功,鹿杖法
周芷若,代表之花,秀若芝兰
莫声谷,使用武器,剑
和珅,号,嘉乐堂
马光佐,性别,男
欧阳锋,别名,西毒
段正严,年号,永嘉
宝树,代表作品,《古老的地球之歌》
朱长龄,武功,家传判官笔法
公孙绿萼,身份,谷主公孙止之女
陆大有,中文名,陆大有
忽必烈,出生地,漠北草原
李可秀,职务,直隶古北口提督
戚长发,武功,唐诗剑法（连城剑法）
兆惠,官职,内阁学士
韩小莹,别名,越女剑
李彧,中文名,李彧
长平公主,民族族群,汉族
戚长发,武功,躺尸剑法
枯荣长老,别名,枯荣长老
蒋四根,兵刃,双手握定
张无忌,武功,梯云纵
郭芙,年龄,结尾时31岁
黄蓉,别名,黄帮主
朱由检,主要成就,除魏忠贤等逆党
余沧海,性别,男
风波恶,绝技,吕洞宾咬狗大九式
丁春秋,别名,丁老怪
卜沉,别名,白头仙翁
杨过,性别,男
程英,兵器,玉箫
洪凌波,国籍,大宋
双儿,登场作品,《鹿鼎记》
韦小宝,门派,天地会
赵敏,登场作品,倚天屠龙记
小龙女,性别,女
杨过,别名,神雕大侠
范文程,主要成就,完善清朝制度
纪晓芙,别名,晓芙
蒋百里,职业,军事理论家
何太冲,所处朝代,元朝
一灯大师,久居地,大理皇宫
段智兴,登场作品,《神雕侠侣》
陈圆圆,别名,秦淮八艳
尼摩星,成就,与他人并称蒙古三杰
掌钵龙头,性别,男
香香公主,出生地,新疆
木岛主,其他名称,岛主
华赫艮,武器,铁铲
杨过,中文名,杨过
吴之荣,中文名,吴之荣
阿九,年龄,十五岁（碧血剑）
闵柔,登场作品,《侠客行》
白自在,登场作品,《侠客行》
谢逊,修习武功,七伤拳
范遥,身份,明教光明右使
尼摩星,成就,一代宗师
李莫愁,性别,女
刘一舟,年龄,大约二十几岁
常遇春,逝世日期,1369年
徐达,谥号,武宁
樊一翁,结局,被金轮法王所杀
罗立如,性别,男
归辛树,别名,神拳无敌
沐剑屏,别名,小郡主
萧峰,主要成就,胁迫耶律洪基换来边疆和平
洪七公,登场作品,《射雕英雄传》
裘千尺,武功,铁掌
丁典,武功,无影神拳
萧峰,职位,大宋丐帮帮主
完颜萍,绝技,云横秦岭
武敦儒,别名,大武
任盈盈,代表作品,《笑傲江湖曲》
达尔巴,信仰,佛教
白世镜,性格,道貌岸然
神山上人,职业,五台山清凉寺方丈
段誉,信仰,佛教
潇湘子,中文名,潇湘子
耶律洪基,出生日期,1032年9月14日
洪安通,中文名,洪安通
徐禄,中文名,徐禄
胡一刀,中文名,胡一刀
长平公主,别名,坤兴公主
九难,别名,九难
耶律洪基,逝世日期,1101年2月12日
陆菲青,别名,芜菁子
薛慕华,中文名,薛慕华
穆旦,职业,翻译家
殷野王,门派,天鹰教
袁紫衣,登场作品,《飞狐外传》
武三通,武器,铁耙
杨成协,兵器,钢鞭
王重阳,职业,侠客
苏星河,登场作品,《天龙八部》
阿青,登场作品,《越女剑》
华筝,登场作品,《射雕英雄传》
汤沛,人物设定,伪君子
曲灵风,登场作品,《射雕英雄传》
陆乘风,绝技,奇门遁甲
任盈盈,初登场,洛阳绿竹巷
卫春华,门派,红花会
黄药师,登场作品,《射雕英雄传》及衍生作品
袁冠南,兵器,沉香扇
万圭,国籍,中国
卫春华,中文名,卫春华
萧远山,武功,袈裟伏魔功
钱永刚,国籍,中国
冷谦,字号,字启敬
段延庆,武功,腹语术
玉真子,性别,男
康广陵,登场作品,金庸小说《天龙八部》
陶子安,中文名,陶子安
茅十八,性别,男
穆旦,人称,“九叶诗人”
萧峰,职位,大辽南院大王（楚王）
刚相,其他名称,空相
瘦头陀,登场作品,《鹿鼎记》
赵志敬,性别,男
朱聪,别名,妙手书生
潇湘子,兵器,纯钢哭丧棒
李泰,代表作品,把爱带回家
拖雷,民族族群,蒙古族
武三通,身份,渔樵耕读之耕
胡青羊,中文名,胡青羊
尹克西,结局,在昆仑山与潇湘子互斗而死
李沅芷,门派,武当派
柯镇恶,武功,伏魔杖法
忽必烈,谥号,圣德神功文武皇帝
拖雷,别名,元景襄帝
陈近南,逝世日期,1681年
安小慧,门派,华山派
余鱼同,信仰,红花教规
卫璧,登场作品,《倚天屠龙记》
冯蘅,才华,记忆极好
梅念笙,登场作品,《连城诀》
达尔巴,职业,和尚
邓炳春,年龄,30左右
程英,登场作品,《神雕侠侣》
玄难,职位,达摩院首座
张君宝,别名,张通
令狐冲,门派,华山派
阿朱,中文名,段阿朱
蒋百里,信仰,三民主义
朱由检,主要成就,整顿吏治
石万嗔,性格,心肠歹毒
简长老,所属,丐帮
黄真,性别,男
乔峰,主要成就,助辽平定楚王之乱
令狐冲,身份,恒山派掌门人
建宁公主,年龄,16
鸠摩智,信仰,藏传佛教
枯荣长老,小说职业,大理天龙寺僧人
孟伯飞,登场作品,《碧血剑》
玉真子,其他名称,护国真人
关安基,帮派,天地会青木堂
不平道人,中文名,不平道人
史红石,身份,丐帮帮主
段正明,别名,本尘
宝象,门派,西藏青教血刀门
吴六奇,主要成就,组织团练
白自在,居所,大雪山「凌霄城」
陈家洛,别名,三官
李青萝,爱好,种山茶花
虚竹,性别,男
宋青书,中文名,宋青书
冯锡范,中文名,冯锡范
耶律齐,武功,降龙十八掌
欧阳锋,登场作品,《神雕侠侣》
孙不二,民族族群,汉人
张翠山,民族,汉族
觉远,别名,觉远大师
李泰,语种,普通话
冷谦,本名,冷谦
慕容博,主要成就,以彼之道
汤沛,别名,甘霖惠七省
袁承志,主要成就,帮助李自成推翻明朝等
段誉,生日,11月23日
杜百当,作者,金庸
阿紫,职业,辽国端福郡主
包不同,登场作品,《天龙八部》
博尔术,逝世日期,1226年？
武青婴,朝代,元朝
林远图,别名,渡元禅师
陈友谅,中文名,陈友谅
韩千叶,中文名,韩千叶
何足道,门派,昆仑派
张阿生,特长,拳法
陈孤雁,登场作品,《天龙八部》
殷天正,主要成就,创立天鹰教
完颜洪熙,逝世日期,1193
乔峰,别名,乔峰
徐达,出生日期,1332年
令狐冲,身份,华山派大师兄
商老太,武器,喂了毒的金镖
归二娘,性别,女
袁承志,出生地,山海关
周伯通,门派,全真派
傅思归,职业,家臣
程灵素,性别,女
风波恶,民族,鲜卑
商老太,门派,八卦门
林朝英,身份,古墓派创始祖师
乔峰,别名,峰儿（玄苦大师称）
金轮法王,国籍,蒙古
游坦之,别名,铁头人
薛慕华,别名,阎王敌
徐达,民族族群,汉族
李沅芷,登场作品,《书剑恩仇录》
查传侠,代表作品,《我的人生是为了什么》
水笙,职业,女侠
骆冰,别名,鸳鸯刀
石中玉,别名,玉哥
武敦儒,年龄,十二岁（初登场）
灭绝师太,籍贯,河南开封
游坦之,武功,冰蚕寒毒
完颜洪烈,别名,完颜忒邻
聂卫平,主要成就,1979-83
周颠,中文名,周颠
郭襄,信物,玄铁重剑
玄苦,结局,被萧远山偷袭
陆无双,性别,女
郭芙,主要成就,镇守襄阳
王重阳,主要成就,使之数十年不敢入中原
吴六奇,出生日期,1607年（丁未年）
觉远大师,年龄,五十岁左右（《神雕侠侣》初登场）
南兰,登场作品,《雪山飞狐》
莫大,性别,男
慕容博,身份,燕子坞主人
拖雷,主要成就,大蒙古国开国元勋
杨成协,绝技,铁布衫
任盈盈,代表作品,《清心普善咒》
仪琳,别名,仪琳师妹
殷素素,别名,素素
穆里玛,国籍,清朝
摘星子,外貌,身材高瘦
慕容复,主要成就,震慑36洞72岛
朱聪,登场作品,《射雕英雄传》
梅超风,别名,师姐
金庸,代表作品,鹿鼎记
李彧,出生地,北京市
朱丹臣,国籍,大理国
任盈盈,主要成就,夺旗挫敌
王进宝,谥号,忠勇
李莫愁,身份,古墓派弃徒
华赫艮,登场作品,《天龙八部》
郭襄,别名,别名
朱元璋,主要成就,开创洪武之治
归二娘,中文名,归二娘
和珅,出生日期,1750年7月1日
杨逍,身份,明教光明左使
达尔巴,中文名,达尔巴
郭破虏,武功,龙爪手
努尔哈赤,所处时代,明末（后金）
无根道人,门派,神龙教
陶百岁,民族,汉族
焦宛儿,性别,女
孙不二,逝世日期,1182年
简长老,中文名,简长老
说不得,登场作品,《倚天屠龙记》
黄药师,武器,玉箫
梅芳姑,身份,梅花拳掌门人
史火龙,身份,丐帮帮主
方怡,别名,方师姐
苏菲亚,国籍,罗刹国
陆菲青,性别,男
郭芙,强项,应酬宾客
福康安,字号,字瑶林
段天德,结局,死于杨康的九阴白骨爪下
云中鹤,职业,作家
徐天宏,别名,武诸葛
商老太,居住地,山东武定县商家堡
马行空,性别,男
温青青,别名,温青
努尔哈赤,本名,爱新觉罗·努尔哈赤
陆菲青,化名,陆高止
玄寂,登场作品,金庸小说《天龙八部》
李秋水,武功,白虹掌力
赵良栋,官职,云贵总督
公孙绿萼,容貌,眉目清雅、肤色白里泛红
曲三,登场作品,《射雕英雄传》
耶律楚材,民族族群,汉族
慕容博,主要成就,还施彼身
耶律楚材,追赠,太师
苗人凤,别名,金面佛
冯锡范,门派,昆仑派
任盈盈,别名,圣姑
郭啸天,人物出处,《射雕英雄传》
阳夫人,中文名,阳夫人
钟灵,年龄,16岁
任盈盈,乐器,七弦琴
何足道,中文名,何足道
谭公,相关记载,《惠州府志》卷四十四《人物篇-仙释》
掌钵龙头,民族,汉族
公孙止,逝世日期,1243年
蒋四根,民族,汉
达尔巴,性别,男
双儿,性别,女
戚芳,性别,女
木高峰,别名,塞北明驼
双儿,别名,双儿老婆
黛绮丝,别名,紫衫龙王
梅超风,中文名,梅超风
聂卫平,主要成就,第1-4届中日围棋擂台赛11连胜
阿朱,身份,萧峰爱侣
朱聪,武功,空空拳
马夫人,所处朝代,北宋
焦宛儿,身份,金龙帮主焦公礼的大女儿
戚长发,别名,铁索横江
李明,特长,唱歌
程瑶迦,登场作品,《神雕侠侣》
孙不二,法名,孙不二
史火龙,其他名称,史帮主
拓跋宏,主要成就,汉化改革
段智兴,国籍,云南大理国
努尔哈赤,出生日期,1559年
鸠摩智,武功,火焰刀
小龙女,身份,古墓派掌门
乔峰,民族,契丹族
杨过,别名,过儿
黄真,身份,华山派掌门
陆冠英,中文名,陆冠英
吕七,登场作品,金庸小说《碧血剑》
金花婆婆,身份,波斯明教圣女
游坦之,性别,男
木婉清,别名,婉儿
万圭,出场目次,2
张翠山,别名,银钩铁划
拓跋宏,本名,拓跋宏
徐天川,登场作品,《鹿鼎记》
聂卫平,籍贯,河北深县
钟万仇,登场作品,《天龙八部》
陆冠英,别名,公子
云中鹤,别名,徐章垿(原名)
裘千丈,中文名,裘千丈
洞玄,朝代,明朝
杨铁心,别名,杨兄弟(丘处机)
范文程,主要成就,帮助清朝统一全国
旭烈兀,民族族群,蒙古族
上官云,性格,为人耿直
周颠,民族,汉
聂卫平,主要成就,1988-90年新体育杯冠军1981年国手战冠军1999年新中国棋坛十大杰出人物
郭啸天,主要成就,绝代大侠郭靖之父
黄药师,主要成就,三次论剑均为五绝
欧阳克,别名,小毒物
多尔衮,别名,九王
枭道人,性别,男
李明,特长,骑马
海大富,别名,海公公
洪七公,中文名,洪七公
兆惠,本名,乌雅·兆惠
旭烈兀,别名,[2]
武青婴,中文名,武青婴
吕留良,主要作品,《东庄诗存》
郭芙,宝物,双雕
金庸,主要成就,主要成就
林仲雄,法号,渡元
无根道人,登场作品,《鹿鼎记》
范文程,字号,号辉岳
闵子华,登场作品,《碧血剑》
南希仁,兵器,扁担
蒋英,出生日期,1919年（己未年）9月7日（农历闰七月十四）
尼摩星,武器,蛇形铁鞭
风际中,形象,绝不起眼
瑞栋,性别,男
冯蘅,性别,女
戚芳,年龄,18
陆大有,别名,六猴儿
鸠摩智,别名,国师
鲁有脚,登场作品,《神雕侠侣》
耶律楚材,追赠,上柱国
朱子柳,武功,一阳指
朱由检,庙号,威宗）
查传讷,中文名,查传讷
史火龙,武功,降龙十八掌
胖头陀,登场作品,《鹿鼎记》
绿竹翁,门派,日月神教
兆惠,谥号,文襄
霍青桐,性别,女
灵智上人,中文名,灵智上人
殷天正,民族,汉族
向问天,登场作品,《笑傲江湖》
范遥,特点,正邪兼修
何足道,成就,只身独闯少林寺
袁紫衣,武功,六合拳
彭连虎,别名,彭寨主
耶律齐,别名,齐哥
吴六奇,出生地,海阳县丰政都汤田
黄蓉,登场作品,《神雕侠侣》
樊一翁,身份,西山一窟鬼老大
焦公礼,出场目次,8
范百龄,性别,男
陶红英,身份,明朝长平公主侍女
耶律燕,民族,契丹族
风际中,派别,天地会青木堂
青灵子,登场作品,《神雕侠侣》
裘千仞,中文名,裘千仞
洪七公,别名,北丐
血刀老祖,性别,男
陈家洛,登场作品,《飞狐外传》
童百熊,特点,武功高强
王进宝,官职,奋威将军
程灵素,主要成就,清理师门败类
枯荣长老,小说武功,少商剑
归钟,性别,男
耶律齐,中文名,耶律齐
段智兴,别名,一灯大师
杨康,登场作品,《射雕英雄传》
黄蓉,登场作品,《射雕英雄传》
慕容复,生日,约1064年
小龙女,别名,龙儿
完颜洪烈,别名,王爷
焦公礼,所处朝代,明朝
多尔衮,出生地,赫图阿拉
小玄子,别名,康熙
张阿生,兵器,屠牛刀
达尔巴,武功,无上大力金刚杵
刀白凤,别名,凤凰儿
查传倜,国籍,中国
旭烈兀,本名,孛儿只斤·旭烈兀(Hülegü Khan)
努尔哈赤,主要成就,度创立八旗制度
武青婴,第一次登场,第15章　奇谋秘计梦一场
澄观,去世时间,839年
郭芙,主要成就,凝聚少辈志士
朱聪,武功,铁扇打穴
和珅,封爵,一等忠襄公
渡厄,门派,少林寺
忽必烈,年号,中统（1260年）
陆无双,别名,三妹
渡难,武器,黑色长锁
谭婆,中文名,谭婆
段正明,主要成就,并与天龙寺众僧围攻鸠摩智
李莫愁,所习武功,古墓派武功
天鸣方丈,身份,少林寺方丈
郭襄,才艺,琴
周伯通,中文名,周伯通
任盈盈,别名,展开
杨溢之,身份,金顶门弟子
金蛇郎君,别名,金蛇郎君
白自在,别名,「威德先生」
蒋英,职业,中央音乐学院歌剧系副主任
范百龄,作者,金庸
柯镇恶,招数,杵伏药叉
杨成协,别名,铁塔
巴天石,性别,男
程灵素,擅长,钻研毒物
关明梅,别名,天山双鹰
无崖子,登场作品,《天龙八部》
察罕特穆尔,民族,蒙古族
俞岱岩,别名,俞三侠
钱均夫,中文名,钱均夫
李莫愁,别名,赤练仙子
拓跋宏,逝世日期,499年4月26日
朱长龄,性别,男
李沅芷,性别,女
梦姑,国别,西夏
博尔术,民族族群,蒙古族
风波恶,国籍,中国
完颜萍,武功,铁掌擒拿手
鲁有脚,武功,打狗棒法
拓跋宏,所处时代,南北朝
香香公主,中文名,香香公主
田伯光,身份,恒山派门下和尚
花铁干,武功,中平枪法
张无忌,主要成就,挑战六大门派
朱丹臣,性格,文武双全
陆乘风,中文名,陆乘风
胖头陀,中文名,胖头陀
耶律洪基,出生地,剌河源
查传诗,职业,记者
小昭,主要成就,在绿柳山庄外指挥明教抵挡元兵
武修文,朝代,南宋
仪和,中文名,仪和
慕容复,武功,百家武学
胡青牛,别名,见死不救
王夫人,身份,夫人
阿九,性别,女
小龙女,武器,白绸带
孙仲君,登场作品,金庸小说《碧血剑》
曲傻姑,登场作品,《神雕侠侣》
谢烟客,修习武功,碧针清掌
点苍渔隐,其他名称,泗水渔隐（旧版）
丁春秋,中文名,丁春秋
天鸣方丈,门派,少林寺
双儿,别名,双双
南海鳄神,性别,男
张君宝,字,君宝
李明,特长,表演
殷梨亭,武功绝技,武当太极剑
徐志摩,职位,南京大学教授
旭烈兀,在位时间,1256年—1265年2月8日
游坦之,别名,庄聚贤
常遇春,职业,军事家
李彧,民族,汉族
李沅芷,国籍,清朝
陆无双,别名,媳妇儿
乔峰,参与战役,聚贤庄之战
金庸,主要成就,大英帝国官佐勋章勋衔
耶律洪基,年号,清宁（1055年）
耶律燕,身份,辽国皇族后裔
曾柔,性别,女
徐天川,别名,徐大哥
云中鹤,派系,新月派
尹志平,性别,男
徐禄,出生日期,1930年4月
杨逍,登场作品,《倚天屠龙记》
乌老大,登场作品,《天龙八部》
阿紫,喜欢的人,萧峰
耶律洪基,庙号,道宗
陈家洛,别名,总舵主
鸠摩智,民族,藏族
霍青桐,登场作品,《书剑恩仇录》
双儿,所处朝代,清朝
左冷禅,门派,嵩山派
公孙绿萼,容貌,甚是娇美
公冶乾,结局,与其决裂
林平之,武功,震天掌
多尔衮,旗籍,正白旗
赵志敬,登场作品,《神雕侠侣》
焦公礼,中文名,焦公礼
陈友谅,所处时代,元末
韩小莹,别名,七师父
常遇春,追赠,开府仪同三司
萧远山,国籍,辽国
萧峰,民族,契丹族
萧峰,参与战役,聚贤庄之战
仪琳,武功,万花剑法
赵敏,曾用兵器,长剑
白振,登场作品,《书剑恩仇录》
朱由检,本名,朱由检
关明梅,中文名,关明梅
绿竹翁,别名,老篾匠
吕留良,出生日期,1629年
茅十八,民族,汉族
胖头陀,性别,男
梁自进,门派,雪山派
陆乘风,性别,男
柯镇恶,兵器,铁杖
李泰,职业,演员
石清,别名,石清子
蒋百里,军衔,陆军上将（死后追赠）
尼摩星,武器,铁拐
梦姑,武功门派,逍遥派
段延庆,武功,段家剑法
仪琳,门派,恒山派
段正严,年号,保天
邓百川,登场作品,《天龙八部》
渡厄,外貌特征,黄脸眇目
万圭,出生地,荆州
洪七公,武器,打狗棒
觉远,登场作品,《神雕侠侣》
金庸,别名,金庸（笔名）
乔峰,性别,男
鸠摩智,登场作品,《天龙八部》
公孙止,性别,男
甘宝宝,出场章回,第四十八章
段智兴,久居地,桃源
鲜于通,武器,扇子
欧阳克,别名,克儿
殷离,宠物,花蛛
蒋四根,兵刃,特点力大
白振,门派,嵩阳派
乌老大,性别,男
裘千仞,别名,裘帮主
封万里,别名,风火神龙
阳顶天,登场作品,《倚天屠龙记》
黄蓉,中文名,黄蓉
查品珍,中文名,查品珍
瑛姑,居所,黑龙潭
全金发,别名,全六侠
黄蓉,主要武功, 兰花拂穴手
忽必烈,陵寝,起辇谷
聂卫平,主要成就,1981年国手战冠军
许雪亭,性别,男
乔三槐,结局,被萧远山杀死
王难姑,出场时间,小说第十二章针其膏兮药其膏
丁春秋,别名,星宿老仙
陈圆圆,出生日期,公元1623年4月3日（癸亥年）
一灯大师,民族,白族
李莫愁,年龄,出场30岁
觉远,性别,男
朱元璋,主要成就,推翻元朝统治休养生息
程灵素,主要成就,参与抢夺马春花&天下掌门人大会
无尘道长,性别,男
李西华,性别,男
闵子华,门派,仙都派
虚竹,中文名,虚竹
福康安,字号,号敬斋
唐文亮,所处时期,元朝
柯镇恶,登场作品,《神雕侠侣》
韦双双,中文名,韦双双
钟万仇,别名,马王神
尼摩星,身份,蒙古三杰之一
冷谦,职业,养生学家
鹿清笃,角色属性,反派
朱元璋,逝世日期,1398年6月24日(洪武三十一年闰五月初十日)
蒋四根,籍贯,广东
宝树,出生地,四川
公孙止,兵器,金刀黑剑
公冶乾,结局,慕容复杀包不同后
吕留良,出生地,浙江崇德县（今属浙江桐乡）
宝树,身份,作者
黄药师,武功写照,桃花影落飞神剑
方怡,别名,方姑娘
赵敏,经典场面,天地同寿
蒋四根,武功,疯魔杖法
杨成协,门派,红花会
赵敏,曾用兵器,金针
天门道人,所处时代,明朝
李西华,中文名,李西华
水岱,性别,男
段智兴,别名,段皇爷
谢逊,门派,少林派
张三丰,主要成就,[10]
陈家洛,别名,陆嘉成
玄苦,结局,一掌震得五脏剧裂而亡
杨过,所创绝学,《黯然销魂掌》
柯镇恶,性别,男
林远图,中文名,林远图
白万剑,别名,气寒西北
田伯光,中文名,田伯光
郭芙,宝物,小红马
殷离,年龄,十八岁（成年后再次登场）
朱长龄,死因,卡在山洞之中进退不得
鹿杖客,别名,玄冥二老
段正严,逝世日期,1176年
李莫愁,登场作品,《神雕侠侣》
林乐怡,出生地,香港
殷野王,信仰,明教
卫春华,性别,男
夏雪宜,登场作品,《碧血剑》
周芷若,登场地点,汉水河畔
张三丰,主要成就,振兴道教[10]
赵良栋,出生时间,1621年
空见,性别,男
华赫艮,性别,男
朱由检,庙号,毅宗
穆人清,门派,华山派
宝树,国籍,中国
蒋四根,兵刃,铁桨从自己背后甩过欠设拜右肩
李莫愁,武功境界,不亚于当年黑风双煞之铁尸梅超风
段正严,年号,文治
梅芳姑,登场作品,《侠客行》
欧阳锋,中文名,欧阳锋
洪七公,别名,七兄
拖雷,信仰,长生天
段正严,庙号,宪宗
周颠,信仰,明教
仪琳,性别,女
慕容博,武功,斗转星移
欧阳克,身份,白驼山庄少庄主
黄蓉,武器,峨嵋刺
耶律楚材,逝世日期,1244年6月20日
班淑娴,登场作品,《倚天屠龙记》
余鱼同,中文名,余鱼同
金庸,中文名,查良镛
胡斐,性别,男
忽必烈,主要成就,统一全国
灭绝师太,朝代,元朝
钟万仇,性别,男
觉远大师,登场作品,《神雕侠侣》
拓跋宏,逝地,谷塘原行宫
朱由榔,逝世地,云南府昆明县（今云南省昆明市）
慕容复,武功,斗转星移
袁冠南,国籍,中国
丁春秋,星宿三宝,柔丝索
刘一舟,人物性格,胆小卑鄙
天门道人,个性,嫉恶如仇
李明,国籍,中国
拖雷,谥号,元英武皇帝（追尊）
杨康,中文名,杨康
周绮,居住地,铁胆庄
说不得,中文名,说不得
佟国纲,出生地,抚顺
杨逍,已知武功,四十四套兵刃招式
杨成协,身份,红花会八当家
朱丹臣,性格,足智多谋
黛绮丝,教派,明教
鸠摩智,门派,宁玛派
吴六奇,别名,吴钩
安小慧,年龄,十八九岁
唐文亮,门派,崆峒派
李秋水,绝技,白虹掌力
长平公主,出生日期,1629年
小龙女,所习武功,《玉女心经》
香香公主,性别,女
朱元璋,出生日期,1328年10月21日(天历元年九月十八日)
丁游,国籍,中国
双儿,年龄,15（新修版）
上官虹,民族,汉
郭襄,别名,郭祖师
冯锡范,性别,男
万圭,民族,汉族
佟国纲,追赠,太傅
杨成协,民族,清朝
吕通,武功,六合刀六合拳赤尻连拳铁臂功
曹时中,职称,教授
闵子叶,登场作品,《碧血剑》
郭啸天,民族,汉族
汤沛,结局,死于袁紫衣之手
裘千尺,出场目次,32回
林远图,信仰,佛教
柯镇恶,武功,降魔杖法
殷素素,性别,女
郭襄,性别,女
韩千叶,登场作品,《倚天屠龙记》
朱玫,别名,璐茜
李沅芷,身份,陕西扶风延绥镇总兵 李可秀之女
上官云,所属,日月神教
小龙女,武器,金铃索
温方山,登场作品,《碧血剑》
鳌拜,中文名,瓜尔佳·鳌拜
罗立如,门派,金龙帮
武三通,出处,《射雕英雄传》《神雕侠侣》
李明,身高,175 cm
胖头陀,外形,又瘦又高
南兰,性别,女
完颜洪烈,性别,男
李彧,代表作品,贻笑大方
人厨子,中文名,人厨子
闵子华,中文名,闵子华
郭芙,血统,桃花岛东邪谪系传人
无嗔大师,登场作品,《雪山飞狐》《飞狐外传》
令狐冲,爱好,弹琴
建宁公主,性别,女
何铁手,登场作品,《碧血剑》
邓百川,绝技,石破天惊
穆里玛,职业,武官
闵柔,民族,汉族
温仪,中文名,温仪
安小慧,性别,女
陈友谅,年号,大义1360
说不得,帮派,明教
殷梨亭,主要成就,在武当七侠中剑术最精
朱丹臣,登场作品,《天龙八部》
段正严,出生地,大理
莫大,登场作品,《笑傲江湖》
灭绝师太,内功,《峨眉九阳功》
胡夫人,国籍,中国
殷天正,别名,白眉鹰王
任我行,主要成就,重夺日月神教教主之位 大战五岳剑派
段正明,主要成就,与四大恶人之首的“恶贯满盈”段延庆切磋一阳指为了请黄眉僧解救段誉而免除大理国的盐税为便于对抗鸠摩智而出家为僧
纪晓芙,结局,不愿听从师命害杨逍
鸠摩智,别名,大轮明王
蕊初,登场作品,《鹿鼎记》
邓炳春,中文名,邓炳春
薛慕华,登场作品,《天龙八部》
贝海石,主要成就,拥立傀儡
张翠山,朝代,元朝
巴天石,别名,巴司空
殷素素,中文名,殷素素
任我行,身份,日月神教教主
天鸣方丈,中文名,天鸣
郭啸天,武功,家传戟法
徐志摩,职业,作家
不平道人,登场作品,《天龙八部》
阿九,登场作品,《鹿鼎记》
刘正风,登场作品,《笑傲江湖》
游坦之,别名,铁丑
海大富,中文名,海大富
瘦头陀,中文名,瘦头陀
武三通,别名,三通
樊一翁,中文名,樊一翁
无根道人,性别,男
阿紫,葬身之地,雁门关悬崖下
郭靖,主要成就,身后威名历百余年而不衰
周芷若,主要成就,屠狮大会夺得“武功天下第一”称号
商宝震,结局,被马春花杀死
李莫愁,所习武功,《五毒秘传》
左子穆,身份,无量派东宗掌门人
聂卫平,主要成就,1975-1983年6夺中国个人赛冠军
商老太,登场作品,飞狐外传
潇湘子,国籍,蒙古
公孙绿萼,国籍,南宋
朱九真,第一次登场,第15章　奇谋秘计梦一场
宝象,中文名,宝象
韩小莹,性别,女
陈圆圆,职业,梨园女妓
任盈盈,主要成就,教曲疗伤出席恒山掌门大会
陆大有,门派,华山派
杨过,主要成就,解襄阳之危
张无忌,年龄,22岁（书末)
左子穆,登场作品,《天龙八部》
丁春秋,籍贯,山东曲阜
欧阳克,中文名,欧阳克
朱长龄,出场目次,15
查良璇,出生地,海宁
胡桂南,性别,男
安小慧,出场作品,《碧血剑》
郭芙,身份,抗元集团新辈核心人物
闵子叶,性别,男
赵良栋,主要作品,《赵忠襄奏疏存稿》
祖千秋,中文名,祖千秋
石破天,武功,《太玄经》
九难,别名,独臂神尼
赵敏,登场回目,第二十三回
武修文,年龄,十一岁（初登场）
南希仁,武功,南山刀法
田伯光,登场作品,《笑傲江湖》
耶律楚材,别名,吾图撒合里
小昭,性别,女
杨逍,性别,男
符敏仪,身份,灵鹫宫阳天部首领
余沧海,登场作品,《笑傲江湖》
周芷若,登场作品,《倚天屠龙记》
杨铁心,国籍,中国
苏星河,别名,聋哑先生
丁春秋,主要成就,成立星宿派
田伯光,身份,采花贼
朱由检,逝世日期,1644年4月25日(崇祯十七年三月十九日)
朱由榔,出生地,顺天府大兴县（今北京市东城区）
完颜洪烈,中文名,完颜洪烈
苏星河,性别,男
玄寂,身份,少林寺戒律院和龙树院首座
拓跋宏,民族族群,鲜卑族
云中鹤,职位,南京大学教授
裘千丈,结局,摔死在铁掌峰下
吴六奇,字号,字鉴伯
穆旦,职业,诗人
郭芙,生日,1228年
彭连虎,登场作品,《射雕英雄传》
程瑶迦,性别,女
蒋百里,国籍,中国
兆惠,爵位,一等武毅伯
胡一刀,职业,游侠
努尔哈赤,别名,奴儿哈赤
洪凌波,职业,道姑
武敦儒,性别,男
贝海石,中文名,贝海石
裘千尺,别名,铁掌莲花
一灯大师,国籍,云南大理国
福康安,封爵,郡王
公孙止,年龄,38
焦木和尚,信仰,佛教
符敏仪,中文名,符敏仪
杨过,久居地,桃花岛
曲傻姑,中文名,傻姑
张君宝,民族族群,汉族
空见,中文名,空见
李秋水,武功,小无相功
王元霸,国籍,中国
张翠山,门派,武当派
耶律重元,逝世日期,1063年
耶律洪基,谥号,仁圣大孝文皇帝
胡斐,别名,程灵胡（化名）
灵智上人,别名,五指秘刀
阿朱,居所,姑苏听香水榭
忽必烈,本名,孛儿只斤·忽必烈
多尔衮,别名,皇父摄政王
范遥,信仰,明教
马光佐,民族,回族
薛慕华,门派,逍遥派
梅超风,别名,梅若华
邓百川,性别,男
包不同,性格特点,直言不讳
李明,代表作品,《干得漂亮》《倚天屠龙记》《大宅门》《举起手来》《黄河绝恋》
天山童姥,登场作品,《天龙八部》
上官云,登场作品,《笑傲江湖》
木婉清,中文名,木婉清
阿紫,主要成就,成为星宿派大师姊
贝海石,别名,贝先生
金花婆婆,别名,金花婆婆
刘乘风,登场作品,《连城诀》
洪凌波,葬身之地,绝情谷情花丛
人厨子,国籍,中国
静玄师太,兵器,剑
平阿四,中文名,平阿四
神山上人,登场作品,《天龙八部》
仪琳,登场作品,《笑傲江湖》
张召重,门派,武当派
狄云,中文名,狄云
九难,别名,长平公主
朱长龄,民族,白族
吴长风,身份,丐帮六大长老之一
归二娘,登场作品,《碧血剑》
贝海石,主要成就,联合属下
安小慧,中文名,安小慧
郭芙,宝物,君子淑女剑
佟国纲,主要成就,随征噶尔丹
钱均夫,主要成就,中央文史馆馆员
任我行,主要成就,少林三战
贝锦仪,信仰,佛教
尼摩星,性情,沉不住气
公孙止,武功,闭穴功
黄真,门派,[2]
公冶乾,穿着,铁青色儒生打扮
范百龄,姓名,范百龄
范遥,别名,苦头陀
胡逸之,中文名,胡逸之
袁紫衣,其他名称,圆性
张三丰,主要成就,振兴道教
钱永刚,出生日期,1948年10月
慕天颜,主要作品,《楚黔封事》
杨成协,门派,青旗帮
徐达,字,天德
范百龄,所属作品,天龙八部
黄药师,武功境界,已臻化境
鲁有脚,性别,男
任盈盈,性别,女
万圭,出场目次,12回
木高峰,中文名,高峰
蒋四根,兵刃,双手桨头向左横击
洪安通,职业,神龙教教主
段延庆,性别,男
查传诗,国籍,中国
温方山,性别,男
殷天正,武功,鹰爪擒拿手
蒋四根,兵刃,这是“疯魔杖”中的“金铰剪月”
袁承志,居住地,渤泥国无名岛
枭道人,中文名,枭道人
岳老三,组织,四大恶人
耶律齐,别名,耶律公子
乔峰,国籍,辽
丁春秋,登场作品,《天龙八部》
赵良栋,主要成就,平定三藩之乱
阿九,中文名,阿九
聂卫平,国籍,中国
江南七怪,中文名,江南七怪
百草仙,作者,金庸
林乐怡,国籍,中国
华赫艮,中文名,华赫艮
蒋四根,兵刃,水性好
孙仲君,其他名称,飞天魔女
掌钵龙头,朝代,元朝
袁冠南,出处,《鸳鸯刀》
段智兴,性别,男
余鱼同,所属组织,武当派
无崖子,所处年代,北宋
康广陵,性格,纯直而脾气拗执
水笙,登场作品,《连城诀》
徐志摩,主要成就,新月派代表诗人成立新月社
孙不二,所处时代,宋末元初
玄慈,结局,自绝经脉而死
贝海石,职业,军师
潇湘子,登场作品,《神雕侠侣》
金庸,出生地,浙江省海宁市
于人豪,门派,青城派
段正严,所处时代,大理
蒋英,代表作品,著有《西欧声乐艺术发展史》
查传诗,性别,女
海兰弼,身份,骁骑营佐领
欧阳锋,主要成就,天下第一
商宝震,门派,八卦门
韩小莹,别名,七妹
马行空,门派,飞马镖局
杨逍,登场回目,第十四回 当道时见中山狼
殷天正,性别,男
任盈盈,主要成就,合诛东方
宗维侠,性别,男
凌退思,性别,男
仪琳,别名,琳儿
韦春花,性别,女
多尔衮,民族族群,满族
程灵素,爱好,药王神篇
周芷若,性别,女
尼摩星,退场原因,被杨过暗杀
鹿杖客,登场作品,《倚天屠龙记》
林远图,代表作品,辟邪剑谱
韦一笑,教派,明教
甘宝宝,中文名,甘宝宝
灵智上人,登场作品,《射雕英雄传》
郭襄,年龄,15岁（初次出场）
温青青,中文名,温青青
公孙绿萼,出生地,绝情谷
虚竹,登场作品,《天龙八部》
萧远山,性别,男
杨铁心,武功,杨家枪法
云中鹤,中文名,徐志摩
完颜洪熙,出生日期,1192
史小翠,门派,金乌派
拓跋宏,主要成就,攻克南阳
金庸,代表作品,书剑恩仇录
余鱼同,七哥,徐天宏
丁敏君,门派,峨眉派
慕天颜,官职,湖广巡抚
张无忌,性别,男
拓跋宏,年号,太和（477年-499年）
佟国纲,旗籍,汉军正蓝旗
殷素素,身份,天鹰教紫薇堂堂主
白世镜,身份,丐帮执法长老
王难姑,夫妻关系,又恩爱
达尔巴,登场作品,《神雕侠侣》
任盈盈,年龄,登场十七
温青青,职业,女侠
闵子叶,门派,会友镖局
蒋百里,职务,保定陆军军官学校校长
黄真,年龄,[1]
耶律齐,别名,耶律兄
尹克西,职业,波斯商人
霍都,门派,密教金刚宗
拖雷,谥号,元仁圣景襄皇帝（追尊）
福康安,官职,武英殿大学士
鹤笔翁,中文名,鹤笔翁
耶律重元,出生日期,1021年
郭啸天,别名,啸哥
樊一翁,登场作品,《神雕侠侣》
史小翠,身份,金乌派掌门
阿紫,享年,19岁
九难,别名,朱媺娖
赵钱孙,登场作品,金庸名著《天龙八部》
万圭,出场回数,7回
俞岱岩,年龄,三十来岁（出场时）
丁不四,武器,黄金龙头九节鞭
袁承志,门派,华山派
马夫人,别名,马夫人
符敏仪,门派,灵鹫宫
王重阳,信仰,道教
石双英,门派,无极拳
佟国纲,民族族群,旗人
杨过,兵器,君子剑
忽必烈,汗号,薛禅汗
郭襄,外貌,秀美
林平之,门派,华山派
陈玄风,其他名称,铜尸
宋远桥,中文名,宋远桥
平阿四,登场作品,金庸作品《雪山飞狐》和《飞狐外传》
唐文亮,性别,男
张康年,中文名,张康年
胡青牛,中文名,胡青牛
小昭,中文名,小昭
桑土公,原著作者,金庸
鲁有脚,身份,丐帮帮主
彭莹玉,性别,男
慕容复,别名,慕容公子
木高峰,登场作品,《笑傲江湖》
任盈盈,别名,收起
吕留良,主要作品,《吕晚村先生文集》
包惜弱,中文名,包惜弱
仪琳,别名,小师太
郭芙,别名,郭大小姐
吕七,兵器,烟袋
韩宝驹,绝技,马术
万震山,武功,唐诗剑法（连城剑法）
蒋百里,出生日期,1882年
南希仁,中文名,南希仁
乔三槐,性别,男
杨铁心,民族,汉族
兆惠,主要成就,平定准噶尔
秦红棉,武功,五罗轻烟掌
天松道人,性别,男
聂卫平,出生日期,1952年8月17日
仪琳,别名,仪琳姐姐
李沅芷,武功,芙蓉金针
杨康,别名,小王爷
陶红英,别名,[1]
