包惜弱,饰演,林秀君
韦双双,登场作品,
努尔哈赤,所处时代,明末（后金）
梁自进,师兄,成自学
林平之,妻子,
谢逊,别名,谢退思
洪安通,武功,化骨绵掌
常遇春,谥号,忠武
萧峰,参与战役,聚贤庄之战，少室山武林群雄大会
天鸣方丈,身份,
华筝,别名,华筝妹子
何铁手,武功,五毒教
朱丹臣,擅长,书画
苏星河,饰演,韩振华
班淑娴,祖师,灵宝道人
灭绝师太,绝技,四象掌等
公孙绿萼,容貌,嘴边有粒小黑痣
李青萝,爱好,种山茶花
沐剑声,登场作品,《鹿鼎记》
陈孤雁,身份,丐帮四大长老之一
多尔衮,主要成就,统一全国
小昭,主要成就,为救张无忌被迫担任波斯明教教主
侯通海,登场作品,《射雕英雄传》
瑛姑,居所,黑龙潭
乔峰,配音,黄志成（2003年内地电视剧）
归钟,中文名,
史火龙,武功,打狗棒法
崔百泉,门派,伏牛派
李秋水,绝技,寒袖拂穴
段智兴,主要成就,渡化裘千仞
杨康,中文名,杨康
李莫愁,中文名,李莫愁
韩宝驹,武功,金龙鞭法
公孙绿萼,配音者,张颂欣等
百草仙,性别,男
苏荃,前夫,洪安通
查良琇,出生日期,1925年
李莫愁,国籍,南宋
戚芳,同门,万圭（丈夫）
焦宛儿,评价,聪明能干的好姑娘
冯默风,师兄,陈玄风
张康年,中文名,张康年
康广陵,师傅,苏星河
仪和,中文名,仪和
杨过,所创绝学,《黯然销魂掌》
袁承志,师父,穆人清
拖雷,所处时代,大蒙古国
焦公礼,出场目次,11回
金花婆婆,饰演,阎青妤 合拍电视剧《倚天屠龙记》
包不同,性格特点,直言不讳
闵子华,登场作品,《碧血剑》
慕天颜,字号,字拱极
萧峰,岳父/三伯,段正淳
戚长发,饰演,于东江2003版《连城诀》
段延庆,别名,恶贯满盈
武三娘,饰演,
何足道,别名,昆仑三圣
鹿清笃,中文名,鹿清笃
苏星河,饰演,刘仲元
无尘道长,八弟,杨成协
白世镜,身份,丐帮执法长老
温方山,女儿,
田伯光,中文名,田伯光
尹克西,结局,
完颜萍,民族,女真
殷梨亭,别名,武当七侠
朱玫,出生日期,[2]
九难,徒弟,阿珂
秦红棉,武功,
赵志敬,饰演,岳跃利1998版《神雕侠侣》
忽必烈,汗号,薛禅汗
张君宝,出生日期,4月9日
孙仲君,登场作品,金庸小说《碧血剑》
陈家洛,义父,于万亭
丁春秋,星宿三宝,柔丝索
虚竹,性别,
苗人凤,性别,男
林朝英,后代传人,小龙女、李莫愁、黄衫女子
仪琳,门派,恒山派
秦红棉,情人,
渡厄,师弟,
田青文,中文名,田青文
陈友谅,所处时代,元末
殷天正,逝世日期,
陆菲青,师弟,
公孙绿萼,容貌,但她秀雅脱俗
慕天颜,出生日期,天启四年（1624年）
彭莹玉,主要成就,元末民变领袖之一
万震山,武功,唐诗剑法（连城剑法）
殷素素,朝代,元朝
欧阳锋,儿子,欧阳克
赵敏,登场回目,第二十三回
朱子柳,民族,白族
胡一刀,别名,辽东大侠
常遇春,主要成就,
钟灵,身份,大理国贤妃
公孙绿萼,别名,萼儿
桑土公,中文名,桑土公
孟伯飞,大儿子,孟铮
萧峰,未婚妻,
余鱼同,妻子,李沅芷
余鱼同,信仰,
朱元璋,谥号,
张翠山,别名,张五侠
完颜洪烈,性别,男
木婉清,父亲,段正淳
灭绝师太,配音,林晓萍
令狐冲,爱好,喝酒，弹琴
凌退思,结局,中毒而死
曲洋,饰演,姜大卫2000版《笑傲江湖》
胖头陀,师兄,瘦头陀
温方山,性别,男
佟国纲,民族族群,旗人
苏星河,师弟,丁春秋
萧远山,国籍,辽国
青灵子,門派,「昆仑派」掌门人
穆旦,逝世日期,
彭莹玉,性别,男
拖雷,信仰,长生天
段延庆,饰演,展开
忽必烈,主要成就,开凿大运河
穆旦,主要成就,在《大公报》和《文聚》上发表诗作
赵钱孙,结局,被萧远山所杀
鸠摩智,中文名,鸠摩智
杨逍,中文名,杨逍
华筝,小说父亲,成吉思汗
逍遥子,星座,
徐天宏,登场作品,
凌退思,结局,抢夺梁武帝宝藏时
华筝,小说兄长,术赤
卫春华,四哥,文泰来
阿碧,心上人,慕容复
玉真子,门派,铁剑门
逍遥子,毕业院校,上海财经大学
萧远山,登场作品,《天龙八部》
无尘道长,身份,红花会二当家
陆菲青,武器,
鹤笔翁,饰演,车保罗
觉远,饰演,高雄
长平公主,出生日期,1629年
朱丹臣,武器,判官笔
冯锡范,门派,昆仑派
任盈盈,代表作品,琴曲《有所思》
蒋四根,三哥,赵半山
徐天宏,身份,
玉如意,来源,
杨逍,登场作品,《倚天屠龙记》
李莫愁,饰演,雪梨
何足道,年龄,三十余岁
于人豪,饰演,李瑞超（2013霍建华版）
金庸,主要成就,法国文化部法国艺术及文学司令勋衔
小昭,饰演,江希文
鸠摩智,国籍,吐蕃国
马行空,徒弟,徐铮
杨过,久居地,嘉兴
杨铁心,职业,武术家
石破天,别名,大粽子
李泰,身高,
木婉清,别名,婉妹
陆冠英,父亲,陆乘风
郭襄,才艺,书
尼摩星,性别,男
马光佐,饰演,张伸
王难姑,退场时间,
忽必烈,庙号,元世祖
徐志摩,笔名,章垿等
杜治芬,出生日期,1930年
岳不群,修习武功,紫霞神功
周芷若,饰演,邓萃雯（1986年香港无线电视剧）
天门道人,师叔,玉玑子
左冷禅,饰演,收起
曲灵风,师父,黄药师
张无忌,饰演,苏有朋（2003年合拍电视剧）
福康安,追封,嘉勇郡王
张无忌,饰演,展开
徐志摩,职业,诗人、作家
吕留良,本名,吕留良
曲三,其他名称,曲三
乔峰,年龄,三十三岁（享年）
杨逍,女儿,杨不悔
华筝,民族,蒙古族
天山童姥,门派,逍遥派
余鱼同,四嫂,骆冰
杨成协,四哥,文泰来
耶律齐,武功,空明拳等
史红石,年龄,十二三岁左右
阳顶天,中文名,阳顶天
杨不悔,第一次登场,
平阿四,登场作品,
慕容复,性别,男
王重阳,师弟,周伯通
赵敏,别名,敏敏特穆尔
李沅芷,职业,侠客
梦姑,登场作品,《天龙八部》
杨康,饰演,袁弘2008版《射雕英雄传》
马行空,别名,百胜神拳
安剑清,女婿,崔希敏
梁自进,师兄,廖自砺
卫春华,六哥,常伯志
李莫愁,配音,黄玉娟
吴六奇,所处时代,
韦双双,别名,
纪晓芙,饰演,陶虹
曲傻姑,饰演,王莎莎
鳌拜,主要成就,征朝鲜
杨过,师傅,神雕
多尔衮,逝世地,古北口外喀喇城
陆菲青,門派,屠龙帮→武当派
段天德,职业,
陆冠英,饰演,展开
段智兴,身份,高僧一灯大师
蓝凤凰,义嫂,任盈盈
渡厄,师侄,
仪琳,别名,琳儿
完颜洪烈,养子,完颜康
朱由榔,主要成就,西南抗清
梅超风,饰演,孔维2008版《射雕英雄传》
郭啸天,孙女,郭芙
杨过,中文名,杨过
段智兴,饰演,郑伊健
袁士霄,登场作品,《书剑恩仇录》
武三通,民族,白族
黄蓉,饰演,朱茵
李彧,外文名,Li Yu
刀白凤,情敌,秦红棉
多尔衮,谥号,懋德修道广业定功安民立政诚敬义皇帝（顺治七年追谥
李泰,体重,
朱丹臣,别名,笔砚生
穆人清,门派,华山派
钱永刚,国籍,中国
水笙,饰演,谢宁（89年香港无綫电视剧）
焦木和尚,性别,男
冷谦,本名,冷谦
平阿四,其他名称,癞痢头阿四
哑婆婆,性别,女
安小慧,中文名,安小慧
完颜萍,出生地,金国
吴立身,徒弟,敖彪
公孙止,武功,阴阳倒乱刃法
曲三,女儿,曲傻姑
天门道人,个性,嫉恶如仇
任盈盈,别名,收起
公孙止,性别,男
丁春秋,徒弟,阿紫等
白自在,中文名,白自在
马夫人,情夫,白世镜
风清扬,属下,桃谷六仙
孙不二,出生日期,1119年
金庸,代表作品,射雕英雄传
袁承志,出生地,
任盈盈,门派,日月神教
张翠山,义兄,谢逊
和珅,别名,和珅
陆菲青,别名,陆高止
萧峰,性别,
张三丰,民族族群,汉族
程灵素,结局,牺牲自己替他啜毒而死
南海鳄神,饰演,李彧（03版）
云中鹤,主要成就,新月派代表诗人
莫声谷,师兄,张翠山
张三丰,所处时代,南宋末年
陶红英,饰演,陈安莹（98版鹿鼎记）韩月乔（08版鹿鼎记）
完颜洪烈,别名,王爷
甘宝宝,出场章回,第四十八章
殷离,年龄,十八岁（成年后再次登场）
刀白凤,性别,
袁承志,主要成就,
陆冠英,配偶,程瑶迦
忽必烈,主要成就,首创行省制度
劳德诺,别名,萨老头
何太冲,身份,昆仑派掌门
左子穆,徒弟,龚光杰 
黄真,身份,华山派掌门
纪晓芙,别名,芙妹
扫地僧,饰演,叶夏利
赵敏,性别,女
殷野王,门派,
张三丰,出生日期,4月9日
陈家洛,民族,汉族
阿朱,居所,姑苏听香水榭
陆冠英,饰演,张鸿昌
岳灵珊,年龄,死时20岁
穆人清,徒孙,梅剑和
秦红棉,绰号,修罗刀
段智兴,登场作品,《神雕侠侣》
何红药,情敌,温仪
完颜萍,国籍,金国
小玄子,登场作品,《鹿鼎记》
阿九,别名,朱媺娖
无崖子,武功绝学,「北冥神功」
李莫愁,师父,林朝英的丫鬟
洪七公,饰演,梁家仁
林乐怡,别名,金迷称“小龙女”
袁承志,岳母,温仪
焦宛儿,恩公,袁承志
慕容博,武功,
苏荃,前夫,
符敏仪,尊主,虚竹
钱均夫,儿子,钱学森
小龙女,饰演,陈妍希
乔峰,配音,黄河（1997年香港无线电视剧）
劳德诺,中文名,劳德诺
林乐怡,外文名,
梁子翁,结局,
欧阳克,别名,小毒物
花万紫,师兄,白万剑
陆冠英,师祖,黄药师
胡青牛,饰演,罗国维
华筝,小说兄长,拖雷
范百龄,所属作品,天龙八部
杜百当,中文名,
武三娘,中文名,
白世镜,武器,破甲锥
杨莲亭,饰演,牛宝军
殷素素,门派,天鹰教
殷野王,妹夫,
徐天川,别名,八臂猿猴、徐大哥
王进宝,主要成就,平定三藩之乱
于万亭,心上人,陈家洛母亲徐氏
南兰,饰演,曹众1999版《雪山飞狐》
天鸣方丈,别名,天鸣禅师
陆菲青,师弟,张召重
耶律楚材,主要作品,《湛然居士文集》等
杨铁心,仇人,段天德
郭襄,饰演,李绮红
萧远山,性别,男
胡桂南,性别,男
郭靖,武功家数,空明拳
朱元璋,主要成就,建立明朝，推翻元朝统治休养生息，开创洪武之治
耶律洪基,年号,大安（1085年）
段智兴,弟子,慈恩（裘千仞）
胡一刀,民族,汉族
何红药,侄女,
张无忌,配音,粤语
黛绮丝,饰演,夏萍 香港邵氏电影《倚天屠龙记》
吴长风,身份,丐帮六大长老之一
全金发,老大,柯镇恶
曲傻姑,性别,
朱由检,陵墓,思陵
何沅君,登场作品,
程英,饰演,展开
拓跋宏,年号,太和（477年-499年）
武烈,解释,武功
余沧海,登场作品,《笑傲江湖》
史红石,门派,丐帮
杨铁心,旧版儿媳,秦南琴
黄蓉,配音,黄怡晴
范遥,饰演,王维德
郭芙,中文名,郭芙
段正明,主要成就,与四大恶人之首的“恶贯满盈”段延庆切磋一阳指为了请黄眉僧解救段誉而免除大理国的盐税为便于对抗鸠摩智而出家为僧
欧阳锋,别名,锋兄
史小翠,丈夫,
段正淳,饰演,潘志文
殷天正,出生日期,
阿朱,别名,朱碧双姝（与阿碧合称）
殷天正,职业,
点苍渔隐,性别,男
赵志敬,饰演,饰演
欧阳锋,宿敌,“北丐”洪七公
双儿,年龄,15（新修版）
耶律齐,饰演,詹秉熙
王进宝,官职,奋威将军
岳灵珊,父母,
完颜洪烈,饰演,鲍大志
范文程,出生日期,1597年（万历二十五年）
段正淳,饰演,展开
白自在,饰演,常枫
焦公礼,所处朝代,明朝
殷天正,别名,
钟灵,姐妹,阿朱
邓炳春,领导,苏荃
李可秀,职务,
李彧,国籍,中国
尼摩星,配音,陈欣（2006版刘亦菲主演电视剧）
凌退思,饰演,岳华1980版《连城诀》
武敦儒,大舅哥,耶律齐
周颠,中文名,
耶律洪基,年号,咸雍（1065年）
裘千尺,出场目次,31
唐文亮,中文名,唐文亮
陆菲青,小说地位,
何沅君,别名,沅君
乔峰,别名,展开
阿朱,母亲,阮星竹
凌退思,中文名,
周芷若,师姐,静玄
安小慧,青梅竹马,袁承志
常遇春,主要成就,攻破大都
欧阳锋,执念,《九阴真经》
薛慕华,门派,逍遥派
殷野王,门派,天鹰教
宋青书,内功,九阴真经
天门道人,师叔,
范百龄,爱好,下棋
金轮法王,门派,
欧阳锋,登场作品,《射雕英雄传》
欧阳克,兵器,铁扇
王元霸,民族,汉族
柯镇恶,招数,秦王鞭石
哑婆婆,女儿,仪琳
云中鹤,笔名,海谷
冯默风,其他名称,冯铁匠
长平公主,祖父,朱常洛（明光宗）
戚芳,饰演,黎美娴（1989版电视剧）
胡斐,登场作品,《雪山飞狐》《飞狐外传》
凌退思,中文名,凌退思
段誉,别名,段和誉
吴之荣,饰演,焦雄
曲傻姑,师公,
木岛主,国籍,中国
尹克西,武功,黄沙万里鞭法
劳德诺,师母,宁中则
吕通,武功,
尼摩星,身份,蒙古三杰之一
胡青牛,饰演,杜玉明
木婉清,饰演,饰演
武敦儒,年龄,
程瑶迦,登场作品,《射雕英雄传》
陆立鼎,饰演,周浩东（2006版电视剧）
林平之,登场作品,《笑傲江湖》
彭长老,帮主,北丐洪七公
陶百岁,民族,汉族
丁春秋,饰演,徐少强1994年《天龙八部之天山童姥》
戚芳,饰演,何美钿（2004版电视剧）
狄云,登场作品,
朱聪,饰演,03版于又川
木桑道长,好友,袁承志
丁敏君,师妹,
陶红英,别名,[1]
刚相,朝代,元朝
杜治芬,国籍,中国
阿青,师友,
陈友谅,逝世日期,1363年
段智兴,身份,大理宣宗皇帝
风际中,形象,绝不起眼，给人留不下什么印象
安剑清,女儿,
李泰,职业,演员
蒋四根,推荐,
耶律楚材,别名,[6]
乔峰,配音,王凯（2013年内地电视剧）
陈玄风,饰演,姚奕辰
凌退思,毒药,
阎基,畏惧之人,
灭绝师太,外文名,Abbess Miejue
陆天抒,别名,仁义陆大刀
瘦头陀,性别,男
拓跋宏,主要成就,汉化改革
天鸣方丈,中文名,天鸣
冯蘅,饰演,黄奕
花万紫,师兄,
完颜萍,中文名,完颜萍
小龙女,饰演,李通明
何铁手,性别,女
骆冰,爱慕者,余鱼同
陆乘风,儿子,陆冠英
冷谦,字号,或曰起敬道号龙阳子
朱元璋,年号,洪武
聂卫平,星座,狮子座
神照上人,登场作品,《鹿鼎记》
余鱼同,别名,金笛秀才
长平公主,父亲,朱由检（明思宗）
萧峰,仰慕者,阿紫、康敏
丁春秋,饰演,鹿峰1990年《天龙八部》
丁不四,武功,丁家擒拿手
朱子柳,师父,一灯大师
阿紫,姊妹,王语嫣
仪琳,武功,万花剑法
江南七怪,创建时间,2012年 07月
风际中,终结者,
蓝凤凰,饰演,饰演
金蛇郎君,性别,
令狐冲,配偶,
闵子叶,登场作品,《碧血剑》
欧阳锋,饰演,黑子
忽必烈,性别,男
耶律楚材,出生地,燕京
丁典,恋人,凌霜华
黛绮丝,饰演,饰演
耶律重元,中文名,耶律重元
多尔衮,本名,爱新觉罗·多尔衮
岳灵珊,年龄,出场18岁，死时20岁
林平之,师父,
王难姑,终结者,紫衫龙王黛绮丝
空见,师兄弟,空闻
丁春秋,登场作品,《天龙八部》
陆无双,中文名,陆无双
沙通天,绝技,移形换位
殷梨亭,逝世日期,1403年
陶子安,国籍,清朝
梦姑,中文名,李清露
陈友谅,民族,汉族
商宝震,登场作品,
小龙女,别名,龙儿
段智兴,别名,南僧
袁承志,出生年份,
阿青,其他名称,
陆大有,饰演,张倬闻
殷天正,出生地,中国
裘千尺,出场目次,20
多尔衮,庙号,成宗（顺治七年追封
宁中则,女儿,岳灵珊
陆天抒,性别,
田伯光,饰演,孙海英
林平之,登场作品,
夏雪宜,别名,金蛇郎君
说不得,饰演,罗君左
赵良栋,主要成就,
蓝凤凰,饰演,谈佩珊1996版《笑傲江湖》
澄观,主要作品,
俞岱岩,性别,男
仪琳,饰演,姜卓君
福康安,主要成就,平定大小金川，镇压林爽文起义，驱逐廓尔喀
徐达,官职,中书右丞相
渡难,师侄,空闻
丁典,武功,无影神拳
耶律楚材,所处时代,蒙元
花铁干,门派,
朱由检,别名,崇祯帝
觉远大师,年龄,五十岁左右（《神雕侠侣》初登场）
段延庆,配音,张济平（1997年李鸿杰版）郭政建（2013年杜玉明版）
静玄师太,国籍,
陆冠英,中文名,陆冠英
九难,父亲,崇祯皇帝
朱由检,年号,崇祯
胡斐,心上人,袁紫衣
陆无双,表姐,程英
郭襄,配音,阎萌萌
闵子华,朝代,明朝
柯镇恶,徒孙,武修文
贝锦仪,中文名,贝锦仪
黛绮丝,饰演,杨明娜 内地电视剧《倚天屠龙记》
阳顶天,别名,杨破天（连载版小说姓名）
戚长发,别名,铁索横江
武修文,师母,黄蓉
刘乘风,武功,
完颜萍,中文名,
张召重,掌门人,马真道长
查良琇,国籍,中国
李青萝,国籍,北宋
石破天,饰演,蔡宜达2014版《侠客行》
王夫人,身份,夫人
张翠山,儿子,张无忌
文泰来,总舵主,于万亭→陈家洛
扫地僧,性别,男
胡青牛,别名,蝶谷医仙
温青青,别名,温青
博尔术,别名,孛儿楚
安剑清,妻子,
吴立身,师侄,方怡
建宁公主,性别,女
穆人清,徒弟,归辛树
何沅君,性别,
欧阳锋,齐名者,王重阳
左冷禅,门派,嵩山派
杜治芬,别名,杜四娘
白自在,身份,雪山派掌门
殷素素,饰演,米雪、郭妃丽、王媛可、陈欣予
洞玄,师兄,
风际中,形象,给人留不下什么印象
殷梨亭,师侄,谷虚子
温方山,女儿,温仪
任盈盈,别名,盈盈
郭襄,别名,郭女侠
程瑶迦,出生地,宝应程府
段天德,结局,死于杨康的九阴白骨爪下
梅念笙,职业,侠客
柯镇恶,武功,伏魔杖法、降魔杖法
查良琇,国籍,
钱均夫,主要成就,国民政府浙江省教育厅厅长
段正淳,性别,男
司空玄,登场作品,天龙八部
金花婆婆,中文名,黛绮丝
林震南,身份,福威镖局总镖头
耶律燕,父亲,耶律楚材
范遥,尊敬的人,阳顶天
洪七公,饰演,杨越
王难姑,夫妻关系,又恩爱
张无忌,武功,七伤拳
杨过,兵器,君子剑
潇湘子,职业,忽必烈帐下高手
武修文,嫂子,
文泰来,八弟,杨成协
枭道人,生日,未知
静玄师太,国籍,中国
金花婆婆,饰演,饰演
林平之,籍贯,
凌霜华,中文名,凌霜华
南兰,女儿,苗若兰
霍都,民族,
阮星竹,性别,女
文泰来,九弟,
欧阳锋,齐名者,段智兴
谢烟客,年龄,五十多岁
刘一舟,别名,
陈近南,谥号,
白自在,饰演,汤镇业
张阿生,性别,男
蒋百里,注音,ㄐㄧㄤˇ ㄅㄞˇ ㄌㄧˇ
赵良栋,爵位,
李泰,语种,赣语、普通话、英语
徐达,出生日期,1332年
曲三,性别,
灭绝师太,饰演,王菁华
田伯光,门派,恒山派
喀丝丽,姐姐,
史火龙,其他名称,金银掌
苏星河,饰演,廖启智
洪安通,别名,洪教主
陆乘风,门派,桃花岛
鸠摩智,饰演,巴音
莫声谷,师侄,宋青书、谷虚子、张无忌
鹿杖客,武功,玄冥神掌
朱玫,别名,[2]
潇湘子,登场作品,《神雕侠侣》
归辛树,别名,归二爷
岳不群,女儿,岳灵珊
孙不二,民族族群,汉人
柯镇恶,别名,柯大侠
商老太,武器,喂了毒的金镖
尹克西,武器,
梅剑和,师伯,黄真
程英,师父,黄药师
殷素素,饰演,
无尘道长,十弟,章进
洪七公,修习武功,打狗棒法
阿紫,母亲,阮星竹
李明,特长,唱歌
阿碧,师父,“琴癫”康广陵
努尔哈赤,主要成就,统一女真诸部
努尔哈赤,别名,弩尔哈齐
阿朱,亲属,阿紫 段誉 王语嫣 木婉清 钟灵
胡夫人,儿子,
霍青桐,意中人,陈家洛
殷梨亭,岳父,杨逍
蒙哥,民族族群,蒙古族
梅念笙,徒弟,
觉远,朝代,南宋
狄云,别名,
邓炳春,年龄,30左右
段智兴,中文名,段智兴
贝海石,主要成就,拥立傀儡
朱由榔,性别,男
公孙绿萼,舅舅,裘千丈
苗若兰,心上人,胡斐
周芷若,饰演,收起
海大富,饰演,谷峰
谢逊,饰演,徐锦江
乔峰,饰演,展开
黄蓉,主要武功, 落英神剑掌
丁春秋,民族,汉族
杨过,别名,过儿
徐天宏,中文名,
谭婆,性别,
洪七公,别名,老叫花
王重阳,红颜,
冯锡范,别名,一剑无血
殷离,身材,
藏边五丑,师父,
徐禄,职业,军人
文泰来,岳父,骆元通
曲洋,登场作品,《笑傲江湖》
任我行,属下,东方不败
钟万仇,居住地,万劫谷
霍都,师父,金轮法王
吴之荣,别名,
全金发,所属组织,江南七怪
陈家洛,红颜,霍青桐
吴之荣,性别,男
何足道,弟子,白鹿子
徐志摩,毕业院校,杭州一中英国剑桥大学
尼摩星,外貌特点,矮且黑
卫璧,登场作品,《倚天屠龙记》
凌霜华,国籍,中国
花铁干,书中结局,天宁寺中毒而亡
谢逊,饰演,黑子
范文程,字号,号辉岳
林仲雄,中文名,林仲雄
班淑娴,中文名,班淑娴
李秋水,轻功,凌波微步
玄慈,结局,
郭靖,徒弟,武修文
温方山,大哥,
逍遥子,职业,企业家[1]
福康安,字号,字瑶林，号敬斋
易三娘,登场作品,《倚天屠龙记》
黄药师,外孙,郭破虏
和珅,官职,领班军机大臣
蒙哥,主要成就,招降吐蕃
聂卫平,主要成就,1979-83
茅十八,职业,江洋大盗
陈圆圆,逝世日期,公元1695年5月16日(乙亥年)
杜百当,中文名,杜百当
钱均夫,中文名,钱均夫
王元霸,门派,金刀门
耶律洪基,字,涅邻
仪琳,父母,哑婆婆
林平之,门派,
张康年,性别,男
闵柔,门派,玄素庄
贝锦仪,祖师,郭襄
邓百川,民族,汉族
朱玫,中文名,朱玫
李沅芷,首次出场时间,第一回古道腾驹惊白发 危峦击剑识青翎
褚万里,登场作品,《天龙八部》
天鸣方丈,门派,
云中鹤,笔名,南湖
空智,方丈,
绿竹翁,饰演,王清河1978版《笑傲江湖》
平阿四,中文名,
胡一刀,国籍,中国
无尘道长,性别,男
徐天宏,义父,
朱丹臣,别名,
风清扬,师侄,宁中则
黄蓉,配音,邢金莎
博尔术,读音,ā ér là bó ěr zhú
周绮,大师兄,
洪凌波,同门,杨过
小龙女,饰演,刘亦菲
南兰,父亲,南仁通
封万里,别名,风火神龙
殷野王,妹妹,殷素素
周芷若,别名,周师妹
公孙绿萼,舅舅,裘千仞
阿九,饰演,李菲
何红药,心上人,
丁不三,三宝,孙女丁珰、玄冰碧火酒、一身武功
郭靖,子女,
谢逊,饰演,臧金生
米横野,职位,香主
徐禄,出生日期,1930年4月
李秋水,性别,女
骆冰,三哥,赵半山
鹿杖客,师弟,鹤笔翁
岳灵珊,性别,
凌霜华,丫鬟,菊友
丁敏君,国籍,中国
闵柔,民族,汉族
徐志摩,字,
耶律齐,登场作品,《神雕侠侣》
曲灵风,武功,劈空掌、铁八卦
徐达,别名,徐魏公
岳老三,师父,段誉
九难,年龄,十五岁（碧血剑）
左冷禅,饰演,顾冠忠2000年台湾中视版《笑傲江湖》
殷梨亭,武功绝技,武当太极剑
宁中则,剑法,
胖头陀,登场作品,《鹿鼎记》
陈近南,逝世日期,1681年
胡青牛,饰演,安德尊
韩千叶,登场作品,《倚天屠龙记》
静玄师太,兵器,拂尘，剑
余鱼同,八哥,杨成协
郭靖,女婿,耶律齐
杨过,年龄,35岁（归隐年龄）
徐天宏,总舵主,于万亭→陈家洛
华赫艮,中文名,华赫艮
焦宛儿,丈夫,罗立如
周颠,所处时代,
不戒和尚,掌门人,令狐冲
梅念笙,主要成就,
小玄子,性别,男
钱永刚,妹妹,钱永真
李明,出生日期,1966年9月11日
鲁有脚,帮主,洪七公
丁敏君,国籍,
武敦儒,母亲,武三娘
南海鳄神,其他名称,岳老三
巴天石,主上,段正明
小龙女,门派,古墓派
徐天川,中文名,
公孙止,女儿,公孙绿萼
沐剑声,饰演,李家强
阿九,中文名,阿九
薛慕华,登场作品,
林平之,师父,岳不群
夏雪宜,饰演,凌云1980版《碧血剑》
空闻,性别,男
长平公主,曾祖父,朱翊钧（明神宗）
林平之,父母,林震南、王夫人
徐达,主要成就,明朝开国第一功臣
蒋英,性别,女
查良璇,中文名,查良璇
岳老三,组织,
玄寂,称号,八大神僧之一
林平之,盟友,劳德诺
殷天正,教主,张无忌
公孙绿萼,配音者,李娟
岳不群,弟子,梁发
冯默风,登场作品,《射雕英雄传》
武三通,妻子,武三娘
狄云,中文名,狄云
阿青,其他名称,牧羊女
朱聪,兵器,铁扇
朱九真,年龄,17岁（初登场）
玉真子,师兄,木桑道长
侯通海,别名,三头蛟
胖头陀,登场作品,《小宝与康熙》
血刀老祖,武功,血刀经
金蛇郎君,武器,金蛇剑
郭芙,家人,郭襄
刘一舟,隶属,
静玄师太,祖师,郭襄
扫地僧,登场作品,《天龙八部》
萧远山,别名,远山
裘千尺,饰演者,罗兰
蒋英,儿子,
宝树,中文名,李俊
张召重,师侄,
王元霸,中文名,王元霸
觉远大师,饰演,鲍方
贝海石,别名,贝先生
瘦头陀,形象,
吴六奇,民族族群,
福康安,字号,号敬斋
安剑清,妻子,安大娘
阳夫人,饰演,李依晓
戚芳,父亲,戚长发
徐天川,登场作品,
神照上人,特点,力大无穷
梁自进,职业,剑客
甘宝宝,别名,宝宝
陈家洛,别名,三官
薛慕华,师傅,苏星河
无崖子,外孙女,王语嫣
胡夫人,民族,华夏
谢烟客,修习武功,
南海鳄神,中文名,南海鳄神
张无忌,饰演,林家声（1965年香港粤语电影）
杨逍,登场回目,第十四回 当道时见中山狼
完颜洪烈,饰演,刘江
曲灵风,女儿,
白振,登场作品,《书剑恩仇录》
胡青羊,性别,女
贝海石,主要成就,联合属下，逼迫司徒横让位
常遇春,出生日期,
白振,救命恩人,陈家洛
李莫愁,久居地,终南山活死人墓
洪凌波,性别,女
林乐怡,民族,
李明,特长,驾驶
崔百泉,别名,
朱丹臣,职业,
蓝凤凰,领导,任盈盈
双儿,中文名,双儿
吕留良,民族族群,汉族
汤沛,人物设定,三才剑掌门人
玄苦,爱徒,乔峰
上官虹,性别,女
裘千丈,中文名,裘千丈
凌退思,结局,
林朝英,登场作品,《神雕侠侣》
多隆,职位,御前侍卫总管
宁中则,女婿,
宋远桥,登场作品,
全冠清,帮主,汪剑通、乔峰
吴长风,身份,
杨成协,总舵主,于万亭
沐剑声,身份,锄奸盟云南省云南省盟主
人厨子,国籍,中国
袁承志,门派,
蒙哥,出生日期,1209年1月10日
一灯大师,身份,大理宣宗皇帝
慕容复,生日,约1064年
云中鹤,笔名,诗哲
沐剑屏,师兄,
于万亭,中文名,于万亭
胡逸之,中文名,
赵良栋,主要作品,《赵忠襄奏疏存稿》
多隆,民族,满族
向问天,饰演,金楷杰2018版《新笑傲江湖》
胡一刀,中文名,胡一刀
洪凌波,国籍,大宋
张无忌,配音,陈明阳
田伯光,轻功,正睬三叠云
穆旦,祖籍,
戚芳,年龄,18
阿朱,性别,女
任盈盈,主要成就,继任日月神教教主，修好各派
劳德诺,饰演,宝木中阳（2013版）
夏雪宜,饰演,收起
陆天抒,登场作品,
陶百岁,职业,饮马川山寨寨主
赵志敬,仇人,小龙女
喀丝丽,父亲,
孟伯飞,别名,
段智兴,名号,“五绝”之南帝
朱子柳,武器,判官笔
南兰,饰演,袁嘉佩1991版《雪山飞狐》
胡逸之,心上人,陈圆圆
鲜于通,民族,
袁冠南,兵器,沉香扇
张召重,武器,凝碧剑
谢烟客,饰演,徐少强2017版《侠客行》
虚竹,中文名,
茅十八,相关事件,带韦小宝到北京
赵良栋,爵位,一等伯爵
韩宝驹,所属组织,
曲灵风,师父,
完颜洪烈,饰演,郑雷
刘一舟,中文名,
凌退思,人物性格,
萧远山,主要成就,力拼中原群雄
陶红英,生死之交,韦小宝
徐天宏,八弟,
闵子华,饰演,李冬果 饰 闵子华 （07版《碧血剑》）
多尔衮,民族族群,满族
鲜于通,性格特点,道德败坏
何铁手,门派,五毒教、华山派
韦小宝,门派,铁剑门
拓跋宏,谥号,孝文皇帝
殷梨亭,岳母,纪晓芙
天竺僧,师侄,慈恩
商宝震,饰演,容锦昌
何足道,登场作品,《倚天屠龙记》
木婉清,别名,婉清
侍剑,饰演,周晓云
范遥,教主,阳顶天
青灵子,性别,男
梅剑和,师父,神拳无敌归辛树
闵子叶,门派,会友镖局
陈家洛,别名,陈会长
殷天正,别名,白眉鹰王
史红石,中文名,史红石
向问天,饰演,徐少强2000版《笑傲江湖》
宋远桥,性别,
都史,妻子,但并未成亲）
郭芙,主要成就,镇守襄阳
陆二娘,丈夫,
莫声谷,师兄,宋远桥
丁春秋,性别,男
林远图,信仰,佛教
彭连虎,身份,悍匪
李秋水,武功,小无相功
游坦之,门派,丐帮
徐达,出生地,[1]
海大富,饰演,海葵
黛绮丝,饰演,江欣燕、冯素波香港无线电视剧《倚天屠龙记》
阿九,饰演,何佳怡等
段延庆,同族兄弟,段正淳
阿朱,别名,阿朱姑娘
莫声谷,师父,
李莫愁,饰演,孟广美
余鱼同,所属组织,武当派
林乐怡,丈夫,
和珅,主要成就,位列紫光阁功臣
梅超风,饰演,麦翠娴1994版《射雕英雄传》
张翠山,性别,男
阿碧,中文名,阿碧
萧峰,养父,乔三槐
梅超风,饰演,陈丽华1988版《射雕英雄传》
空闻,门派,少林寺
萧峰,民族,
归钟,性别,
钟万仇,中文名,钟万仇
夏雪宜,饰演,饰演
梅芳姑,中文名,梅芳姑
简长老,中文名,简长老
海大富,饰演,刘兆铭
张无忌,配音,配音依次分为国语、粤语、日语）
查传诗,职业,记者、编辑、总监
钱均夫,毕业院校,东京高等师范学校（现筑波大学）
灭绝师太,年龄,44或者45岁
徐天宏,五哥,常赫志
一灯大师,名号,“五绝”之南僧
武三通,出生地,
蒙哥,出生地,漠北草原
静玄师太,师妹,
天鸣方丈,师侄,觉远、无相、无色
风际中,终结者,双儿
风际中,年龄,
洞玄,大师兄,
李秋水,配音,吴小艺，张凯
查传诗,配偶,
杨逍,别名,光明左使
完颜洪熙,逝世日期,1193
萧峰,生父,
刘一舟,登场作品,《鹿鼎记》
何铁手,武功,五毒教、华山派正邪两大派的武功
侍剑,饰演,
凌退思,结局,抢夺梁武帝宝藏时，中毒而死
石双英,二哥,无尘道长
王难姑,招数,
凌霜华,民族,汉族
殷梨亭,师侄,宋青书
查良琇,哥哥,金庸
张无忌,配音,伊藤健太郎（2009年内地电视剧，配音依次分为国语
香香公主,父亲,木卓伦
段誉,饰演,饰演
黄药师,女儿,黄蓉
林震南,祖传剑谱,假辟邪剑法
黄蓉,配音,徐佳琦
乔峰,别名,收起
黄蓉,饰演,林依晨
周芷若,饰演,黎姿（1993年香港永盛电影）
曾柔,师父,司徒伯雷
袁士霄,别名,天池怪侠
鲜于通,门派,
符敏仪,师父,天山童姥
殷天正,中文名,
蒋英,表弟,
刘正风,别名,刘三
朱九真,中文名,朱九真
南兰,性别,女
关明梅,别名,雪雕
金轮法王,身份,
黄药师,身份,东海桃花岛主
杨铁心,先祖,杨再兴
武三通,身份,一灯大师弟子，渔樵耕读之耕
曲洋,暗器,黑血神针
欧阳锋,登场作品,《神雕侠侣》
武三通,国籍,
苗若兰,中文名,苗若兰
戚长发,中文名,戚长发
双儿,饰演,张檬
王夫人,陵墓,
袁承志,师父,倪浩
周颠,别名,
秃笔翁,所属,梅州四友
梦姑,性别,女
李可秀,人物关系,
黄药师,饰演,李铭顺
云中鹤,中文名,徐志摩
朱丹臣,国籍,大理国
祖千秋,性别,男
徐达,出生地,濠州钟离
朱丹臣,擅长,
张召重,敌人,
林平之,盟友,
长平公主,丈夫,周显
蒋四根,兵刃,使的却是“凝懂判鲁智深疯魔杖”战组永宙的招术
穆旦,出生日期,
瑛姑,职业,大理贵妃
南海鳄神,兵器,鳄尾鞭
司空玄,作者,金庸
张翠山,饰演,刘松仁
夏雪宜,中文名,夏雪宜
段誉,性别,男
云中鹤,民族,汉族
刀白凤,别名,
蒋百里,职务,保定陆军军官学校校长
丁敏君,登场作品,
苏星河,徒弟,“函谷八友”
武青婴,性别,女
梁自进,师兄,白自在
吕留良,所处时代,明末清初
司徒横,终结者,贝海石
沐剑屏,年龄,
金花婆婆,性别,女
史火龙,民族,汉族
喀丝丽,姐姐,霍青桐
李秋水,胞妹,李碧云
薛慕华,师傅,
桑土公,饰演,张伸
刘正风,武功,百变千幻衡山云雾十三式
任盈盈,主要成就,杀杨莲亭以乱其心，合诛东方
李莫愁,配音,陈惠卿
慕容博,儿子,
钟万仇,别名,马王神
耶律燕,中文名,耶律燕
陆天抒,武器,
耶律齐,别名,耶律公子
阮星竹,年龄,约莫三十五六岁（初登场）
马光佐,性别,男
曲洋,饰演,于荣1978版《笑傲江湖》，甘国卫1984版《笑傲江湖》，秦伟1985版《笑傲江湖》，林正英1990版《笑傲江湖》，黎汉持1996版《笑傲江湖》，姜大卫2000版《笑傲江湖》，丛志军2001版《笑傲江湖》，梁维东2002版《笑傲江湖》，宗峰岩2013版《笑傲江湖》
马光佐,饰演,康磊
公冶乾,主要成就,掌法有“江南第二”之称
洞玄,掌门人,
张阿生,绝技,铁布衫
耶律洪基,主要作品,《清宁集》
秃笔翁,登场作品,《笑傲江湖》
韩宝驹,终结者,杨康
蓝凤凰,义兄,令狐冲
长平公主,母亲,孝节烈皇后周氏
旭烈兀,别名,吁里兀
丁不四,别名,一日不过四
戚芳,性别,女
胡青牛,中文名,胡青牛
福康安,字号,
凌霜华,登场作品,《连城诀》
长平公主,封号,长平公主（一说为谥号）
冯默风,师姐,梅超风
察罕特穆尔,性别,男
小龙女,武器,淑女剑
赵良栋,官职,
田归农,女儿,田青文
马光佐,饰演,陈国权
张康年,上司,康熙
胡青牛,饰演,郭子乾
沐剑屏,父亲,沐天波
周颠,信仰,
天鸣方丈,性别,男
胡桂南,登场作品,《碧血剑》
完颜萍,绝技,枯藤缠树
余鱼同,领导,于万亭
曲三,登场作品,
任盈盈,武器,长短双剑
萧峰,国籍,
袁紫衣,武功,六合拳
余鱼同,六哥,
蒙哥,别名,元宪宗
韦小宝,主要成就,
莫声谷,使用武器,剑
查品珍,国籍,中国
归辛树,儿子,归钟
梅念笙,传人,
鸠摩智,武功,小无相功
何铁手,饰演,陈秀珠1985版《碧血剑》，袁咏仪1993版《新碧血剑》，袁彩云2000版《碧血剑》，萧淑慎2007版《碧血剑》
温青青,中文名,温青青
左冷禅,身份,嵩山派掌门人
阿九,饰演,毛舜筠
聂卫平,出生地,河北省深州市
段延庆,儿子,段誉
努尔哈赤,庙号,太祖（追尊）
余鱼同,师叔,
觉远大师,性别,男
云中鹤,前妻,张幼仪
黄蓉,饰演,周迅
曲三,师父,
郭襄,外貌,秀美
武敦儒,弟弟,
双儿,饰演,杨祺如
完颜萍,绝技,云横秦岭
文泰来,总舵主,于万亭
徐志摩,字,槱森
王难姑,擅长,下毒
殷野王,父亲,殷天正
田伯光,饰演,陈惠敏
查传倜,祖籍,浙江海宁袁花镇
赵敏,饰演,贾静雯（2003年合拍电视剧）
何太冲,师兄,玉虚道长
九难,饰演,张敏
黄真,性别,男
梅念笙,职业,
范遥,特点,各家武功招数渊博
小昭,饰演,许雅婷
谢逊,武器,屠龙刀
班淑娴,门派,昆仑派
察罕特穆尔,中文名,察罕特穆尔
柯镇恶,所属组织,江南七怪
刚相,性别,男
乔三槐,义子,乔峰（萧峰）
九难,别名,九难
陆无双,武功,玉女心经
程英,饰演,王嘉
卫春华,性别,男
许雪亭,登场作品,《鹿鼎记》
游坦之,武功,冰蚕毒掌
向问天,饰演,王钟1978版《笑傲江湖》
灭绝师太,饰演,惠英红
无尘道长,九弟,卫春华
蒙哥,主要成就,派忽必烈灭大理、招降吐蕃
张召重,师兄,
胖头陀,饰演,车保罗
郭襄,传人,灭绝师太
韩小莹,登场作品,《射雕英雄传》
范文程,官职,议政大臣
马夫人,心上人,乔峰
黄蓉,武器,打狗棒
林朝英,后代传人,李莫愁
冯默风,师兄,武眠风
南希仁,所属组织,江南七怪
贝锦仪,饰演,林芷筠
朱丹臣,性格,
萧峰,年龄,三十三岁（享年）
韦一笑,教派,明教
阿青,性别,
段延庆,登场作品,《天龙八部》
张召重,师兄,马真道长、陆菲青
阿碧,饰演,阮晓燕
尹志平,登场作品,射雕英雄传
风际中,形象,绝不起眼
茅十八,民族,汉族
黄真,徒弟,崔希敏和安小慧
程灵素,结局,为救胡斐
郭芙,别名,郭姑娘
戚芳,同门,冯坦
乔峰,三伯,段正淳
张无忌,武功,降龙十八掌
闵子叶,门派,仙都派
茅十八,饰演,晋松
方怡,别名,怡姐姐
穆人清,徒弟,黄真
灵智上人,登场作品,《射雕英雄传》
陆菲青,师兄,马真
察罕特穆尔,别名,汝阳王
独孤求败,传人,令狐冲
平一指,门派,日月神教
独孤求败,恋人,荷香
易三娘,中文名,易三娘
苗人凤,中文名,苗人凤
建宁公主,外文名,Princess Channing
朱由榔,逝世日期,1662年6月1日
周绮,门派,
摘星子,外貌,脸色青中泛黄
澄观,身份,佛教华严宗四祖
耶律齐,饰演,涂松岩
谭公,尊称,
侯通海,登场作品,《射雕英雄传》，《神雕侠侣》
公孙绿萼,别名,绿萼
石双英,三哥,赵半山
柯镇恶,兵器,
夏雪宜,饰演,李修贤1993版《新碧血剑》
多隆,别名,[1]
玉如意,记载,《晋书》
焦木和尚,登场作品,《射雕英雄传》
无嗔大师,主要成就,著有《药王神篇》
石双英,六哥,常伯志
段正淳,登场作品,《天龙八部》
徐达,逝世日期,1385年
邓百川,国籍,中国
仪琳,饰演,蔡灿得
乔峰,饰演,惠天赐（1990年台湾中视电视剧）
查传讷,出生日期,1963年
渡难,武器,黑色长锁
杨莲亭,饰演,霍建华
朱由榔,庙号,昭宗
金轮法王,徒弟,达尔巴、霍都、郭襄等
温仪,年龄,34岁
兆惠,官职,兵部郎中
段智兴,民族,白族
石清,饰演,姬麒麟
方怡,中文名,
黛绮丝,饰演,张海伦 台湾台视电视剧《倚天屠龙记》
殷野王,所处时代,元末
瑛姑,兵器,
钟灵,中文名,钟灵
孙婆婆,中文名,孙婆婆
郭靖,子女,郭襄
米横野,职位,
郭襄,别名,别名
于万亭,登场作品,《书剑恩仇录》
阿青,师友,白猿
林平之,父母,
聂卫平,代表作品,《我的围棋之路》
钟灵,饰演,杨蕊
石双英,五哥,
袁承志,居住地,西岳华山
尼摩星,别名,矮黑炭
阿青,登场作品,《越女剑》
兆惠,出生日期,1708年
许雪亭,别名,青龙使
杨铁心,仇人,完颜洪烈
点苍渔隐,师弟,武三通
多尔衮,庙号,次年取消）
乌老大,性别,男
天山童姥,师妹,李秋水
于万亭,性别,男
王语嫣,年龄,
鸠摩智,门派,宁玛派
程英,师兄,陆乘风
张无忌,别名,曾阿牛
南希仁,饰演,杨光华
全冠清,帮主,汪剑通
胡逸之,心上人,
查良琇,中文名,查良琇
掌钵龙头,民族,汉族
蓝凤凰,饰演,收起
金蛇郎君,恋人,温仪
纪晓芙,饰演,邬靖靖
澄观,俗姓,
完颜洪烈,别名,完颜忒邻，颜烈（易名）
灭绝师太,饰演,李香琴
段誉,饰演,陈浩民
曲灵风,武功,
双儿,饰演,何琢言
赵志敬,师叔、师伯,丘处机
蒋百里,毕业院校,日本陆军士官学校
王难姑,夫妻关系,又斗气，又恩爱
马夫人,中文名,康敏
段延庆,饰演,饰演
老不死,中文名,老不死
石清,妻子,闵柔
小玄子,好友,
商宝震,心上人,
李泰,代表作品,如意
玄寂,方丈,
卫春华,总舵主,陈家洛
查良琇,哥哥,
王重阳,红颜,林朝英
杨过,别名,西狂
仪和,性别,女
徐天宏,总舵主,于万亭
郭啸天,出生地,山东
慕天颜,主要作品,《抚吴封事》
洪七公,别名,七兄
朱聪,饰演,83版许绍雄
蓝凤凰,饰演,袁洁莹1990版《笑傲江湖》
张阿生,饰演,谢宁
阿碧,性格,观之可亲
郭靖,子女,郭破虏
胡一刀,出生地,雪山
金轮法王,民族,
徐天川,别名,徐大哥
胡青牛,饰演,关海山
达尔巴,饰演,李龙
鸠摩智,别名,大轮明王
胡一刀,职业,游侠
徐志摩,前妻,
胡斐,中文名,胡斐
茅十八,出生地,江北泰州
陆大有,别名,六猴儿
杨康,饰演,陈晓2014版《神雕侠侣》
程瑶迦,性别,女
摘星子,年龄,二十七八岁
苏菲亚,登场作品,《鹿鼎记》
左子穆,身份,
令狐冲,门派,
段正严,年号,文治
余鱼同,国籍,
卫璧,性别,男
关明梅,丈夫,陈正德
小龙女,所习武功,《九阴真经》
李泰,代表作品,倚天屠龙记、如意、因为爱情有多美、把爱带回家、因为爱情有幸福、秦时丽人明月心
杨康,配音,姜广涛2014版《神雕侠侣》
胡一刀,相关评价,方信世间有英雄（苗人凤大侠评）
吴立身,师侄,沐剑屏
觉远,性别,男
归辛树,武功,伏虎掌法
苗人凤,别名,金面佛
张翠山,朝代,元朝
天山童姥,恋人,无崖子
金蛇郎君,恋人,
上官云,登场作品,《笑傲江湖》
蒋英,父亲,蒋百里
李莫愁,仆人,孙婆婆
南希仁,饰演,谈泉庆
曲三,中文名,曲灵风
闵子华,中文名,闵子华
黛绮丝,别名,紫衫龙王
秃笔翁,教主,任我行
陆冠英,师父,枯木大师
李明,职业,演员
陈孤雁,登场作品,《天龙八部》
木婉清,饰演,恬妮
段延庆,别名,延庆太子
赵志敬,仇人,杨过
任盈盈,别名,姑姑
公孙止,武功,闭穴功、阴阳倒乱刃法
建宁公主,中文名,爱新觉罗·建宁
闵子叶,中文名,闵子叶
黄药师,女婿,“北侠”郭靖
兆惠,民族族群,满族
张无忌,配音,黎泓和（1978年香港无线电视剧）
天门道人,绝技,泰山剑法
杨过,饰演,李铭顺
萧远山,身份,辽国珊军总教头
胡一刀,儿子,胡斐
宋远桥,别名,宋大侠
李西华,母亲,红娘子
林仲雄,登场作品,《笑傲江湖》
秦红棉,暗器,
苗人凤,饰演,饰演
左子穆,门派,
神山上人,中文名,神山上人
杨铁心,别名,穆易
张无忌,饰演,梁朝伟（1986年香港无线电视剧）
徐天宏,总舵主,
吴之荣,中文名,吴之荣
戚芳,武功,躺尸剑法
萧峰,职位,
武敦儒,父亲,
梦姑,别名,梦姑
陆展元,逝世日期,1223年
周芷若,饰演,赵雅芝（1978年香港无线电视剧）
史火龙,武功,降龙十八掌
文泰来,七弟,
陆乘风,性别,男
任盈盈,饰演,袁咏仪
归钟,性别,男
建宁公主,配音,阎萌萌 等
朱聪,武功,分筋错骨手
蓝凤凰,中文名,蓝凤凰
慕容博,好友,鸠摩智
凌霜华,出生地,湖北荆州
觉远大师,中文名,觉远
丁不四,武器,黄金龙头九节鞭
南希仁,武功,南山拳法
薛慕华,性别,男
贝海石,性别,男
尼摩星,饰演,黄志伟（1983版刘德华主演电视剧）
乔峰,结义兄弟,虚竹
谢烟客,别名,
蒋四根,兵刃,反手还刀。蒋四根直砸不中
胡夫人,丈夫,
兆惠,谥号,文襄
陶子安,性格,胆怯机诈
一灯大师,弟子,
海大富,饰演,展开
鳌拜,逝世日期,1669年
欧阳克,饰演,李解等
尼摩星,性情,自负
梅念笙,出生地,
乌老大,兵器,绿波香露刀
阿朱,爱侣,萧峰
玄寂,身份,
金庸,外文名,Louis Cha
风波恶,特点,
哑婆婆,登场作品,《笑傲江湖》
文泰来,九弟,卫春华
袁承志,出生地,山海关
关安基,终结者,冯锡范
完颜洪烈,爱慕,包惜弱
李莫愁,饰演,恬妮
余鱼同,妻子,
仪琳,武功,恒山派剑法
杨逍,饰演,张铁林
乔峰,别名,峰儿（玄苦大师称）
郭靖,师父,江南七怪
梁子翁,武功,辽东野狐拳
丁春秋,饰演,申军谊2003年《天龙八部》
瑛姑,居所,
逍遥子,出生日期,
万圭,国籍,中国
陆二娘,外甥女,程英
温方山,大哥,温方达
白自在,饰演,王光正
武青婴,中文名,武青婴
方怡,出生地,
殷素素,饰演,米雪
木岛主,好友,龙岛主
苏星河,师父,无崖子
秦红棉,女婿,
宝象,性别,男
查传侠,逝世日期,1976年10月
裘千仞,师父,上官剑南，一灯大师
欧阳克,中文名,欧阳克
李泰,代表作品,
公冶乾,登场作品,
阿九,徒弟,韦小宝
朱九真,朝代,元朝
吕留良,出生地,浙江崇德县（今属浙江桐乡）
一灯大师,民族,
侍剑,饰演,尤翠玲、周晓云、郑艳丽、邓家佳、王子
沐剑屏,夫君,韦小宝
枭道人,年龄,未知
左子穆,中文名,左子穆
公冶乾,别名,公冶老二、江南第二
刘一舟,别名,刘师哥（方怡、沐剑屏称呼）
李彧,星座,双鱼座
郭啸天,义弟,杨铁心
阿青,中文名,
徐天宏,十弟,
李彧,血型,AB型
石中玉,饰演,蔡宜达
江南七怪,中文名,江南七怪
焦公礼,性别,男
洪胜海,朝代,明朝
郭襄,传人,周芷若
段正明,主要成就,并与天龙寺众僧围攻鸠摩智
袁承志,居住地,西岳华山→渤泥国无名岛
石中玉,帮派,雪山派
孟伯飞,别名,盖孟尝
沐剑屏,祖先,沐英
李泰,星座,
虚竹,登场作品,
李秋水,饰演,林青霞（香港电影《天龙八部之天山童姥》）
金庸,职业,社会活动家
王夫人,去世时间,公元前126年
水笙,饰演,舒畅（04年内地电视剧）
花铁干,身份,
易三娘,丈夫,杜百当
石万嗔,师兄,毒手药王
苗若兰,民族,汉族
耶律齐,岳母,黄蓉
灭绝师太,朝代,元朝
岳老三,组织,四大恶人
忽必烈,年号,中统（1260年）
渡难,门派,少林寺
梦姑,别名,银川公主
赵良栋,官职,勇略将军
郭襄,别名,二妹
李莫愁,饰演,张敏婷
朱长龄,中文名,朱长龄
史小翠,身份,金乌派掌门
汤沛,别名,汤大侠
耶律齐,师父,周伯通
乌老大,国籍,北宋
完颜萍,国籍,
莫声谷,结局,
完颜萍,绝技,
段智兴,饰演,王卫国
左子穆,年龄,五十余岁
包不同,口头禅,非也
方怡,别名,方师姐
郭靖,义侄,
武敦儒,别名,大武
查传诗,职业,编辑
张阿生,别名,笑弥陀
周绮,弟弟,
萧峰,三伯,段正淳
郭芙,主要成就,捍卫家人
天竺僧,登场作品,金庸武小说《神雕侠侣》
柯镇恶,武功,
耶律燕,师娘,黄蓉
鹿杖客,主子,汝阳王察罕特穆尔
王元霸,饰演,周绍栋
宋青书,性别,男
完颜萍,年龄,十六七岁
慕容博,主要成就,以彼之道，还施彼身
崔百泉,中文名,
尼摩星,中文名,尼摩星
袁紫衣,中文名,袁紫衣
穆念慈,丈夫,杨康
郭啸天,儿媳妇,黄蓉
赵良栋,官职,云贵总督
范文程,所处时代,清朝
司空玄,中文名,司空玄
樊一翁,中文名,樊一翁
马夫人,所处朝代,北宋
木岛主,其他名称,岛主
赵敏,饰演,黎美娴（1986年香港无线电视剧）
空见,民族,汉族
渡难,外貌特征,
秃笔翁,师弟,丹青生
任我行,主要成就,梅庄比剑、少林三战，重夺日月神教教主之位 大战五岳剑派
秦红棉,武器,
木高峰,登场作品,《笑傲江湖》
程英,别名,程姑娘
令狐冲,门派,华山派→恒山派
玄苦,中文名,玄苦
卫春华,总舵主,于万亭
赵志敬,仇人,尹志平
袁士霄,主要成就,书剑第一高手
杨铁心,义兄,郭啸天
欧阳锋,义子,“西狂”杨过
杨过,饰演,罗乐林
言达平,师父,
石中玉,饰演,梁朝伟
旭烈兀,民族族群,蒙古族
游坦之,中文名,游坦之
邓百川,登场作品,《天龙八部》
穆念慈,儿子,
宗维侠,性别,男
余鱼同,九哥,
耶律齐,配音,张震（内地）黄启昌（港）（2006年赵鸿飞版）
周伯通,义弟,郭靖
吕留良,字号,一字用晦
石破天,特技,家务
扫地僧,别名,无名老僧
蒋英,儿子,钱永刚
袁紫衣,其他名称,圆性
无崖子,登场作品,《天龙八部》
凌退思,登场作品,
洪七公,饰演,展开
李青萝,母亲,李秋水
任我行,身份,
何沅君,性别,女
无崖子,饰演,郑君绵（1982年香港无线电视剧）
薛慕华,性别,
何铁手,师父,袁承志
朱聪,中文名,朱聪
林乐怡,出生地,香港
程英,兵器,玉箫
黛绮丝,身份,中土明教四大护教法王“紫白金青”之首
张无忌,中文名,张无忌
钱均夫,国籍,中国
蓝凤凰,饰演,陈秀丽2000年新加坡版《笑傲江湖》
喀丝丽,父亲,木卓伦
游坦之,别名,铁头人
吕留良,主要作品,《东庄诗存》
萧远山,武功,般若掌
空闻,身份,少林寺方丈
康广陵,登场作品,金庸小说《天龙八部》
吴立身,性别,男
彭莹玉,性别,
陆菲青,别名,
杨不悔,朝代,
灵智上人,性别,男
多尔衮,出生地,赫图阿拉
金蛇郎君,武器,
拖雷,谥号,元仁圣景襄皇帝（追尊）
程灵素,师叔,石万嗔
觉远,年龄,五十岁左右（《神雕侠侣》初登场）
闵柔,儿子,石破天
文泰来,三哥,
方怡,登场作品,鹿鼎记
李秋水,登场作品,《天龙八部》
阎基,畏惧之人,苗人凤、田归农
尼摩星,登场作品,《神雕侠侣》
田伯光,身份,恒山派门下和尚
金花婆婆,饰演,马羚 内地电视剧《倚天屠龙记》
丁春秋,毒药,虫毒
空见,门派,少林寺
黄蓉,别名,蓉妹妹
阿九,徒弟,阿琪
段正严,年号,永嘉
虚竹,中文名,虚竹
归辛树,别名,神拳无敌
黄蓉,门派,桃花岛
郭靖,武功家数,《九阴真经》全部内容
余鱼同,法号,
巴天石,主上,段正淳
常遇春,官职,太子少保等
杨康,饰演,梁小龙1976版《射雕英雄传》
杨康,别名,完颜康
欧阳克,性别,男
狄云,性别,男
曲灵风,中文名,曲灵风
渡难,师侄,空智
岳不群,修习武功,辟邪剑谱
谢烟客,饰演,徐少强2017版《侠客行》，巴图2002版《侠客行》，林聪1989版《侠客行》，张复健1985版《侠客行》，王力1982版《侠客行》
福康安,追封,
于万亭,门派,莆田少林寺
令狐冲,青梅竹马,
杨莲亭,别名,杨总管
安小慧,民族,汉族
戚芳,别名,阿芳
郭啸天,敌人,完颜洪烈
渡厄,师侄,空见、空闻、空智、空性
俞岱岩,信仰,道教
王夫人,主要成就,
王重阳,徒弟,全真七子
赵良栋,谥号,
白自在,居所,大雪山「凌霄城」
南兰,饰演,吕一2007版《雪山飞狐》
殷离,民族,汉族
史小翠,孙女,
刀白凤,情敌,李青萝
刘一舟,师父,
郭靖,武功家数,降龙十八掌
丁敏君,师妹,周芷若等
陈正德,登场作品,《书剑恩仇录》
说不得,饰演,马兆刚
赵钱孙,登场作品,金庸名著《天龙八部》
杨逍,已知武功,乾坤大挪移
风波恶,绝技,吕洞宾咬狗大九式
陆大有,登场作品,《笑傲江湖》
霍青桐,别名,翠羽黄衫
钱均夫,学生,厉麟似
梅芳姑,父母,丁不四
黛绮丝,登场作品,《倚天屠龙记》
丁敏君,师父,
乔峰,别名,别名
李彧,代表作品,贻笑大方
文泰来,五弟,常赫志
鹿杖客,性别,男
旭烈兀,所处时代,中古时期
归二娘,登场作品,《鹿鼎记》
石破天,居處,豫西盧氏縣東熊耳山「枯草嶺」
唐文亮,民族,汉族
耶律齐,门派,全真派
赵敏,朝代,元末明初
李明,民族,汉族
耶律齐,饰演,赵鸿飞
商老太,丈夫,商剑鸣
金庸,主要成就,英国牛津大学董事会成员
韦双双,父亲,韦小宝
金庸,别名,金庸（笔名）
殷天正,武功,
史小翠,门派,金乌派
多尔衮,主要成就,征战漠南蒙古与李氏朝鲜
巴天石,结义兄弟,华赫艮
朱由检,性别,男
何铁手,别名,何惕守
郭靖,主要成就,身后威名历百余年而不衰
仪琳,别名,仪琳师侄
武敦儒,中文名,武敦儒
天山童姥,年龄,96
耶律齐,饰演,张哲瀚
吴长风,帮主,汪剑通、乔峰
何足道,师兄,灵宝道长
韦春花,饰演,马羚
段正严,主要作品,《琴谱》一卷
胡斐,别名,雪山飞狐，程灵胡（化名）
阿紫,喜欢的人,萧峰
程英,配音,刘露
何铁手,擅长,下毒、使毒、弄毒物毒虫
文泰来,好友,袁紫衣的师父
查传倜,民族,汉族
殷野王,妹夫,张翠山
冷谦,主要作品,《太古遗音》
阿青,其他名称,越女剑、赵处女、牧羊女
丁春秋,精擅武功,化功大法
杨过,饰演,陈晓
玄寂,身份,少林寺戒律院和龙树院首座
赵志敬,饰演,唐富雄1984版《神雕侠侣》
苏菲亚,身份,韦小宝七个老婆之外的编外老婆
段誉,饰演,收起
韩宝驹,绝技,
洪安通,中文名,洪安通
白万剑,师兄妹,花万紫
花万紫,师兄,封万里、白万剑
博尔术,本名,阿儿剌·博尔术
韦小宝,主要成就,受封一等鹿鼎公 钦赐巴图鲁勇号 赐穿黄马褂 
马光佐,中文名,马光佐
佟国纲,主要成就,签订《尼布楚条约》
赵志敬,师叔祖,周伯通
拖雷,逝世日期,1232年10月
蒋英,丈夫,钱学森
澄观,去世时间,839年
郭襄,饰演,黄曼凝
无崖子,饰演,李成昌（1997年香港无线电视剧）
公孙绿萼,生辰,戌时
萧峰,绝招,
闵子华,掌门人,水云道长
李青萝,父亲,
金轮法王,徒弟,达尔巴
游坦之,武功,冰蚕寒毒
刘一舟,结局,被韦小宝借吴三桂之手除掉
仪琳,饰演,曾诗梅
朱由检,所处时代,明朝
范遥,信仰,明教
说不得,身份,明教五散人之一
梅念笙,亲传,丁典
陈家洛,别名,总舵主
马春花,情夫,
小龙女,配音,朱妙兰
徐达,爵位,信国公
陆无双,别名,双儿
李泰,代表作品,因为爱情有多美
枯荣长老,小说武功,枯荣禅功
杨莲亭,情人,
九难,饰演,孙菲菲
耶律齐,别名,耶律兄
鹿杖客,中文名,鹿杖客
杨不悔,民族,汉族
李彧,中文名,李彧
鸠摩智,别名,大轮金刚
万圭,父亲,万震山
郭襄,别名,小东邪
阎基,劲敌,商老太、胡斐
黛绮丝,中文名,黛绮丝
海大富,饰演,计春华
掌钵龙头,朝代,元朝
陆无双,别名,无双
无嗔大师,登场作品,《雪山飞狐》《飞狐外传》
空智,方丈,空闻大师
刘正风,门派,南岳衡山派
郭襄,成就,开创峨嵋派
袁紫衣,登场作品,
鹤笔翁,主子,王保保
风际中,派别,天地会青木堂
青灵子,登场作品,《神雕侠侣》
关安基,妻弟,
张无忌,主要成就,化解正邪两道积怨
说不得,饰演,林以政
小龙女,别名,姑姑
常遇春,逝世日期,
曲洋,饰演,林正英1990版《笑傲江湖》
徐志摩,职位,北京大学教授
拓跋宏,主要成就,迁都洛阳
博尔术,主要成就,大蒙古国四杰之一
查传诗,外文名,
郭靖,妻子,黄蓉
彭连虎,特点,武功高强
文泰来,八弟,
陆二娘,登场作品,
穆人清,中文名,穆人清
香香公主,哥哥,霍阿伊
段天德,伯父,
余鱼同,出生地,浙江
殷离,朝代,
武三通,义女,
武敦儒,父亲,武三通
卫春华,五哥,常赫志
欧阳锋,别名,欧阳先生
耶律齐,身份,丐帮帮主
袁士霄,徒弟,陈家洛
曲洋,饰演,梁维东2002版《笑傲江湖》
段智兴,主要成就,“天下五绝”之一
韦小宝,主要成就,断吴三桂反叛的三路援军 
全金发,中文名,全金发
殷离,武功,千蛛万毒手
白万剑,饰演,陈宝辕
冯锡范,徒弟,
万圭,出场回数,7回
梁子翁,敌人,
徐天宏,中文名,徐天宏
陆展元,身份,陆家庄 庄主
穆里玛,中文名,瓜尔佳.穆里玛
蒋四根,总舵主,陈家洛
钟万仇,别名,见人就杀
骆冰,十三弟,蒋四根
赵志敬,饰演,刘乃艺2006版《神雕侠侣》
曲傻姑,父亲,曲灵风
完颜洪烈,王号,赵王
阿九,徒弟,阿珂
黄蓉,别名,黄女侠
方怡,师妹,
无崖子,师姐,天山童姥
甘宝宝,居住地,万劫谷
侍剑,饰演,邓家佳
段智兴,久居地,大理皇宫
纪晓芙,中文名,纪晓芙
张无忌,饰演,收起
神照上人,别名,
霍都,国籍,
公孙绿萼,国籍,南宋
石破天,别名,石中坚
胖头陀,性别,男
云中鹤,派系,新月派
张无忌,饰演,1984年香港邵氏电影）刘德凯（1984年台湾台视电视剧）梁朝伟（1986年香港无线电视剧）李连杰（1993年香港永盛电影）马景涛（1994年台湾台视电视剧）吴启华（2001年香港无线电视剧）苏有朋（2003年合拍电视剧）邓超（2009年内地电视剧）曾舜晞（2019年内地电视剧）林峰（2020年香港电影）收起
张君宝,民族族群,汉族
穆人清,性别,男
曲洋,饰演,
凌退思,饰演,王诗槐2004版《连城诀》
符敏仪,登场作品,天龙八部
卫春华,二哥,无尘道长
杨成协,四嫂,骆冰
焦木和尚,特点,身穿黄麻僧衣
闵柔,别名,闵大侠
冯默风,中文名,冯默风
薛慕华,别名,阎王敌
赵敏,登场地点,玉门关甘凉大路柳树下
林平之,门派,福威镖局
香香公主,出生地,新疆
木桑道长,师弟,玉真子
林平之,武功,震天掌
慕容复,家臣,邓百川
贝锦仪,信仰,佛教
刘乘风,中文名,刘乘风
常遇春,官职,中书平章军国重事
阎基,劲敌,商老太
小龙女,登场作品,《神雕侠侣》
殷梨亭,职业,侠客
段正严,出生日期,1083年
袁紫衣,武器,银丝软鞭
耶律楚材,别名,吾图撒合里
全冠清,帮主,
公孙绿萼,身份,谷主公孙止之女
杨过,饰演,傅声
商宝震,性别,
文泰来,总舵主,陈家洛
汤沛,结局,死于袁紫衣之手
郭啸天,亲家母,冯蘅
范遥,身份,明教光明右使
完颜萍,武功,
静玄师太,兵器,剑
刘正风,性别,男
阿紫,姊妹,钟灵
夏雪宜,饰演,石天1977版《碧血剑》
耶律齐,饰演,任达华
朱长龄,出场回数,2回
殷天正,出生地,
蓝凤凰,饰演,吕佳容2013版《笑傲江湖》
查传侠,中文名,查传侠
阿朱,父亲,段正淳
萧峰,师父,
蒋英,毕业院校,
宝象,登场作品,《连城诀》
耶律楚材,字号,号玉泉老人、湛然居士
梅超风,饰演,黄文慧1983版《射雕英雄传》
潇湘子,身份,湘西名宿
杜百当,作者,
乔三槐,中文名,乔三槐
天门道人,师弟,天松、天乙
俞岱岩,主要成就,短期持有屠龙刀
无尘道长,中文名,无尘
萧峰,师父,玄苦、汪剑通
蒋英,代表作品,著有《西欧声乐艺术发展史》
赵敏,饰演,张敏（1993年香港永盛电影）
周芷若,武功,九阴真经武功
钱永刚,职业,教授
吴六奇,逝世日期,1665年
徐达,字,天德
武敦儒,师父,
金花婆婆,饰演,郝曼丽 台湾台视电视剧《倚天屠龙记》
萧峰,登场作品,
神照上人,特点,
王进宝,出生时间,1626年
蒋四根,兵刃,呼的一声
汤沛,性别,男
刘一舟,人物性格,胆小卑鄙
周芷若,饰演,刘竞（2009年内地电视剧）
天门道人,所处时代,明朝
萧峰,结义兄弟,耶律洪基
贝海石,饰演,陆一龙
王难姑,退场时间,当道时见中山狼
说不得,登场作品,《倚天屠龙记》
钟万仇,职业,万劫谷谷主
赵志敬,饰演,戴志伟1995版《神雕侠侣》
鲁有脚,身份,丐帮帮主
左冷禅,饰演,井淼1978年香港邵氏版《笑傲江湖》
段天德,职业,武官
小昭,朝代,元朝
玉真子,饰演,李国麟2000版《碧血剑》
天门道人,信仰,
黄药师,饰演,曾江
曲非烟,爷爷,曲洋
杨过,父母,杨康
穆里玛,伯父,后金开国五大臣费英东
鸠摩智,武功,火焰刀
余鱼同,民族,汉族
徐天宏,性别,男
觉远,登场作品,《神雕侠侣》
封万里,性别,男
胡一刀,登场作品,金庸小说《雪山飞狐》
聂卫平,出生日期,1952年8月17日
枯荣长老,小说作者,金庸
秦红棉,女儿,
木岛主,登场作品,《侠客行》
水笙,职业,女侠
小龙女,师父,林朝英的丫鬟
慕容复,别名,复官
茅十八,所处时代,清朝
摘星子,门派,星宿派
全冠清,帮主,乔峰
尼摩星,外貌特点,后自断双腿
封万里,师母,史小翠
香香公主,心上人,陈家洛
穆旦,职业,诗人，翻译家
杨过,国籍,南宋
陈家洛,性别,男
吴道通,登场作品,武侠小说《侠客行》
灭绝师太,武功境界,江湖一流
兆惠,官职,户部侍郎
周芷若,民族,汉族
张无忌,武器,圣火令
吕通,武功,六合刀六合拳赤尻连拳铁臂功
宗维侠,门派,崆峒派
张无忌,登场作品,第11回到第40回登场）
程瑶迦,饰演,隋雨蒙（2017版）
武三通,身份,一灯大师弟子
欧阳克,饰演,刘江
商宝震,配音,齐炎、 刘明勋、叶清
金花婆婆,饰演,张海伦 台湾台视电视剧《倚天屠龙记》
梅超风,饰演,杨丽萍2003版《射雕英雄传》
常遇春,出生地,
徐志摩,出生地,
马夫人,扮演者,雪梨
贝锦仪,别名,贝师妹
向问天,别名,天王老子
陆冠英,饰演,宫正楠
左子穆,登场作品,
李沅芷,登场作品,《书剑恩仇录》
郭襄,外貌,三分像黄蓉
范遥,别名,苦头陀
乔峰,饰演,收起
小昭,父母,黛绮丝
李莫愁,饰演,陈红
史红石,外文名,shihongshi
霍都,兵器,
岳不群,弟子,施戴子
杨过,名号,西狂
徐天宏,二哥,
丁典,饰演,王海地2004版《连城诀》
黄药师,性别,男
金轮法王,民族,藏族
都史,妻子,华筝（有婚约，但并未成亲）
归辛树,弟子,归钟
欧阳锋,性别,男
李青萝,爱好,但茶品低劣
袁紫衣,武器,
方怡,师傅,柳大洪
郭芙,家人,黄蓉
洪安通,登场作品,《鹿鼎记》
甘宝宝,女儿,钟灵
陶红英,中文名,陶红英
陆天抒,性别,男
吴道通,登场作品,
点苍渔隐,其他名称,泗水渔隐（旧版）
于万亭,义子,陈家洛
温青青,登场作品,《碧血剑》
欧阳锋,饰演,张国荣
游坦之,别名,庄聚贤
温仪,结局,死于四叔温方施飞刀下
史火龙,身份,丐帮帮主
李莫愁,武功境界,不亚于当年黑风双煞之铁尸梅超风
杨溢之,身份,平西王总兵
冯蘅,性别,女
殷梨亭,师兄,宋远桥
李青萝,母亲,齐御风（97版《天龙八部》电视剧中杜撰的神秘人物）[1]
文泰来,二哥,
博尔术,所处时代,蒙元
卫春华,门派,红花会
凌退思,性别,男
赵志敬,师叔、师伯,马钰
阿朱,中文名,段阿朱
温仪,身高,172㎝
孙不二,所处时代,宋末元初
点苍渔隐,特点,力大无比
李泰,毕业院校,北京舞蹈学院 音乐剧班
蒋四根,兵刃,叫道“我多户尝寒来斗斗你这老儿！”一柄铁桨当头猛打下来。兵器是铁桨
石双英,七哥,
阿青,情敌,西施
天山童姥,传人,虚竹
焦公礼,出场目次,9
木桑道长,师弟,
贝锦仪,师父,灭绝师太
张无忌,武功,梯云纵
郭靖,妻子,
胡青羊,心上人,鲜于通
小龙女,饰演,吴倩莲
鸠摩智,别名,国师
袁承志,师兄,
李彧,出生地,北京市
贝海石,武功,五行六合掌
贝锦仪,师妹,周芷若等
陆冠英,饰演,梁健平
小龙女,所习武功,《玉女心经》
段天德,民族,汉
陆立鼎,登场作品,金庸经典武侠小说《神雕侠侣》
向问天,登场作品,《笑傲江湖》
耶律齐,妹夫,武敦儒
尼摩星,别名,黑矮子
邓百川,中文名,邓百川
曲傻姑,饰演,
武敦儒,年龄,十二岁（初登场）
耶律洪基,在位时间,1055年―1101年
张翠山,岳父,殷天正
华筝,小说原型,成吉思汗的女儿火真别姬公主
黄蓉,饰演,李一桐
商宝震,中文名,商宝震
安小慧,年龄,十八九岁
左冷禅,性别,男
黄蓉,别名,蓉儿
段智兴,饰演,梁家辉
张无忌,配音,张艺（2001年香港无线电视剧）
渡难,师兄,渡厄
仪琳,登场作品,《笑傲江湖》
陆立鼎,外甥女,程英
裘千仞,哥哥,
殷天正,民族,汉族
静照,事迹,曾在少林寺奉周芷若之命暗杀谢逊
林平之,仇人,岳不群
拖雷,主要成就,大蒙古国开国元勋
段正明,师父,枯荣大师
曲非烟,登场作品,《笑傲江湖》
游坦之,饰演,杜厚佳等
郭襄,别名,襄儿
宁中则,丈夫,
周芷若,内功,峨嵋九阳功
周芷若,别名,芷若
赵敏,饰演,安以轩（2009年内地电视剧）
洪七公,饰演,大力
张无忌,配音,赵铭（2003年合拍电视剧）
苏星河,登场作品,《天龙八部》
南兰,饰演,楚湘云1980版《飞狐外传》
瑛姑,丈夫,周伯通
无崖子,性别,男
完颜洪烈,中文名,完颜洪烈
赵敏,配音,吴萍（1986年香港无线电视剧）
尹克西,结局,在昆仑山与潇湘子互斗而死
萧峰,职位,大辽南院大王（楚王）
曲灵风,女儿,曲傻姑
殷素素,门派,
杨莲亭,登场作品,《笑傲江湖》
完颜洪烈,饰演,王伟
张无忌,门派,明教
郭芙,祖辈,郭啸天
李彧,父亲,李保田（演员）
云中鹤,国籍,中国
香香公主,中文名,香香公主
周芷若,身份,峨嵋派第四代掌门
无根道人,门派,神龙教
任盈盈,年龄,十八岁
李明,外文名,Ming Li
武三通,武器,铁耙
岳灵珊,年龄,
杨康,饰演,潘宏彬1988版《射雕英雄传》
胡青牛,别名,见死不救
徐禄,参加革命时间,1951年1月
花铁干,武功,中平枪法
张召重,师兄,马真道长
李秋水,师父,逍遥子
石双英,八哥,
赵敏,饰演,叶童（1994年台湾台视电视剧）
全金发,兵器,枪
耶律楚材,逝世日期,1244年6月20日
石万嗔,性格,心肠歹毒
洪七公,性别,男
刀白凤,情敌,阮星竹、秦红棉、甘宝宝、李青萝
陈正德,性别,男
玄寂,门派,少林寺
余鱼同,四嫂,
武三通,身份,渔樵耕读之耕
阿紫,登场作品,天龙八部
闵柔,中文名,闵柔
孙不二,主要成就,全真七子之一
全金发,登场作品,《射雕英雄传》
穆念慈,丈夫,
包不同,口头禅,非也，非也
洪七公,饰演,印小天
朱子柳,国籍,大理国
掌钵龙头,性别,男
武三通,子,武敦儒
白振,中文名,白振
卜沉,别名,白头仙翁
黄药师,名号,“天下五绝”之“东邪”
华筝,中文名,华筝
独孤求败,传人,杨过、风清扬、令狐冲
金蛇郎君,饰演,李修贤1993版《新碧血剑》
周芷若,饰演,喻可欣（1984年台湾台视电视剧）
于人豪,师傅,余沧海
梁自进,国籍,中国
李青萝,母亲,李秋水、齐御风（97版《天龙八部》电视剧中杜撰的神秘人物）[1]
康广陵,爱好,
钟灵,饰演,何美钿 
段正严,出生地,大理
赵敏,配音,冯骏骅（2003年合拍电视剧）
不平道人,饰演,关菁
吕七,兵器,烟袋
贝锦仪,身份,峨嵋派第四代弟子
钟灵,饰演,毛晓彤等
何沅君,饰演,
韦小宝,主要成就,签订《尼布楚条约》
宝树,出生地,四川
彭连虎,登场作品,《射雕英雄传》
李秋水,配音,张凯
丁敏君,登场作品,《倚天屠龙记》
李青萝,民族,汉族
张召重,敌人,红花会群雄
杨成协,总舵主,陈家洛
九难,饰演,佘诗曼
袁士霄,心上人,关明梅
徐天川,所属组织,天地会青木堂
血刀老祖,其他名称,血刀僧
公孙止,中文名,公孙止
林平之,门派,福威镖局，华山派
陈家洛,父亲,陈世倌
康广陵,其他名称,琴颠
蒋英,性别,
张召重,师侄,余鱼同、李沅芷
何太冲,所处朝代,元朝
金蛇郎君,饰演,龙天翔1981版《碧血剑》
陆二娘,女儿,
王语嫣,年龄,18岁（出场），21岁（结局）
曲灵风,武功,铁八卦
赵敏,配音,配音
康广陵,门派,逍遥派
林朝英,身份,
金蛇郎君,中文名,
包不同,别名,包三先生
无崖子,武功绝学,「小无相功」等
李莫愁,外文名,Mochou Li
张翠山,别名,银钩铁划
杨逍,所属,明教
丁不四,性别,男
归辛树,弟子,没影子梅剑和
王语嫣,出场章回,《天龙八部》第12章之从此醉
一灯大师,国籍,云南大理国
杨铁心,登场作品,金庸小说《射雕英雄传》
华赫艮,武器,铁铲
郭襄,信物,玄铁指环
尼摩星,饰演,钟树荣（1998新加坡版电视剧）
耶律楚材,字号,字晋卿，号玉泉老人
范文程,主要成就,完善清朝制度
全金发,别名,闹市侠隐
岳老三,居所,
杨莲亭,性别,男
张翠山,饰演,李东学
陶子安,民族,汉族
旭烈兀,在位时间,1256年—1265年2月8日
杨过,别名,神雕大侠
查传诗,中文名,
汤沛,中文名,汤沛
蒋英,母亲,
木桑道长,爱好,
武敦儒,中文名,
许雪亭,终结者,
尼摩星,别名,天竺矮子
蒋英,父亲,
狄云,中文名,
郭襄,姐弟,郭破虏
于万亭,身份,第一任红花会总舵主
朱玫,出生日期,1935年
南希仁,兵器,斧头
游坦之,门派,星宿派
穆旦,职业,诗人
田伯光,别名,不可不戒
殷梨亭,妻子,杨不悔
掌钵龙头,年龄,五十多岁
苗人凤,饰演,谢贤（1985版雪山飞狐）
曲灵风,其他名称,
郭襄,爱慕者,张三丰
史小翠,孙女,白阿绣
达尔巴,民族,藏族
都史,妻子,
南兰,登场作品,《雪山飞狐》
包不同,结拜兄弟,邓百川
余鱼同,师叔,三师叔火手判官张召重
殷野王,女儿,殷离
沐剑声,相貌,英气勃勃
郭芙,师承,黄蓉
小昭,性别,女
张康年,饰演,邓英敏
小龙女,师姐,李莫愁
余沧海,别名,余矮子
包不同,中文名,包不同
丁春秋,饰演,饰演
段正明,武功,段家剑法
蒋英,主要成就,
瘦头陀,饰演,刘金
马光佐,登场作品,《神雕侠侣》
段正严,主要成就,维持同宋朝的友好关系
萧峰,民族,契丹族
胡青牛,饰演,收起
康广陵,徒弟,阿碧
穆人清,身份,华山派掌门
曹时中,职称,教授
天山童姥,身份,
武三通,民族,
沐剑屏,饰演,
程瑶迦,别名,程大小姐
温方山,别名,温家五老
石清,中文名,石清
文泰来,岳父,
田伯光,武功绝技,飞沙走石十三式
商宝震,性别,男
逍遥子,职业,
朱由检,别名,明思宗
韩小莹,饰演,何思融
双儿,别名,双儿小宝贝
余鱼同,民族,
陆菲青,武功,
包不同,结拜兄弟,
小玄子,性别,
渡厄,师弟,渡难
石破天,别名,狗杂种
温仪,居住地,温家堡
归二娘,中文名,归二娘
梁子翁,敌人,郭靖等
杨过,门派,古墓派
长平公主,所处时代,明朝晚期
赵敏,配音,井莉（1978年香港邵氏电影）
余鱼同,国籍,中国
黄药师,中文名,黄药师
吴六奇,主要成就,保土安民
澄观,俗姓,夏侯
谢逊,门派,明教
林远图,毕业院校,莆田少林寺
李青萝,爱好,种山茶花，但茶品低劣
瘦头陀,性别,
拓跋宏,庙号,高祖
冷谦,出生地,武林（今浙江杭州）
石中玉,母亲,闵柔
殷野王,外甥,
上官云,中文名,上官云
石双英,五哥,常赫志
柯镇恶,登场作品,
方怡,丈夫,韦小宝
赵钱孙,武功,缩骨功
汤沛,别名,甘霖惠七省
杨康,饰演,苗侨伟1983版《射雕英雄传》
邓炳春,门派,神龙教
贝锦仪,兵器,长剑
鹿杖客,饰演,关菁
赵敏,曾用兵器,金针
罗立如,登场作品,《碧血剑》
霍都,师兄,达尔巴
阿九,父亲,崇祯皇帝
小龙女,武器,金铃索
焦公礼,职业,金龙帮帮主
鳌拜,别名,Oboi
黄蓉,主要武功,九阴真经
纪晓芙,饰演,滕丽名
左冷禅,饰演,杨泽霖1978TVB版《笑傲江湖》
风波恶,国籍,
张召重,掌门人,
蓝凤凰,饰演,展开
完颜洪烈,饰演,何山
穆人清,别名,神剑仙猿
察罕特穆尔,登场作品,《倚天屠龙记》
史小翠,身份,
蒋四根,兵刃,桨尾向右横挡
杨莲亭,饰演,李志希
血刀老祖,中文名,血刀老祖
王进宝,谥号,忠勇
韦一笑,教派,
萧峰,结义兄弟,
夏雪宜,恋人,温仪
孟伯飞,登场作品,《碧血剑》
穆里玛,主要成就,授一等侍卫
张无忌,主要成就,挑战六大门派
谭婆,登场作品,
阿九,师父,程青竹 木桑道长
殷野王,职业,
空性,外文名,Everything is empty
木桑道长,好友,穆人清、袁承志
拓跋宏,陵寝,长陵
贝海石,主要成就,抵挡帮会灭门大祸。联合属下
无崖子,女儿,李青萝
孙仲君,其他名称,飞天魔女
许雪亭,中文名,许雪亭
赵志敬,饰演,王茂蕾2014版《神雕侠侣》
沐剑屏,别名,小郡主
宝象,中文名,宝象
杨溢之,身份,金顶门弟子、平西王总兵
丁不四,武功,拳法
洪安通,饰演,鲍方
朱元璋,逝世日期,
万圭,出场目次,11
完颜洪烈,别名,颜烈（易名）、六王爷、王爷
桑土公,登场作品,《天龙八部》
韩千叶,配偶,黛绮丝
赵敏,配音,收起
段誉,登场作品,《天龙八部》
令狐冲,爱好,弹琴
常遇春,主要成就,上都之战
石双英,六哥,
朱子柳,武功,云南哀牢山三十六剑
巴天石,性别,男
一灯大师,主要成就,渡化裘千仞
殷离,朝代,元朝
黄蓉,饰演,米雪
常遇春,追赠,翊运推诚宣德靖远功臣、开府仪同三司、上柱国等
蒙哥,谥号,元桓肃皇帝（追尊）
谭公,相关庙宇,筲箕湾谭公庙，澳门路环谭公庙
杨莲亭,性别,
胡青羊,中文名,胡青羊
宝树,职业,作家
巴天石,中文名,巴天石
封万里,师妹,花万紫
沐剑屏,饰演,刘芸（08黄晓明版）
瘦头陀,饰演,秦卫东
蕊初,年龄,十三四岁
云中鹤,代表作品,再别康桥
吴之荣,登场作品,《鹿鼎记》
白自在,登场作品,《侠客行》
岳不群,弟子,令狐冲
程灵素,师父,无嗔大师
耶律齐,配音,黄河（1995年詹秉熙版）
刘一舟,别名,沐剑屏称呼）
洪凌波,主要成就,点拨师妹陆无双
华赫艮,别名,华大哥
郭襄,生日,1243年
程英,配音,张凯
商宝震,饰演,关礼杰
段誉,情缘,木婉清
劳德诺,饰演,刘梓亦（2018版）
丁敏君,师姐,
天门道人,师叔,玉音子
余鱼同,七哥,
耶律重元,逝世日期,1063年
贝海石,主要成就,拥立傀儡，抵挡帮会灭门大祸。
田归农,饰演,张兆辉
黄蓉,主要武功,玉箫剑法等
徐天宏,三哥,赵半山
聂卫平,职业,教练
空性,性质,佛教术语
俞岱岩,登场作品,《倚天屠龙记》
梅超风,饰演,杨蓉2014版《神雕侠侣》
林乐怡,国籍,
陈家洛,丫鬟,晴画
林乐怡,中文名,林乐怡
韦双双,中文名,
贝海石,饰演,张翼
努尔哈赤,民族族群,满族
陈圆圆,所处时代,明末清初
杨铁心,别名,铁哥(包惜弱)
杨成协,二哥,无尘道长
查传讷,国籍,
旭烈兀,信仰,佛教
李泰,出生日期,1984年9月3日
胡斐,别名,雪山飞狐
马光佐,效力于,忽必烈
洪七公,登场作品,《神雕侠侣》
福康安,逝世日期,
杨不悔,母亲,
马夫人,别名,马夫人
渡厄,徒弟,谢逊
丁春秋,饰演,收起
九难,性别,女
柯镇恶,徒弟,郭靖
王夫人,陵墓,阳陵
上官云,性格,为人耿直
归二娘,饰演,何思融
段智兴,法号,一灯大师
韦春花,儿子,韦小宝
渡厄,师弟,渡劫、渡难
柯镇恶,兵器,铁杖
冷谦,主要作品,《琴声十六法》等
木婉清,性别,女
林平之,妻子,岳灵珊
黛绮丝,别名,金花婆婆
点苍渔隐,师弟,樵子
神照上人,性别,男
曲三,武功,劈空掌
汤沛,饰演,汤沛（《飞狐外传》）
秦红棉,情人,段正淳
安小慧,外公,楚大刀
向问天,饰演,展开
慕天颜,出生地,甘肃静宁
任盈盈,主要成就,出席恒山掌门大会，夺旗挫敌
徐天宏,十弟,章进
任我行,主要成就,梅庄比剑
张翠山,结局,自刎于武当山
风清扬,饰演,鲍方
陈友谅,出生地,湖北沔阳（今仙桃市）
杨莲亭,饰演,李耀敬
段正明,中文名,段正明
赵敏,配音,林芳雪；卢素娟（1994年台湾台视电视剧）
萧远山,饰演,张谦
蒋四根,兵器,铁桨
纪晓芙,门派,峨嵋派
徐天宏,四嫂,
丁典,饰演,曾江1989版《连城诀》
萧远山,武功,伏魔杖法，般若掌，袈裟伏魔功
赵志敬,饰演,戚云鹏2019版《神雕侠侣》
汤沛,性格,一肚子男盗女娼
彭长老,擅长,摄心术
萧峰,职位,大宋丐帮帮主
萧峰,结义兄弟,虚竹
双儿,别名,双儿老婆
陆乘风,登场作品,《射雕英雄传》
澄观,身份,
李泰,语种,普通话
平阿四,性别,男
上官云,身份,光明右使
焦木和尚,民族,汉
梦姑,民族,党项族（父）
岳灵珊,配偶,
刘一舟,中文名,刘一舟
蒋百里,逝世日期,1938年11月4日
俞岱岩,别名,俞三侠
何铁手,门派,
徐天宏,妻子,
孙仲君,中文名,孙仲君
任盈盈,登场作品,《笑傲江湖》
段智兴,别名,一灯大师
李可秀,登场作品,《书剑恩仇录》
胡斐,心上人,苗若兰
鲁有脚,结局,死于霍都偷袭
郭襄,别名,郭祖师
袁承志,妻子,
万圭,身份,富家公子
万圭,出场目次,2
虚竹,别名,
仪和,登场作品,金庸小说武侠《笑傲江湖》
向问天,性别,男
冯锡范,徒弟,郑克塽
李秋水,配音,张欣、吴小艺
天门道人,职务,泰山派掌门
努尔哈赤,本名,爱新觉罗·努尔哈赤
左冷禅,登场作品,《笑傲江湖》
郭芙,饰演,林巧儿（1976）文雪儿（1982）廖安丽（1983）林灵(1984)傅明宪(1995)陈秀丽(1998)季芹(1998)陈紫函(2006)
林远图,主要成就,以“辟邪剑法”驰名江湖
钟万仇,妻子,甘宝宝
岳灵珊,年龄,出场18岁
吴之荣,性别,
陆冠英,别名,少庄主
渡厄,师侄,空性
摘星子,外貌,
洞玄,朝代,
林乐怡,别名,
许雪亭,终结者,洪安通
莫大,别名,
秃笔翁,中文名,秃笔翁
周芷若,师父,灭绝师太
阳顶天,性别,男
陆冠英,别名,冠英
林朝英,后代传人,
空闻,民族,汉族
贝海石,国籍,中国
梅念笙,传人,狄云
蒋四根,四哥,文泰来
陈友谅,出生日期,1320年
说不得,中文名,说不得
关安基,民族,汉
陈家洛,别名,陆嘉成
蒋四根,兵刃,双手桨头向左横击
黄真,徒弟,冯难敌
石双英,门派,无极拳
小昭,饰演,何琢言
天门道人,个性,嫉恶如仇、性子刚烈
萧远山,民族,契丹族
萧峰,师父,玄苦
岳灵珊,登场作品,
独孤求败,传人,杨过
郭芙,祖辈,黄药师
福康安,旗籍,
血刀老祖,性别,男
杨不悔,主要成就,
丁敏君,师妹,纪晓芙、周芷若等
静照,事迹,
侍剑,性别,
点苍渔隐,登场作品,《射雕英雄传》
金庸,代表作品,笑傲江湖
陈玄风,配偶,梅超风
张无忌,配音,孙德成（1984年台湾台视电视剧）
范百龄,姓名,范百龄
于人豪,终结者,林平之
凌退思,登场作品,《连城诀》
九难,登场作品,《鹿鼎记》
彭长老,擅长,
冯默风,师兄,陆乘风
贝海石,别名,贝大夫
孟伯飞,性别,
丁春秋,饰演,招石文1997年《天龙八部》
余鱼同,主要成就,
摘星子,外貌,英俊、身材高瘦、脸色青中泛黄
花铁干,门派,鹰爪铁枪门
余鱼同,法号,空色
袁紫衣,门派,
梅芳姑,别名,芳姑
穆里玛,出生地,吉林双阳
杨不悔,父亲,杨逍
洪七公,师祖,汪剑通
温青青,职业,女侠
周伯通,性别,男
查良琇,出生日期,
郭破虏,母亲,黄蓉
徐志摩,职业,作家
瑛姑,宠物,
段正淳,饰演,张本煜
万圭,出场目次,10
一灯大师,久居地,大理皇宫
俞岱岩,门派,武当派
史小翠,门派,
阿碧,饰演,华娇
杨过,别名,倪老子（杨过自称）
查品珍,性别,女
小玄子,好友,小桂子
康广陵,性格,
殷素素,民族,汉族
杨逍,已知武功,四十四套兵刃招式
朱玫,逝世日期,1998年11月8日
王重阳,职业,
鸠摩智,职业,吐蕃国师
无崖子,饰演,许还山（2003年内地电视剧）
洪凌波,中文名,洪凌波
洪凌波,师妹,陆无双
天门道人,师叔,玉凊子
天松道人,中文名,天松道人
乔峰,未婚妻,阿朱
田伯光,饰演,郑柏麟
袁承志,师父,朱安国、倪浩、罗大千、崔秋山、穆人清
马行空,性别,男
夏雪宜,饰演,江华2000版《碧血剑》
觉远,饰演,鲍方
欧阳克,登场作品,《射雕英雄传》
钱均夫,出生日期,1880年
向问天,中文名,向问天
神照上人,性别,
袁承志,居住地,
冯蘅,才华,冰雪聪明
乔峰,结义兄弟,耶律洪基
徐达,本名,[1]
兆惠,主要成就,平定大小和卓
郭襄,姐弟,郭芙
殷素素,民族,
郭襄,登场作品,《倚天屠龙记》
王夫人,谥号,
天山童姥,登场作品,
柯镇恶,徒孙,武敦儒
慕容复,侍婢,阿碧
蒋英,逝世日期,2012年（壬辰年）2月5日（农历正月十四）
向问天,别名,童化金
鹤笔翁,饰演,晋松
杨溢之,身份,
曲洋,孙女,
点苍渔隐,师弟,朱子柳
任盈盈,乐器,洞箫
天门道人,信仰,道教
韩宝驹,所属组织,江南七怪
徐天川,中文名,徐天川
张君宝,主要成就,振兴道教[10]
孙不二,出生地,金代宁海（今山东牟平)
陆无双,性别,女
木婉清,饰演,杨盼盼
游坦之,饰演,麦长青
完颜洪烈,身份,金国六王爷
多隆,饰演,艾威（1997版）
上官虹,其他名称,金银小剑三娘子
段智兴,性别,男
李莫愁,年龄,出场30岁
朱由榔,谥号,应天推道敏毅恭俭经文纬武体仁克孝匡皇帝
石清,职业,侠客
袁紫衣,中文名,
天竺僧,中文名,天竺僧
万圭,出场目次,4
杨康,登场作品,《神雕侠侣》
苏荃,儿子,
凌退思,饰演,关海山1989版《连城诀》
田青文,父亲,田归农
李秋水,配音,于小华
周芷若,中文名,周芷若
张无忌,武器,倚天剑
郭襄,饰演,应晓薇
张召重,门派,武当派
哑婆婆,门派,恒山派
人厨子,性别,男
郭芙,强项,酒量
萧远山,儿子,萧峰
完颜洪烈,饰演,宗峰岩
仪和,掌门人,仪清
丁不三,武功,
郭啸天,儿子,郭靖
何足道,心上人,郭襄
陆菲青,别名,芜菁子
郭襄,父母,郭靖
杨铁心,民族,汉族
温青青,母亲,温仪
枭道人,性别,男
邓百川,绝技,石破天惊
枯荣长老,小说武功,少商剑
全金发,别名,全六侠
周芷若,饰演,祝绪丹（2019年内地电视剧） 
老不死,登场作品,《笑傲江湖》
潇湘子,主要成就,与金轮法王等人围攻郭靖 三招打败全真教七名高手
水笙,表哥,汪啸风
陈家洛,帮会,红花会
钟灵,养父,钟万仇
包不同,登场作品,《天龙八部》
小昭,主要成就,在绿柳山庄外指挥明教抵挡元兵
何铁手,登场作品,《碧血剑》
赵敏,曾用兵器,金钗
沐剑屏,年龄,14（登场）
无根道人,性别,男
谢烟客,饰演,林聪1989版《侠客行》
慕容复,家臣,公冶乾
苏荃,配偶,
瑛姑,职业,隐士
常遇春,追赠,上柱国等
阿朱,饰演,收起
一灯大师,祖父,大理宪宗段誉
瘦头陀,终结者,归辛树
无根道人,别名,赤龙使
郭芙,性别,女
关安基,帮派,天地会青木堂
灭绝师太,中文名,灭绝师太
程瑶迦,饰演,陈秀珠（1983版）
石破天,登场作品,侠客行
阿朱,民族,大理汉族
王夫人,身份,美人、夫人、皇后、皇太后
白万剑,师兄妹,封万里
赵志敬,师叔、师伯,郝大通
风清扬,性别,男
黄药师,主要成就,三次论剑均为五绝
常遇春,封爵,
赵志敬,师弟,尹志平
玉如意,记载,《世说新语》
陆大有,饰演,李家强
张无忌,武功,九阳神功，乾坤大挪移
崔百泉,掌门人,柯百岁
赵敏,经典场面,绿柳山庄
南海鳄神,师父,段誉
苏菲亚,身份,
方怡,别名,方师姐、方姑娘、怡姐姐
徐天宏,门派,
耶律洪基,年号,清宁（1055年）
玄寂,登场作品,金庸小说《天龙八部》
瘦头陀,登场作品,
周芷若,饰演,周海媚（1994年台湾台视电视剧）
鹿杖客,饰演,白俊杰
杨逍,别名,杨左使
徐志摩,职业,
丁不三,三宝,孙女丁珰
杨不悔,朝代,元朝
徐天宏,别名,
令狐冲,爱好,喝酒
张君宝,本名,张君宝
谭公,相关庙宇,
丁春秋,中文名,丁春秋
陆菲青,登场作品,《书剑恩仇录》
一灯大师,久居地,桃源
侯通海,中文名,
风清扬,饰演,于承惠
阎基,畏惧之人,苗人凤
陆菲青,师兄,
鳌拜,荣誉,满洲第一勇士
刚相,主子,赵敏
神照上人,中文名,神照上人
萧远山,武功,袈裟伏魔功、摩诃指
胡逸之,结拜兄弟,
金庸,主要成就,主要成就
曲傻姑,饰演,黄小蕾
瑛姑,职业,大理贵妃→隐士
朱玫,民族,汉族
丁典,老师,”铁骨墨萼“梅念笙
余鱼同,所属组织,武当派→红花会
曲灵风,中文名,
聂卫平,主要成就,1975-1983年6夺中国个人赛冠军
尼摩星,饰演,张政勇（2006版刘亦菲主演电视剧）
林平之,仇人,余沧海
梦姑,民族,汉族（母）
金庸,代表作品,代表作品
阮星竹,登场作品,《天龙八部》
陆冠英,饰演,李龙吟
莫大,师弟,刘正风
乔峰,职位,大辽南院大王（楚王）
苗人凤,饰演,万梓良1984邵氏电影《新飞狐外传》
王语嫣,主要成就,水榭听香，指点群豪戏
小龙女,师侄,洪凌波
郭啸天,中文名,郭啸天
渡厄,师侄,空见
商宝震,结局,
灭绝师太,门派,峨嵋派
石双英,七哥,徐天宏
玉真子,饰演,刘乃艺2007版《碧血剑》
裘千仞,妹妹,裘千尺
钟灵,性别,女
赵志敬,性别,男
杨成协,门派,红花会
石双英,四哥,文泰来
玄苦,师兄,玄慈
天鸣方丈,中文名,
郭芙,年龄,出场时9岁
公孙绿萼,配音者,李娟，李世荣
陶红英,救命恩人,韦小宝
木岛主,中文名,木岛主
罗立如,中文名,罗立如
耶律楚材,所处时代,金朝
周芷若,别名,周掌门
许雪亭,登场作品,
宋远桥,性别,男
空性,中文名,空性
段延庆,饰演,收起
焦公礼,民族,汉族
神照上人,劲敌,
孙不二,逝世日期,1182年
封万里,别名,擎天一剑
空闻,中文名,空闻
天山童姥,久居地,
上官云,别名,雕侠
段延庆,中文名,段延庆
袁冠南,国籍,中国
万圭,民族,汉族
梅超风,中文名,梅超风
欧阳锋,主要成就,天下第一
蒙哥,庙号,元宪宗（追尊）
田归农,饰演,顾冠忠
包不同,性格特点,
殷天正,职业,明教四大护教法王之一，天鹰教教主
康广陵,知己,
鲁有脚,身份,丐帮长老
阿青,国籍,越国
李可秀,中文名,
曲三,女儿,
杨铁心,妻子,包惜弱
渡厄,徒弟,
木婉清,饰演,刘美彤
仪琳,饰演,饰演
赵良栋,主要成就,平定三藩之乱
朱聪,绝技,盗术
丁典,别名,丁大侠
徐达,官职,太傅
裘千丈,结局,摔死在铁掌峰下
郭靖,父亲,
朱元璋,主要作品,
朱由榔,年号,永历（1647年）
苗若兰,别名,兰儿
任盈盈,别名,圣姑
任我行,属下,东方不败，向问天，上官云
吴立身,别名,摇头狮子
和珅,号,十笏园
完颜萍,丈夫,武修文
查传诗,外文名,Miss cha
归辛树,中文名,归辛树
小龙女,祖师,林朝英
徐达,别名,徐中山
俞岱岩,主要成就,前赴福建诛杀巨盗
陆高轩,教主,
白振,别名,金爪铁钩
霍都,门派,
南希仁,登场作品,《射雕英雄传》
何红药,心上人,金蛇郎君
王重阳,职业,侠客
小龙女,身份,古墓派掌门
耶律齐,饰演,姚文龙
云中鹤,职业,作家
韦双双,弟弟,
穆旦,毕业院校,
王进宝,谥号,
包惜弱,饰演,收起
静玄师太,民族,汉族
穆旦,代表作品,
赵志敬,中文名,赵志敬
岳老三,徒弟,
木岛主,民族,汉
木岛主,饰演,舒耀瑄
曲三,师父,黄药师
公孙绿萼,配音者,李世荣、张颂欣等
封万里,门派,雪山派
灵智上人,登场作品,《神雕侠侣》
范文程,本名,范文程
石万嗔,中文名,石万嗔
阳夫人,别名,柳芯茹（2003版电视剧《倚天屠龙记》）
谢烟客,性别,男
福康安,主要作品,《重修昭觉寺志》《寄惠椿亭侍郎》
阿朱,曾受重伤,大金刚掌掌伤
渡难,师兄,渡劫
丁敏君,师姐,静玄、苏梦清等
陆菲青,登场作品,
灭绝师太,饰演,严敏求
杨铁心,儿子,杨康
李莫愁,配音,晏晓陶
莫声谷,师侄,宋青书
金庸,代表作品,收起
谢逊,别名,金毛狮王
一灯大师,家臣,渔樵耕读
朱由检,庙号,毅宗
王难姑,擅长,
和珅,字,致斋
洪七公,别名,洪老前辈
周颠,名字由来,
余沧海,中文名,余沧海
包惜弱,饰演,李司棋
枯荣长老,小说信仰,佛教
朱元璋,庙号,太祖[16]
温仪,居住地,华山上的一个山洞
蒋四根,兵刃,铁桨打横
封万里,饰演,张山（2002版电视剧）
钱均夫,民族,汉族
郭靖,子女,郭芙
李莫愁,性别,女
虚竹,饰演,
范百龄,作者,金庸
段正严,年号,保天
掌钵龙头,中文名,掌钵龙头
郭襄,才艺,琴
段智兴,名号,“五绝”之南僧
乔峰,养父,乔三槐
周颠,民族,汉
归辛树,性别,男
武三通,中文名,武三通
达尔巴,信仰,佛教
赵志敬,饰演,展开
仪琳,中文名,仪琳
陈圆圆,字号,畹芳
金花婆婆,女儿,小昭
程灵素,主要成就,清理师门败类
李明,特长,表演
陈家洛,师父,袁士霄
查传讷,中文名,查传讷
海大富,饰演,收起
任盈盈,主要成就,身为日月神教圣姑
成昆,徒弟,陈友谅
李泰,经纪公司,CSE中星娱乐
史红石,身份,丐帮帮主
韦小宝,身份,天地会青木堂香主
赵敏,经典场面,天地同寿
梁自进,掌门人,白自在
蓝凤凰,饰演,尤翠玲1978版《笑傲江湖》
林朝英,心上人,王重阳
百草仙,登场作品,《神雕侠侣》
胡斐,别名,拨凤毛（化名）
杨铁心,别名,杨兄弟(丘处机)
段正明,弟弟,段正淳
朱由检,主要成就,除魏忠贤等逆党
风波恶,绝技,
方怡,师妹,沐剑屏
忽必烈,本名,孛儿只斤·忽必烈
戚长发,武功,躺尸剑法
穆念慈,儿媳,小龙女
丁不三,三宝,一身武功
朱聪,所属组织,江南七怪
静玄师太,师妹,贝锦仪
文泰来,十弟,
闵子华,国籍,中国
秃笔翁,兵器,判官笔
努尔哈赤,别名,奴儿哈赤
韦小宝,门派,天地会，神龙教，铁剑门
陆天抒,别名,
商宝震,情敌,
柯镇恶,招数,金刚护法
天鸣方丈,登场作品,
冯锡范,饰演,于承惠
曲洋,中文名,曲洋
钱永刚,性别,男
王难姑,恩人,
马行空,中文名,马行空
沙通天,武功,
莫大,爱好,
白世镜,身份,
觉远大师,身份,少林寺藏经阁管理书籍的和尚
金花婆婆,饰演,冯素波香港无线电视剧《倚天屠龙记》阎青妤 合拍电视剧《倚天屠龙记》马羚 内地电视剧《倚天屠龙记》杨明娜 内地电视剧《倚天屠龙记》收起
武修文,嫂子,耶律燕
黛绮丝,丈夫,韩千叶
周绮,门派,铁胆庄
耶律齐,父亲,耶律楚材
秃笔翁,别名,江南四友
胡青羊,哥哥,胡青牛
黄药师,妻子,冯衡
佟国纲,本名,佟国纲
鸠摩智,饰演,李国麟
林朝英,后代传人,小龙女
建宁公主,登场作品,《鹿鼎记》
苏菲亚,国籍,罗刹国
范百龄,性别,男
神山上人,职业,五台山清凉寺方丈
傅思归,职业,家臣
段延庆,饰演,计春华2003版《天龙八部》
柯镇恶,兵器,铁菱
蒋四根,四嫂,骆冰
洪七公,饰演,收起
刘一舟,师父,柳大洪
蒙哥,性别,男
梅念笙,徒弟,万震山、言达平、戚长发
郭襄,饰演,杨幂
方怡,丈夫,
贝锦仪,饰演,左阳
段智兴,久居地,桃源
拓跋宏,逝地,谷塘原行宫
阿紫,哥哥,段誉（段延庆与刀白凤之子）
莫声谷,师兄,殷梨亭
傅思归,中文名,傅思归
侯通海,登场作品,
枯荣长老,小说国籍,大理国
马夫人,别名,小康
天竺僧,性别,男
静玄师太,民族,
殷野王,女儿,
张康年,饰演,刘晓虎
澄观,主要成就,
王夫人,主要成就,辅助儿子刘彻登上太子位
周芷若,门派,峨嵋派
慕容博,武功,参合指等
胖头陀,教派,神龙教五龙门下
欧阳锋,饰演,宗峰岩
祖千秋,别名,祖宗
杨莲亭,饰演,谈泉庆
杨过,饰演,任贤齐
吴六奇,所处时代,明朝
刘乘风,性别,男
藏边五丑,登场作品,
陆冠英,门派,仙霞派
徐天宏,六哥,
胡逸之,其他名称,百胜刀王，美刀王
裘千尺,主要成就,武功绝技铁掌
百草仙,作者,金庸
李秋水,久居地,琅嬛福地
金轮法王,徒弟,郭襄等
鳌拜,民族,满族
徐天宏,别名,武诸葛
洞玄,掌门人,水云道长
冯锡范,别名,
耶律齐,饰演,周麟
张无忌,配音,日语）
欧阳锋,别名,老毒物
蒋四根,武功,疯魔杖法
殷离,宠物,
刘乘风,中文名,
郭襄,别名,郭二姑娘
石中玉,弟弟,石破天
仪琳,饰演,桑妮
萧峰,登场作品,《天龙八部》
冯默风,师兄,曲灵风
阿青,爱人,范蠡
段智兴,祖父,大理宪宗段誉
乔峰,结义兄弟,段誉
陆冠英,饰演,麦先声
努尔哈赤,出生日期,1559年
程瑶迦,师父,孙不二
李沅芷,身份,陕西扶风延绥镇总兵 李可秀之女
左子穆,徒弟,干光豪
张三丰,号,三丰
莫大,门派,衡山派
骆冰,总舵主,于万亭
马夫人,情夫,段正淳等
吴道通,中文名,
武敦儒,朝代,
海兰弼,中文名,海兰弼
朱由检,主要成就,整顿吏治
张翠山,民族,汉族
香香公主,地位,金庸笔下第一美女
乔峰,民族,契丹族
樊一翁,居住地,绝情谷
樊一翁,结局,被金轮法王所杀
老不死,性别,女
冯默风,师妹,程英
小龙女,别名,龙姑娘
仪和,掌门人,定闲师太
公冶乾,别名,
余人彦,父亲,
武青婴,第一次登场,第15章　奇谋秘计梦一场
侯通海,登场作品,《神雕侠侣》
静照,门派,
余鱼同,兵器,金笛
蒙哥,主要成就,派旭烈兀远征
云中鹤,毕业院校,英国剑桥大学
天竺僧,师兄,一灯大师
于万亭,门派,红花会
旭烈兀,主要成就,建立伊利汗国
柯镇恶,徒弟,
王难姑,夫妻关系,
独孤求败,传人,风清扬
平一指,登场作品,《笑傲江湖》
闵子华,性别,男
佟国纲,官职,镶黄旗汉军都统
冯蘅,才华,记忆极好
玉真子,饰演,郭锋1985版《碧血剑》
梅超风,别名,梅若华
尼摩星,退场原因,被杨过暗杀
拖雷,谥号,元英武皇帝（追尊）
郭襄,登场作品,《神雕侠侣》
游坦之,饰演,马浴柯
白世镜,帮主,乔峰
张翠山,武器,虎头钩
凌霜华,主要成就,每天换一盆菊花以慰丁典的苦楚
觉远,登场作品,《倚天屠龙记》
天山童姥,情敌,李秋水
胡青羊,嫂子,王难姑
赵志敬,徒弟,鹿清笃
张康年,登场作品,《鹿鼎记》
杨逍,著作,《明教流传中土记》
平阿四,中文名,平阿四
阿朱,国籍,大理国
任盈盈,性别,女
陆冠英,性别,男
公孙止,逝世日期,1243年
关明梅,中文名,关明梅
戚芳,丈夫,万圭
沐剑声,年龄,二十五
忽必烈,主要成就,统一全国
殷天正,教主,阳顶天，张无忌
郭靖,主要成就,任职武林领袖驻守襄阳数十年
徐天川,登场作品,《鹿鼎记》
袁紫衣,其他名称,
程英,职业,侠女
赵敏,饰演,展开
武修文,母亲,
曲洋,饰演,秦伟1985版《笑傲江湖》
天山童姥,传人,
徐志摩,职位,南京大学教授，北京大学教授
长平公主,所处时代,清朝初期
段誉,生日,11月23日
李泰,语种,赣语
拓跋宏,主要成就,改革吏治
慕天颜,本名,慕天颜
戚芳,女儿,空心菜
武青婴,朝代,元朝
玉如意,来源,印度梵语“阿娜律”
天门道人,师弟,天松
于人豪,门派,青城派
岳不群,女儿,
陆无双,别名,媳妇儿
商宝震,配音,
拓跋宏,逝世日期,499年4月26日
水岱,性别,男
劳德诺,武功,紫霞神功
欧阳锋,齐名者,黄药师
何铁手,武功,
丁典,性别,男
金庸,主要成就,香港大紫荆勋章
张无忌,年龄,22岁（书末)
刘一舟,未婚妻,方怡
侍剑,中文名,侍剑
李可秀,中文名,李可秀
袁承志,师父,
彭连虎,别名,彭寨主
殷素素,登场作品,《倚天屠龙记》
觉远大师,门派,少林寺
任我行,女儿,任盈盈
旭烈兀,主要成就,征服西南亚
段誉,别名,段正严
陆冠英,饰演,收起
于人豪,性别,男
王进宝,官职,陕西提督
朱由检,出生地,顺天府大兴县（今北京市东城区）
陆展元,弟妹,陆二娘
渡难,师侄,空见、空闻、空智、空性
方怡,出生地,云南
阿朱,饰演,苏青（19版电视剧）
梅超风,登场作品,《射雕英雄传》
乔峰,职位,大宋丐帮帮主
和珅,出生日期,1750年7月1日
杨莲亭,别名,
劳德诺,性别,男
李沅芷,丈夫,余鱼同
游坦之,别名,铁丑
袁紫衣,武功,鹰爪功
努尔哈赤,逝世日期,1626年9月30日(天命十一年八月十八日)
裘千尺,民族,汉族
徐天宏,八弟,杨成协
韦小宝,身份,
包惜弱,饰演,饰演
朱元璋,逝世日期,1398年6月24日(洪武三十一年闰五月初十日)
阿青,饰演,李赛凤
云中鹤,职位,南京大学教授
钟灵,别名,灵儿
田伯光,饰演,陈天文
觉远,别名,觉远大师
天门道人,绝技,
无尘道长,门派,红花会
白振,门派,嵩阳派
徐志摩,职位,
任我行,主要成就,重夺日月神教教主之位 大战五岳剑派
苏菲亚,登场作品,
罗立如,师父,焦公礼
茅十八,性别,男
石万嗔,性别,男
查传诗,国籍,
黄药师,主要成就,解襄阳之围
郭芙,别名,芙妹
旭烈兀,逝世日期,1265年2月8日
岳老三,兵器,鳄尾鞭
张无忌,武功,九阳神功
华筝,信仰,萨满教
喀丝丽,地位,
空性,属于,空间之本性
程灵素,性别,女
石清,饰演,刘锡明
仪琳,饰演,收起
李文秀,父亲,李三
陈友谅,主要成就,起兵反元
骆冰,总舵主,陈家洛
马行空,门派,飞马镖局
石双英,四哥,
洪凌波,祖师婆婆,林朝英
洪凌波,葬身之地,绝情谷情花丛
秦红棉,师妹,甘宝宝
文泰来,六弟,常伯志
赵志敬,师弟,马志芳
不平道人,其他名称,蛟王
黄药师,饰演,黄秋生
林远图,代表作品,辟邪剑谱
梅芳姑,义女,丁铛
宗维侠,中文名,宗维侠
黛绮丝,饰演,李婉华 香港无线电视剧《金毛狮王》
秦红棉,武功,五罗轻烟掌
胡斐,性别,男
公冶乾,别名,江南第二
徐天宏,义母,
忽必烈,出生日期,1215年9月23日
小龙女,饰演,关之琳
朱元璋,主要成就,推翻元朝统治休养生息
黄蓉,武器,
陆菲青,师侄,
陈圆圆,别名,秦淮八艳
仪琳,饰演,邓莎
柯镇恶,武功,伏魔杖法
闵子华,师弟,洞玄
阿朱,饰演,展开
文泰来,五弟,
玄苦,结局,一掌震得五脏剧裂而亡
石双英,人物出处,《书剑恩仇录》
海大富,上司,顺治皇帝
言达平,救命恩人,
胡斐,别名,程灵胡（化名）、拨凤毛（化名）
李彧,代表作品,魔幻手机2傻妞归来
张无忌,饰演,饰演
鲁有脚,门派,丐帮
海大富,饰演,华子
闵子叶,身份,会友镖局总镖头
胡一刀,至交,苗人凤
聂卫平,主要成就,第1-4届中日围棋擂台赛11连胜
小玄子,登场作品,
杨不悔,父亲,
胡青牛,饰演,吴孟达
周伯通,徒弟,耶律齐
全冠清,身份,丐帮大智分舵的舵主→丐帮九袋长老
灭绝师太,内功,《峨眉九阳功》
李莫愁,饰演,赵天丽
花铁干,武功,岳家散手
潇湘子,国籍,蒙古
俞岱岩,年龄,三十来岁（出场时）
邓百川,专长,内力
金庸,代表作品,书剑恩仇录
武三通,子,
段誉,情缘,王语嫣
杨成协,中文名,杨成协
俞岱岩,中文名,俞岱岩
水岱,女儿,水笙
田伯光,主要成就,以闻香识女人的特技“天鼻通”救出被囚禁的恒山群尼
童百熊,特点,武功高强
慕容复,登场作品,《天龙八部》
武青婴,别名,雪岭双姝（与朱九真合称）
蒋四根,兵刃,向左一闪
陆菲青,徒弟,李沅芷
瑞栋,登场作品,《鹿鼎记》
黄蓉,身份,第十九代丐帮帮主
商宝震,门派,八卦门
韩千叶,饰演,陈荣峻
徐天宏,九弟,卫春华
金庸,代表作品,鹿鼎记
王元霸,性别,男
阳夫人,中文名,阳夫人
马光佐,特点,天性单纯
空智,门派,
梅念笙,主要成就,练成“连城剑法”
任盈盈,别名,别名
完颜洪熙,民族,女真
海大富,别名,海公公
柯镇恶,饰演,邓立民
段誉,情缘,钟灵
吴立身,救命恩人,韦小宝
徐天宏,妻子,周绮
余鱼同,毕业院校,武当派
杨不悔,主要成就,金庸小说中年纪最小旅行家（蝴蝶谷-西域）
徐天宏,义父,周仲英
说不得,帮派,明教
阿紫,姊妹,木婉清
长平公主,封号,坤兴公主
陈圆圆,本名,邢沅
张无忌,民族,汉族
杨康,饰演,罗嘉良1994版《射雕英雄传》
何红药,侄女,何铁手
裘千尺,丈夫,公孙止
马春花,情夫,福康安
耶律齐,中文名,耶律齐
何铁手,擅长,下毒
温方山,二哥,
朱元璋,主要成就,建立明朝
秦红棉,师妹,
殷素素,中文名,
赵敏,配音,季冠霖（2009年内地电视剧）
游坦之,性别,男
阿九,饰演,孙菲菲
蒋四根,兵刃,铁桨武功疯魔杖法特点力大
玉如意,形态,手指形，心形等
杨成协,民族,清朝
袁紫衣,登场作品,《飞狐外传》
花铁干,电视剧结局,
莫大,性别,
建宁公主,父母,瘦头陀
兆惠,字号,字和甫
殷梨亭,武功,天地同寿剑法
李泰,职业,
侯通海,师兄,
陈友谅,年号,大定1361-1363
白世镜,武功,缠丝擒拿手
温青青,父亲,夏雪宜
天鸣方丈,性别,
李西华,登场作品,《鹿鼎记》
曾柔,饰演,陈安琪
杨莲亭,情人,东方不败
包惜弱,登场作品,《射雕英雄传》
侯通海,中文名,侯通海
陈孤雁,中文名,陈孤雁
段正淳,饰演,汤镇宗
郭靖,武功家数,《九阴真经》全部内容、降龙十八掌、空明拳、左右互搏
风清扬,门派,华山派
扫地僧,饰演,高雄
慕天颜,逝世日期,康熙三十五年（1696年）四月十五日
无崖子,师妹,李秋水
段延庆,武功,段家剑法
长平公主,同母姐妹,坤仪公主
扫地僧,饰演,鲍方
赵敏,中文名,赵敏
佟国纲,主要成就,随征噶尔丹
徐天宏,五哥,
赵敏,别名,赵明（连载版小说姓名）
冷谦,所处时代,明朝
归辛树,饰演,罗莽
关明梅,性别,女
周芷若,代表之花,春睡海棠
达尔巴,国籍,蒙古帝国
公冶乾,结局,慕容复杀包不同后，与其决裂
无崖子,年龄,93岁
赵敏,封号,绍敏郡主
田青文,身高,160 cm
洪胜海,朝代,
侯通海,别名,
贝海石,门派,长乐帮
柯镇恶,所属组织,
丁不四,中文名,丁不四
程瑶迦,中文名,程瑶迦
南兰,饰演,陈秀珠1985版《雪山飞狐》
刘正风,中文名,刘正风
胡斐,职业,侠客
田归农,身份,天龙门北宗掌门
岳老三,门派,
袁承志,棋友,木桑道长
阿朱,殉身之处,小镜湖青石桥
刘正风,徒弟,向大年
刘一舟,登场作品,
郭芙,别名,郭大小姐
武修文,年龄,十一岁（初登场）
摘星子,外貌,身材高瘦
澄观,主要成就,祖述师说
闵子叶,性别,男
石中玉,帮派,长乐帮
丁游,国籍,中国
公孙绿萼,语种,汉语
闵柔,职业,玄素庄庄主
张君宝,号,三丰
袁承志,岳父,
郭啸天,武功,啸转天地
曲洋,饰演,黎汉持1996版《笑傲江湖》
瑞栋,中文名,瑞栋
扫地僧,饰演,周晓文
努尔哈赤,陵寝,福陵
陆天抒,中文名,
陈玄风,其他名称,铜尸
阳顶天,身份,明教第三十三代教主
张康年,职业,侍卫长
余鱼同,人物出处,《书剑恩仇录》
黄蓉,饰演,郭佑华
尹志平,中文名,尹志平
天松道人,性别,男
沐剑屏,饰演,关芯（20张一山版）
甘宝宝,丈夫,钟万仇
陆无双,饰演,简佩筠
达尔巴,职业,和尚
郭靖,徒弟,
柯镇恶,中文名,柯镇恶
无嗔大师,好友,苗人凤
马行空,女儿,马春花
南兰,登场作品,《飞狐外传》
袁冠南,中文名,袁冠南
玄寂,性别,
成昆,徒弟,
赵志敬,师弟,张志光
胡青牛,教主,张无忌
朱元璋,年号,
陆冠英,饰演,王九胜
任盈盈,配偶,令狐冲
博尔术,职业,军事家
黄蓉,登场作品,《神雕侠侣》
谢烟客,饰演,张复健1985版《侠客行》
无嗔大师,性别,男
桑土公,性别,男
徐达,别名,徐武宁
哑婆婆,中文名,哑婆婆
柯镇恶,招数,秦王鞭石、金刚护法、杵伏药叉
段誉,饰演,林志颖
商老太,中文名,商老太
莫声谷,师兄,俞岱岩
成昆,徒弟,谢逊
福康安,官职,军机大臣
郭芙,师承,郭靖
乌老大,年龄,30到40岁
多隆,别名,多大哥（韦小宝专用）
丁不三,三宝,玄冰碧火酒
南海鳄神,徒弟,孙三霸
常遇春,逝世日期,1369年
蒋四根,国籍,清朝
余人彦,父亲,余沧海
袁紫衣,性别,
李沅芷,民族,汉族
冯默风,师妹,黄蓉
杨不悔,丈夫,
仪琳,别名,小师太
袁承志,师父,罗大千
陈近南,主要成就,东宁总制使 创办天地会
张松溪,职业,武术家
完颜洪烈,别名,六王爷
一灯大师,家族,
洪安通,武功,英雄三招等
秦红棉,暗器,连环毒箭
程英,饰演,柴蔚
完颜洪烈,饰演,郭亮
朱元璋,陵寝,
左子穆,徒弟,龚光杰 ，干光豪
向问天,饰演,收起
李莫愁,饰演,吕有慧
范遥,饰演,袁苑
关安基,帮派,
玄难,职位,达摩院首座
王进宝,官职,
乔峰,国籍,辽
华筝,小说前夫,都史
玉真子,结局,死于金蛇之口
岳灵珊,配偶,林平之
拓跋宏,主要成就,分明姓族
丁典,登场作品,《连城诀》
阿九,别名,独臂神尼
殷天正,信仰,
慕容博,民族,
周颠,出生地,建昌（今江西永修）
徐天川,所属组织,
谢逊,中文名,谢逊
何足道,成就,只身独闯少林寺
殷梨亭,武功绝技,武当太极拳等
玄寂,中文名,玄寂
段正明,别名,本尘
穆念慈,义母,
徐志摩,注音,xú zhì mó
阳夫人,配偶,阳顶天
吴之荣,饰演,焦雄、札西
杨康,饰演,任贤齐1998版《神雕侠侣》
杨康,饰演,饰演
拖雷,监国时间,1227年8月25日—1229年9月13日
阳顶天,饰演,黄文标
阿朱,中文名,段朱
黛绮丝,性别,女
玄苦,性别,男
李彧,民族,汉族
何沅君,别名,阿沅、沅君
邓百川,性别,男
蕊初,登场作品,《鹿鼎记》
孟伯飞,中文名,孟伯飞
郭襄,武功,峨嵋九阳功
洪七公,修习武功,降龙十八掌
朱由榔,出生地,顺天府大兴县（今北京市东城区）
张召重,师兄,陆菲青
陆菲青,小说地位,中第一个出场的男性人物
木高峰,外文名,Gao Feng
长平公主,祖母,孝纯皇后刘氏
刘乘风,别名,
耶律洪基,所处时代,辽朝
武三通,国籍,大理国
焦宛儿,门派,金龙帮
戚长发,登场作品,《连城诀》
阿朱,饰演,刘锦玲（97版电视剧）
梅念笙,徒弟,戚长发
任盈盈,出生地,黑木崖
金蛇郎君,饰演,江华2000版《碧血剑》
蒋英,职业,
黄蓉,武器,峨嵋刺
金花婆婆,别名,紫衫龙王
喀丝丽,哥哥,霍阿伊
凌霜华,愿望,与丁典同穴而眠
黄蓉,民族,汉
杨康,饰演,李艺民1977版《射雕英雄传》
逍遥子,出生地,上海
梅超风,饰演,张敏婷1976版《射雕英雄传》
武敦儒,妻子,
蒋四根,兵刃,他是将铁桨当估项迎作禅杖多乎朽使
张阿生,饰演,李耀敬
程青竹,哥哥,
陆菲青,化名,
和珅,号,绿野亭主人
萧峰,岳父,段正淳
李明,代表作品,《干得漂亮》《倚天屠龙记》《大宅门》《举起手来》《黄河绝恋》
包惜弱,饰演,周海媚
武修文,师父,郭靖
李彧,祖籍,山东省威海市文登区
阎基,畏惧之人,田归农
王重阳,职业,全真教掌门
萧峰,仰慕者,
虚竹,性别,男
安小慧,门派,华山派
朱元璋,主要成就,开创洪武之治
刀白凤,中文名,刀白凤
蒋英,代表作品,著有《西欧声乐艺术发展史》，合译有《肖邦传》，《舒曼传》等
田伯光,饰演,展开
韩小莹,性别,女
华筝,小说心上人,郭靖
瑛姑,儿子,
钱均夫,逝世日期,1969年
杨铁心,武功,杨家枪法
石破天,饰演,莫少聪1985版《侠客行》
蒋百里,代表作品,《国防论》《欧洲文艺复兴史》
骆冰,别名,鸳鸯刀
赵志敬,师弟,申志凡
赵志敬,徒弟,杨过
吕留良,出生日期,1629年
水笙,登场作品,《连城诀》
无尘道长,别名,追魂夺命剑
柯镇恶,徒孙,郭芙
段誉,饰演,展开
虚竹,登场作品,《天龙八部》
刘正风,师兄,莫大
殷天正,武功,天鹰剑法
逍遥子,出生地,
赵良栋,主要作品,
阿青,爱人,
黄真,门派,[2]
徐天宏,登场作品,《书剑恩仇录》
林远图,别名,渡元禅师
冯蘅,容貌,秀丽绝伦
武三通,别名,
仪琳,别名,师父
洪七公,饰演,陈飞龙
武三娘,性别,
彭连虎,登场作品,《神雕侠侣》
黄药师,齐名者,欧阳锋
杨成协,绝技,铁布衫
蒋四根,兵刃,铁桨从自己背后甩过欠设拜右肩
石双英,三哥,
胡青牛,饰演,梁天
马夫人,扮演者,钟丽缇
殷素素,饰演,王媛可
萧峰,岳父/三伯,
范百龄,别名（绰号）,“函谷八友”老二棋迷
石双英,总舵主,于万亭→陈家洛
何沅君,别名,阿沅
李沅芷,年龄,十四五岁
聂卫平,主要成就,1999年新中国棋坛十大杰出人物
阮星竹,别名,星竹
左子穆,身份,无量派东宗掌门人
郭靖,义侄,杨过
天山童姥,门派,
凌退思,饰演,岳华1980版《连城诀》，关海山1989版《连城诀》，王诗槐2004版《连城诀》
兆惠,主要成就,平定准噶尔
韦一笑,修习武功,寒冰绵掌
侍剑,登场作品,
花铁干,电视剧结局,最终死于狄云之手
袁承志,父亲,
陈孤雁,帮主,乔峰
天门道人,结局,
谭婆,性别,女
康广陵,登场作品,
沐剑屏,祖籍,
刀白凤,中文名,
穆里玛,姓氏,瓜尔佳氏
公孙止,年龄,38
任盈盈,别名,任大小姐盈儿展开别名盈盈圣姑姑姑婆婆
何铁手,登场作品,
陶红英,身份,明朝长平公主侍女
周芷若,饰演,展开
陈圆圆,职业,梨园女妓
商宝震,母亲,
崔百泉,登场作品,
曲三,其他名称,
班淑娴,身份,昆仑派掌门铁琴先生何太冲的正室
水笙,中文名,水笙
吴道通,性别,
尼摩星,退场原因,袭击郭芙郭襄不成
陆菲青,师侄,余鱼同
袁承志,居住地,渤泥国无名岛
小龙女,饰演,毛晓慧
聂卫平,棋手段位,九段
刚相,其他名称,空相
宗维侠,朝代,元朝
郭芙,别名,芙儿
尼摩星,成就,与他人并称蒙古三杰
陈圆圆,民族族群,汉人
史红石,父亲,史火龙
裘千仞,妹妹,
林平之,盟友,左冷禅、劳德诺
木婉清,饰演,收起
张君宝,出生地,辽东懿州
公孙绿萼,容貌,眉目清雅、肤色白里泛红
周芷若,年龄,18~19岁
钱永刚,中文名,钱永刚
石清,别名,石清子
乔峰,别名,萧大侠
韦双双,弟弟,韦铜锤
段正淳,饰演,樊日行
段誉,饰演,汤镇业
殷天正,职业,明教四大护教法王之一
渡难,师侄,空见
侍剑,登场作品,《侠客行》
令狐冲,登场作品,
归辛树,门派,华山派
马行空,武功,百胜神拳
杨逍,饰演,林雨申
朱由检,本名,朱由检
王夫人,身份,
武三通,绝技,
黛绮丝,教派,明教
木婉清,饰演,展开
程英,饰演,林秀君
黄药师,武功写照,碧海潮生按玉箫
何铁手,武功,华山派正邪两大派的武功
华筝,登场作品,《射雕英雄传》
博尔术,性别,男
佟国纲,封爵,一等公
柯镇恶,性别,男
谢烟客,饰演,
谭婆,中文名,谭婆
包不同,性别,男
都史,祖父,蒙古克烈部首领王罕
陈近南,主要成就,
林平之,武功,
洪七公,师祖,萧峰
陆无双,师姐,洪凌波
李可秀,人物关系,李沅芷之父
郭啸天,侄子,杨康
陆二娘,中文名,陆二娘
周芷若,主要成就,屠狮大会夺得“武功天下第一”称号
苗若兰,出场作品,《雪山飞狐》
邓炳春,教主,洪安通
鸠摩智,称号,金庸小说书迷称为“天龙四神”中的“火神”
左冷禅,饰演,饰演
尼摩星,性情,勇悍
洪凌波,职业,道姑
沐剑屏,父亲,
任盈盈,别名,盈儿
郭芙,宝物,双雕
黄药师,国籍,南宋
刘乘风,别名,柔云剑
朱由榔,逝世地,云南府昆明县（今云南省昆明市）
殷离,武功,
穆里玛,职业,武官
云中鹤,出生地,浙江省海宁市
裘千仞,师父,上官剑南
符敏仪,身份,灵鹫宫阳天部首领
拖雷,主要成就,大蒙古国监国
蒋四根,兵刃,武功疯魔杖法
罗立如,门派,金龙帮
阳顶天,饰演,白建才
石清,登场作品,《侠客行》
林震南,祖传剑谱,
苏星河,饰演,罗国维
拓跋宏,出生日期,467年10月13日
田伯光,性别,男
李明,中文名,李明
王重阳,信仰,
都史,妻子,华筝（有婚约
林平之,仇人,木高峰 
公孙止,登场作品,《神雕侠侣》
蒋百里,军衔,陆军上将（死后追赠）
仪琳,别名,仪琳师妹
李泰,出生日期,
鹿杖客,登场作品,《倚天屠龙记》
王语嫣,出场章回,
和珅,主要作品,《嘉乐堂诗集》
天鸣方丈,别名,老方丈、天鸣禅师
掌钵龙头,登场作品,《倚天屠龙记》
阿青,中文名,阿青
武修文,妻子,完颜萍
小昭,父母,韩千叶
薛慕华,中文名,薛慕华
莫大,身份,衡山派掌门
冯蘅,别名,阿蘅
沐剑声,民族,汉
李彧,代表作品,十全九美
曲灵风,登场作品,《射雕英雄传》
谢烟客,修习武功,碧针清掌
段正淳,别名,段郎
黄药师,饰演,苗侨伟
孟伯飞,二儿子,孟铸
海兰弼,身份,骁骑营佐领
余鱼同,八哥,
吕留良,字号,字庄生
莫大,饰演,刘仲元
小昭,民族,汉人和波斯人混血
全金发,兵器,杆秤
何足道,中文名,何足道
天鸣方丈,门派,少林寺
天鸣方丈,登场作品,《倚天屠龙记 》
鹤笔翁,武器,鹤嘴双笔
兆惠,军职,正黄旗副都统
王难姑,终结者,
康广陵,中文名,康广陵
胖头陀,中文名,胖头陀
方怡,别名,方姑娘
李彧,代表作品,钦差大臣
黄药师,齐名者,洪七公
班淑娴,登场作品,《倚天屠龙记》
石破天,武功,《太玄经》
王进宝,爵位,
沐剑屏,饰演,吴倩（14韩栋版）
史小翠,丈夫,白自在
小昭,登场作品,《倚天屠龙记》
游坦之,饰演,刘潮
李沅芷,性别,女
归二娘,性别,女
华赫艮,别名,阿根
藏边五丑,登场作品,《神雕侠侣》
殷野王,妹妹,
白振,武功,大力鹰爪功
段智兴,饰演,钟志强
左冷禅,饰演,陈鸿烈1996年TVB版《笑傲江湖》
周芷若,饰演,刘雪华（1984香港邵氏电影）
史火龙,性别,男
范文程,谥号,文肃
乔峰,别名,乔帮主
王夫人,身份,皇后
丁春秋,饰演,展开
努尔哈赤,在位,1616年2月17日－1626年9月30日
方怡,登场作品,
风际中,年龄,30左右
卫春华,七哥,徐天宏
耶律洪基,年号,寿昌（1095年）
耶律楚材,官职,中书令
查传诗,中文名,查传诗
沐剑屏,登场作品,《鹿鼎记》
狄云,别名,空心菜
韦小宝,身份,清抚远大将军，天地会青木堂香主，神龙教白龙使
张无忌,饰演,尔冬升（1978年、1984年香港邵氏电影）
天鸣方丈,师侄,无色
萧峰,主要成就,助辽平定楚王之乱、胁迫耶律洪基换来边疆和平
蒋四根,兵刃,乃红花会中排名第十三的“铜头鳄鱼”蒋四根。周仲英见他力大
段正淳,饰演,思维
阿碧,性格,温婉动人
班淑娴,师父,白鹿子
傅思归,国籍,大理
王重阳,民族,汉族
九难,别名,朱媺娖
商宝震,身份,山东武定县商家堡的堡主
冯锡范,性别,
慕容复,武功,百家武学
朱丹臣,职业,大理皇宫四大护卫之一
黛绮丝,饰演,胡美仪 香港无线电视剧《倚天屠龙记》
杨莲亭,别名,莲弟、杨总管
陆菲青,門派,屠龙帮
黄药师,登场作品,《神雕侠侣》及衍生作品
殷梨亭,师兄,张松溪
阿青,登场作品,
莫大,饰演,
都史,祖父,
天门道人,师叔,玉玑子、玉凊子、玉音子
杨过,主要成就,击毙蒙古大汗蒙哥
耶律齐,别名,齐哥
余鱼同,职务,
马夫人,扮演者,张馨予
小龙女,饰演,范文芳
李莫愁,祖师,林朝英
公孙绿萼,民族,汉族
忽必烈,逝世日期,1294年2月18日
忽必烈,陵寝,起辇谷
苗人凤,好友,胡一刀
一灯大师,家臣,
李明,身高,175 cm
杨不悔,第一次登场,第12章　针其膏兮药其肓
常遇春,追赠,翊运推诚宣德靖远功臣
莫大,爱好,拉二胡
小玄子,别名,康熙
向问天,饰演,孙彬皓2013版《笑傲江湖》
杨莲亭,中文名,杨莲亭
苏星河,所属门派,逍遥派
闵柔,儿子,石中玉
郭芙,主要成就,凝聚少辈志士
耶律齐,岳父,郭靖
司徒横,好友,
阿青,情敌,
穆念慈,儿媳,
余鱼同,二哥,
柯镇恶,性别,
完颜萍,武功,铁掌擒拿手
包不同,性别,
马夫人,情夫,全冠清
金庸,代表作品,神雕侠侣
朱丹臣,武器,
苏星河,师叔,李秋水
武三娘,中文名,武三娘
何铁手,中文名,何铁手
陶百岁,国籍,清朝
徐志摩,笔名,
李莫愁,执念,陆展元
吴立身,中文名,吴立身
金轮法王,徒弟,霍都
范遥,登场作品,《倚天屠龙记》
裘千仞,别名,
李泰,身高,183 cm
白世镜,武功,
黄药师,齐名者,段智兴
查传诗,配偶,赵国安
林乐怡,丈夫,金庸
乔峰,别名,北乔峰
玄慈,身份,少林寺方丈
周颠,中文名,周颠
小龙女,国籍,南宋
周伯通,别名,中顽童
岳老三,居所,南海
莫声谷,师兄,俞莲舟
米横野,上司,
察罕特穆尔,朝代,元朝
金庸,职业,政论家
蒋四根,职业,红花会十三当家
冯蘅,饰演,梁艺龄
韩千叶,饰演,郭锋
段延庆,饰演,史仲田1977版《天龙八部》
张翠山,师父,张三丰
蒋英,逝世日期,
石清,职业,玄素庄主
阳顶天,妻子,阳夫人（柳芯茹）
黄蓉,身份,东海桃花岛黄岛主的女儿
李彧,职业,演员
陆菲青,好友,周仲英
郭靖,义侄,杨过、忽必烈
柯镇恶,招数,杵伏药叉
丁游,朝代,明朝
褚万里,兵器,一支鱼杆
蒋百里,职业,军事理论家
张无忌,武功,圣火令神功
丁春秋,饰演,张仲兴2013年《天龙八部》
狄云,登场作品,《连城诀》
蓝凤凰,别名,好妹子
闵子华,门派,仙都派
鳌拜,职业,辅政大臣
程青竹,弟子,阿九
王重阳,民族,
归钟,其他名称,钟儿
李泰,代表作品,因为爱情有幸福
李可秀,朝代,清朝
小龙女,武器,玉蜂针
曲傻姑,父亲,
马夫人,扮演者,林建明
余鱼同,师叔,二师叔绵里针陆菲青，三师叔火手判官张召重
袁承志,主要成就,帮助李自成推翻明朝等
谢烟客,修习武功,弹指神通
武敦儒,朝代,南宋
卫璧,朝代,元朝
查品珍,逝世日期,1938年
周颠,民族,
李莫愁,弟子,洪凌波
朱聪,饰演,08版金良
刘乘风,武功,太极剑法
杨过,父母,穆念慈
澄观,主要成就,中兴华严
谭婆,登场作品,《天龙八部》
岳不群,弟子,劳德诺
封万里,登场作品,《侠客行》
李明,特长,主持
程英,饰演,黎燕珊
鳌拜,国籍,清朝
丁敏君,师父,灭绝师太
福康安,封爵,贝子、郡王
温仪,性别,女
杨铁心,外文名,Yang Tiexin
田伯光,饰演,高飞
黄药师,外孙,郭芙
李秋水,武功,白虹掌力
柯镇恶,兄长,
蒋四根,兵刃,==原著出场描写==
殷野王,所处时代,
袁承志,弟子,
文泰来,七弟,徐天宏
郭襄,才艺,棋
公孙绿萼,心上人,杨过
钟灵,生父,段正淳
袁冠南,职业,侠客
左子穆,中文名,
段延庆,饰演,龙天翔1990版《天龙八部》
蒋四根,兵刃,出手迅捷。
孙不二,字号,清静散人
马春花,爱慕者,商宝震
钟万仇,养女,钟灵
陆立鼎,中文名,陆立鼎
石清,别名,石庄主
林仲雄,法号,渡元
杨铁心,义女,穆念慈
和珅,逝世日期,1799年2月22日
夏雪宜,武器,金蛇剑
郭啸天,孙女,郭襄
殷野王,民族,
金花婆婆,丈夫,韩千叶
赵敏,饰演,饰演
薛慕华,登场作品,《天龙八部》
夏雪宜,饰演,龙天翔1981版《碧血剑》
何太冲,师兄,
殷梨亭,民族,汉
裘千尺,出场目次,32回
耶律楚材,谥号,文正
洪安通,饰演,袁苑
洪凌波,同门,陆无双
汤沛,登场作品,《飞狐外传》
胡逸之,其他名称,
朱聪,登场作品,《射雕英雄传》
马夫人,丈夫,马大元
谭公,相关庙宇,筲箕湾谭公庙
蒋四根,门派,红花会
焦公礼,别名,铁背金鳌
吕七,性别,男
公冶乾,身份,赤霞庄庄主
宝象,秘籍,血刀经
花铁干,书中结局,
九难,饰演,何佳怡等
乔峰,配音,李香生（1990年台湾中视电视剧）
天门道人,职务,
鸠摩智,民族,藏族
张翠山,饰演,苏有朋
达尔巴,性别,男
张召重,门派,
左子穆,性别,
鹤笔翁,性别,男
王语嫣,主要成就,
郭芙,身份,抗元集团新辈核心人物
戚芳,公公,“五云手”万震山
陈家洛,登场作品,《书剑恩仇录》
梅芳姑,父母,梅文馨
李西华,性别,男
仪琳,别名,仪琳姐姐
苗人凤,好友,无嗔大师
独孤求败,恋人,
白万剑,中文名,白万剑
阿碧,性别,女
宋青书,配音,黄河
小龙女,配音,季冠霖
云中鹤,妻子,陆小曼
裘千尺,武功,铁掌
常遇春,职业,
喀丝丽,心上人,
徐志摩,妻子,
鸠摩智,武功,易筋经
瘦头陀,形象,身材臃肿又非常矮小
蒋英,代表作品,
藏边五丑,师父,达尔巴
李秋水,中文名,李秋水
殷梨亭,别名,殷六侠
范遥,不睦之人,韦一笑
乔峰,仰慕者,康敏
曲傻姑,饰演,黄小蕾、王莎莎
尼摩星,退场时间,出场大概十六年后
郭芙,宝物,君子淑女剑
渡厄,师弟,渡劫
令狐冲,身份,华山派大师兄
万圭,人物出处,《连城诀》
金庸,职业,作家
贝锦仪,国籍,中国
拓跋宏,在位时间,471年9月20日~499年4月26日
朱丹臣,中文名,
程英,饰演,宋清清
柯镇恶,兵器,铁杖、铁菱
耶律燕,哥哥,耶律齐
灵智上人,中文名,灵智上人
林平之,仇人,
范文程,主要成就,帮助清朝统一全国
木婉清,饰演,赵学而
殷离,宠物,花蛛
曲傻姑,师公,黄药师
史红石,别名,史妹妹
华筝,国籍,蒙古帝国
陈玄风,师父,黄药师
归钟,登场作品,《鹿鼎记》
一灯大师,弟子,慈恩（裘千仞）
史红石,第一次登场,第33章　箫长琴短衣流黄
张无忌,武功,乾坤大挪移、圣火令神功、梯云纵、七伤拳、降龙十八掌
任盈盈,饰演,梁艺龄
灭绝师太,饰演,周海媚等
韦双双,弟弟,韦虎头、韦铜锤
萧远山,饰演,黄日华
令狐冲,身份,
慕容复,居住地,姑苏燕子坞参合庄
木桑道长,好友,穆人清
渡难,武器,
殷天正,中文名,殷天正
包惜弱,别名,王妃
风际中,形象,
李泰,星座,处女座
周芷若,出生地,湖南芷江
金花婆婆,饰演,江欣燕、冯素波香港无线电视剧《倚天屠龙记》
谭婆,结局,
向问天,饰演,饰演
彭莹玉,主要成就,
梅念笙,徒弟,言达平
穆里玛,民族,满族
慕容复,武功,斗转星移
南兰,丈夫,苗人凤
段誉,饰演,金起范
钱老本,总舵主,陈近南
一灯大师,祖父,
天门道人,所处时代,
陆菲青,登场作品,《飞狐外传》
瑛姑,儿子,周念通
常遇春,追赠,
张无忌,配音,陈欣（1994年台湾台视电视剧）
武敦儒,弟弟,武修文
聂卫平,代表作品,《聂卫平自战百局》
任盈盈,饰演,袁姗姗
穆旦,主要成就,
杨铁心,中文名,杨铁心
空见,性别,男
木桑道长,爱好,围棋
张召重,武器,
云中鹤,职业,诗人
陈家洛,登场作品,《飞狐外传》
公孙绿萼,容貌,甚是娇美
林平之,籍贯,福建省福州市
无尘道长,领导,陈家洛
旭烈兀,出生日期,1217年
程灵素,爱好,各种草药
金花婆婆,登场作品,《倚天屠龙记》
何太冲,身份,
朱丹臣,性格,足智多谋
万圭,女儿,空心菜
田伯光,饰演,收起
杜百当,作者,金庸
曹时中,职称,
温方山,中文名,温方山
左冷禅,饰演,胡东2013年于正版《笑傲江湖》
青灵子,中文名,青靈子
苗若兰,出场作品,《飞狐外传》
全冠清,身份,
兆惠,本名,乌雅·兆惠
石中玉,登场作品,《侠客行》
陶红英,性别,女
南希仁,兵器,扁担
李文秀,母亲,
安小慧,性别,女
莫声谷,门派,武当派
李明,性别,男
赵钱孙,性别,男
关安基,民族,
欧阳克,别名,欧阳公子
小龙女,夫君,杨过
程瑶迦,登场作品,《神雕侠侣》
张三丰,出生地,辽东懿州
段誉,年龄,19岁（登场）23岁（登帝）
段正严,民族族群,白族
瘦头陀,终结者,
陆大有,中文名,陆大有
关安基,终结者,
拖雷,别名,元景襄帝
钟万仇,饰演,曾伟明（82版）
裘千仞,别名,铁掌水上飘
阿九,登场作品,《碧血剑》
蒋四根,总舵主,于万亭
黄药师,武功写照,桃花影落飞神剑
包惜弱,性别,女
任盈盈,民族,汉族
萧峰,性别,男
陆大有,门派,华山派
裘千丈,弟弟,裘千仞
拓跋宏,年号,承明（476年-477年）
岳不群,女婿,林平之
程英,饰演,赵韩樱子
公冶乾,穿着,铁青色儒生打扮
余沧海,性别,男
李青萝,恋人,
安剑清,女儿,安小慧
张翠山,门派,武当派
商宝震,饰演,
胡逸之,性别,
耶律洪基,性别,男
游坦之,门派,聚贤庄
金花婆婆,别名,金花婆婆
白世镜,帮主,汪剑通、乔峰
吕留良,主要作品,《吕晚村先生文集》
韦春花,登场作品,《鹿鼎记》
黛绮丝,饰演,收起
忽必烈,别名,薛禅汗
闵柔,别名,冰雪神剑
完颜洪熙,中文名,完颜洪熙
黛绮丝,饰演,冯素波香港无线电视剧《倚天屠龙记》阎青妤 合拍电视剧《倚天屠龙记》马羚 内地电视剧《倚天屠龙记》杨明娜 内地电视剧《倚天屠龙记》收起
仪和,掌门人,令狐冲
刚相,中文名,刚相
郭芙,身份,桃花岛少岛主
梦姑,武功门派,逍遥派
陈圆圆,字号,圆圆
乌老大,登场作品,《天龙八部》
风波恶,特点,打架发烧友
游坦之,伯父,游驹
周芷若,登场作品,《倚天屠龙记》
田归农,登场作品,《雪山飞狐》《飞狐外传》
香香公主,姐姐,霍青桐
殷天正,信仰,明教
觉远,门派,少林寺
静玄师太,师祖,风陵师太（连载版作一清师太）
沐剑屏,祖籍,安徽凤阳府
裘千尺,别名,铁掌莲花
岳老三,门派,南海派
灭绝师太,民族,汉族
韦双双,弟弟,韦虎头
郭靖,传承兵法,
桑结,性别,男
郭芙,年龄,结尾时31岁
虚竹,饰演,黄日华关礼杰林文龙樊少皇高虎韩栋
阿青,其他名称,赵处女
穆旦,毕业院校,西南联大
白万剑,女儿,白阿绣
马春花,爱慕者,
霍都,出生地,蒙古草原
拓跋宏,别名,元宏
神照上人,别名,上人
徐天宏,义母,周大奶奶
苗人凤,饰演,展开
蒋百里,异名,[6]
刘一舟,结局,
蒋英,出生日期,1919年（己未年）9月7日（农历闰七月十四）
石破天,饰演,郭追1982版《侠客行》
康广陵,性别,男
蒋百里,出生地,浙江海宁
段正淳,饰演,收起
陶子安,父亲,陶百岁
杨过,饰演,孟飞
何足道,性别,男
萧峰,职位,大宋丐帮帮主、大辽南院大王（楚王）
包惜弱,饰演,刘慧玲
黄药师,别名,东邪
多尔衮,封爵,和硕睿亲王
查传诗,职业,记者
杨康,饰演,林蛟1958版《射雕英雄传》
木婉清,母亲,秦红棉
殷梨亭,主要成就,在武当七侠中剑术最精
小玄子,别名,康熙、爱新觉罗·玄烨
易三娘,性别,女
纪晓芙,丈夫,杨逍
郭破虏,母亲,
殷离,年龄,十二三岁（初登场）、十八岁（成年后再次登场）
逍遥子,职务,阿里巴巴集团董事局主席、首席执行官
华筝,小说兄长,窝阔台
温方山,性别,
史小翠,儿子,
乔峰,岳父,段正淳
完颜洪烈,登场作品,《射雕英雄传》
游坦之,职位,丐帮帮主
钱老本,总舵主,
林平之,仇人,岳不群、余沧海、木高峰 
周芷若,代表之花,晓露水仙
金轮法王,身份,蒙古国师
唐文亮,性别,男
乔峰,饰演,饰演
郭芙,家人,郭破虏
曲洋,孙女,曲非烟
谢逊,饰演,骆应钧
文泰来,总舵主,
平一指,中文名,平一指
渡厄,门派,
吴六奇,出生日期,1607年（丁未年）
王重阳,主要成就,
童百熊,特点,
谢逊,修习武功,狮子吼
吕通,兄弟,
武修文,父亲,武三通
冯锡范,中文名,冯锡范
欧阳锋,饰演,李立群
枯荣长老,弟子,本尘(段正明)
蒋英,主要成就,1943年匈牙利各国女高音比赛第一中央音乐学院声乐系教研室主任中央音乐学院歌剧系副主任
查传倜,国籍,中国
朱子柳,专长,会各种书法字体
霍青桐,登场作品,《书剑恩仇录》
武修文,哥哥,
郭啸天,敌人,段天德
陆大有,饰演,张明敏
蓝凤凰,饰演,夏光莉1985版《笑傲江湖》
朱玫,国籍,中国
张无忌,主要成就,号令群雄抗元、挑战六大门派
杨逍,外文名,Yang Xiao
段智兴,国籍,云南大理国
曲洋,饰演,丛志军2001版《笑傲江湖》
李莫愁,配音,阎萌萌
陆冠英,饰演,饰演
空见,朝代,元朝
忽必烈,谥号,圣德神功文武皇帝
萧远山,饰演,梁家仁
黄蓉,性别,女
慕容博,好友,
梅念笙,徒弟,万震山
岳老三,兵器,
林平之,祖父,
裘千丈,妹妹,裘千尺
段智兴,饰演,刘兆铭
冯默风,饰演,侯京健
公孙绿萼,居住地,绝情谷
陆天抒,登场作品,《连城诀》
金庸,民族,汉族
康广陵,爱好,习琴
木桑道长,好友,
洞玄,朝代,明朝
朱聪,武功,空空拳
刘一舟,年龄,大约二十几岁
吴长风,帮主,汪剑通
蓝凤凰,饰演,李菲2001版《笑傲江湖》
丁春秋,籍贯,山东曲阜
华赫艮,官职,兼右丞相。
慕容复,父亲,慕容博
骆冰,门派,红花会
商老太,居住地,山东武定县商家堡
金轮法王,国籍,
玉如意,记载,
赵良栋,去世时间,
曾柔,登场作品,《鹿鼎记》
赵志敬,饰演,曾江1976版《神雕侠侣》
马夫人,民族,汉族
聂卫平,民族,汉族
程英,心上人,杨过
洪胜海,国籍,中国
天松道人,登场作品,笑傲江湖
方怡,师傅,
木高峰,中文名,高峰
洪七公,登场作品,《射雕英雄传》
耶律楚材,字号,湛然居士
程灵素,门派,药王庄
胡青牛,教主,阳顶天
纪晓芙,性别,女
杨莲亭,别名,莲弟
段智兴,饰演,黎汉持
李秋水,久居地,逍遥派
朱由检,逝世日期,1644年4月25日(崇祯十七年三月十九日)
吴之荣,别名,吴大人
朱元璋,出生日期,
于人豪,中文名,于人豪
南海鳄神,居所,南海
小龙女,久居地,绝情谷底
杨康,登场作品,《射雕英雄传》
阿青,其他名称,越女剑
洞玄,师父,黄木道人
达尔巴,中文名,达尔巴
沐剑屏,中文名,沐剑屏
绿竹翁,教主,任我行
冯默风,性别,男
包不同,口头禅,
商宝震,配音,齐炎
拖雷,出生日期,1193年
蒋百里,外文名,Chiang Fang-chen　Chiang Fang-chên　
郭啸天,信仰,侠义道
耶律燕,师父,郭靖
李沅芷,小说地位,金庸首部武侠小说中第一个出场的人物
殷素素,别名,素素
白世镜,情人,
段智兴,别名,南帝
戚芳,同门,吴坎
阿紫,主要成就,成为星宿派大师姊
王难姑,恩人,张无忌
潇湘子,饰演,阮伟旌
黄药师,别名,药兄
金蛇郎君,饰演,吴楚帆1958版《碧血剑》，石天1977版《碧血剑》，凌云1980版《碧血剑》，龙天翔1981版《碧血剑》，苗侨伟1985版《碧血剑》，李修贤1993版《新碧血剑》，江华2000版《碧血剑》，焦恩俊2007版《碧血剑》
萧远山,人物结局,随扫地僧出家
李明,出生地,新疆库尔勒
静玄师太,师祖,
耶律楚材,追赠,广宁王等
韩小莹,饰演,肖茵
周芷若,饰演,高圆圆（2003年合拍电视剧）
建宁公主,女儿,韦双双
鲁有脚,登场作品,《神雕侠侣》
黄药师,武器,玉箫
张三丰,别名,张通
商宝震,配音,叶清
周颠,所处时代,明朝
朱长龄,武功,家传判官笔法
殷天正,教主,
苗若兰,年龄,16
任盈盈,别名,桃萼仙
段正严,所处时代,大理
韩小莹,别名,越女剑
贝海石,饰演,佟又勋
周伯通,中文名,周伯通
南兰,中文名,南兰
尹克西,武器,金龙鞭
蓝凤凰,饰演,陈复生1984版《笑傲江湖》
梅剑和,师伯,
岳不群,弟子,令狐冲、陆大有、林平之、梁发、劳德诺、施戴子
黄药师,忘年交,“西狂”杨过
张无忌,配音,苏强文
程英,饰演,朱晏
温青青,性别,女
沐剑声,年龄,六岁
余鱼同,师父,
萧峰,结义兄弟,段誉
段正淳,饰演,饰演
郭靖,主要成就,
马光佐,饰演,骏雄
杨过,久居地,古墓
陆大有,饰演,屈中恒
陆冠英,登场作品,《射雕英雄传》
陈家洛,不服之人,“打遍天下无敌手”苗人凤
曲灵风,性别,男
石中玉,心上人,叮叮当当
耶律燕,国籍,蒙古
尹克西,身份,
岳不群,女婿,
蒋四根,兵刃,猛向周仲英砸来墓境
方怡,性别,女
陈友谅,主要成就,建立陈汉政权
赵敏,代表之花,玫瑰
段延庆,别名,天下第一大恶人
鸠摩智,信仰,藏传佛教
杨铁心,孙媳妇,小龙女
卫春华,别名,九命锦豹子
闵柔,登场作品,《侠客行》
茅十八,别名,十八哥
韦一笑,身份,
无崖子,门派,逍遥派
乌老大,别名,乌鸦
忽必烈,主要成就,消灭南宋大理
朱玫,职业,新闻记者
袁承志,师父,崔秋山
一灯大师,国籍,
秦红棉,绰号,
商宝震,饰演,关礼杰，玉尚，容锦昌
建宁公主,年龄,16
吕留良,职业,思想家
苗人凤,好友,胡夫人
建宁公主,饰演,娄艺潇 舒畅 林心如 等
金庸,血型,O型
莫声谷,去世时间,
范遥,特点,正邪兼修
霍都,祖父,
郭靖,师父,马钰等
温青青,别名,夏青青
钱永刚,母亲,蒋英
鹤笔翁,饰演,韩东
白万剑,登场作品,《侠客行》
段延庆,同族兄弟,段正明
霍都,祖父,札木合
木婉清,饰演,赵圆瑗
包惜弱,饰演,陈思思
汤沛,性格,满口仁义道德
陶红英,身份,清宫宫女
公孙绿萼,出生地,绝情谷
黄蓉,中文名,黄蓉
李青萝,国籍,
点苍渔隐,登场作品,《神雕侠侣》
完颜洪烈,饰演,于荣
夏雪宜,饰演,苗侨伟1985版《碧血剑》
穆旦,人称,
余沧海,饰演,李耀敬
欧阳锋,饰演,朱铁和
周颠,出生地,
田伯光,登场作品,《笑傲江湖》
欧阳锋,齐名者,洪七公
关明梅,青梅竹马,袁士霄
和珅,号,嘉乐堂
公冶乾,身份,
阿碧,饰演,黄敏仪
左子穆,儿子,
张君宝,主要成就,创立武当派、振兴道教
公孙绿萼,容貌,更增俏丽
周芷若,饰演,饰演
何沅君,饰演,张延（1995年）邬倩倩（1998年）邓莎（2014年）
甘宝宝,别名,钟夫人
叶二娘,情夫,玄慈
文泰来,十二弟,
程英,饰演,收起
玄寂,方丈,玄慈
喀丝丽,出生地,新疆
吴六奇,字号,字鉴伯
耶律洪基,本名,耶律洪基
宁中则,所属门派,
郭破虏,武功,
武烈,注音,ㄨˇ ㄌㄧㄝ ˋ
丁敏君,门派,峨眉派
和珅,本名,钮祜禄·善保
小龙女,仆人,孙婆婆
梁自进,民族,汉
海大富,别名,老乌龟（韦小宝称）
空见,师兄弟,空智
袁承志,棋友,
韦双双,母亲,
余鱼同,中文名,
耶律楚材,民族族群,汉族
宋远桥,中文名,宋远桥
黄药师,门派,东海桃花岛
陆无双,别名,三妹
曲洋,饰演,甘国卫1984版《笑傲江湖》
查品珍,中文名,查品珍
韦双双,父亲,
忽必烈,在位时间,1260年5月5日—1294年2月18日
穆旦,职业,
令狐冲,爱好,
桑结,饰演,罗君左
朱长龄,兵器,判官笔
苗人凤,登场作品,《雪山飞狐》和《飞狐外传》
玄苦,结局,被萧远山偷袭
查传诗,职业,总监
郭靖,出生地,蒙古大漠
忽必烈,所处时代,大蒙古国（元朝）
余沧海,饰演,彭登怀
段延庆,武功,腹语术
慕容博,主要成就,还施彼身
贝锦仪,毕业院校,峨眉派
郭靖,师父,江南七怪、洪七公、马钰等
仪琳,饰演,黄曼凝
长平公主,学生,吕四娘
陈孤雁,性别,男
公冶乾,中文名,
金花婆婆,饰演,杨明娜 内地电视剧《倚天屠龙记》
朱由检,民族族群,汉族
慕容博,国籍,
袁冠南,代表作品,【仁者无敌】
一灯大师,民族,白族
沐剑屏,兄长,沐剑声
洪七公,别名,北丐
吴六奇,别名,吴钩
郭靖,师父,洪七公
沐剑屏,饰演,邝文珣（98陈小春版）
朱丹臣,登场作品,
朱由榔,别名,明昭宗
殷野王,外甥,张无忌
胡青羊,推荐,
灭绝师太,别名,方艳青（俗名）
赵敏,民族,蒙古族
余沧海,武功,松风剑法
神照上人,登场作品,
何红药,教主,何铁手
凌霜华,称号,人淡如菊
刘正风,登场作品,《笑傲江湖》
殷梨亭,门派,武当派
沐剑屏,性别,
石双英,总舵主,陈家洛
乔峰,外文名,Xiao Feng
胡一刀,武功,胡家刀法
王进宝,去世时间,1685年
任盈盈,国籍,中国
水岱,登场作品,《连城诀》
郭襄,饰演,林欣欣
徐达,字,[1]
殷梨亭,师兄,俞岱岩
吕七,中文名,吕七
殷天正,武功,鹰爪擒拿手、天鹰剑法
耶律楚材,字号,字晋卿
天山童姥,登场作品,《天龙八部》
刘乘风,性别,
霍青桐,年龄,19岁
郭啸天,侄孙媳,小龙女
杨过,饰演,佟梦实
陆菲青,好友,关明梅
文泰来,好友,
任盈盈,初登场,洛阳绿竹巷
方怡,师兄,
沐剑声,身份,没落贵族沐王府的领袖
卫春华,登场作品,《书剑恩仇录》
张三丰,本名,张君宝
刘一舟,别名,刘师哥（方怡
瘦头陀,中文名,瘦头陀
欧阳锋,主要成就,五绝之一
骆冰,丈夫,文泰来
段正严,主要作品,《玉荷诗笺》四卷
贝海石,主要成就,逼迫司徒横让位
韩千叶,性别,男
王夫人,主要成就,劝诫儿子
莫声谷,师父,张三丰
穆人清,登场作品,《碧血剑》
一灯大师,名号,“五绝”之南帝、“五绝”之南僧
郭靖,岳父,
沐剑屏,中文名,
金花婆婆,饰演,胡美仪 香港无线电视剧《倚天屠龙记》
查传侠,父亲,金庸
柯镇恶,登场作品,《射雕英雄传》，《神雕侠侣》
段天德,相关事件,杀害郭靖的父亲郭啸天
吴长风,帮主,
梁自进,师侄,封万里
摘星子,师父,丁春秋
石中玉,师傅,谢烟客
天鸣方丈,师侄,无相
梅念笙,亲传,
九难,登场作品,《碧血剑》
李莫愁,所习武功,《五毒秘传》
商宝震,情敌,福康安
任盈盈,年龄,登场十七
曲洋,饰演,于荣1978版《笑傲江湖》
拖雷,民族族群,蒙古族
林乐怡,出生日期,
仪琳,父母,不戒和尚
罗立如,性别,男
喀丝丽,地位,金庸笔下第一美女
吴长风,帮主,乔峰
卜沉,中文名,卜沉
沙通天,武功,铁桨
赵敏,曾用兵器,长剑
蒋百里,别名,蒋方震
旭烈兀,别名,[2]
郭靖,女婿,
朱由检,字,德约
陆展元,登场作品,《神雕侠侣》
田归农,其他名称,小田田
宁中则,所属门派,华山派
段誉,饰演,李修贤
杨过,配音,苏强文（2003年动画）
范遥,主要成就,探取敌人情报
公冶乾,穿着,
霍都,兵器,磨扇
陈友谅,职业,陈汉皇帝
莫声谷,去世时间,1357年
乔峰,师父,玄苦
骆冰,登场作品,《书剑恩仇录》和《飞狐外传》以及两者的衍生作品
李莫愁,饰演,张馨予
上官云,身份,日月神教白虎堂长老
乔峰,别名,萧大王
朱元璋,主要成就,
温仪,女儿,温青青
上官虹,女儿,李文秀
李泰,代表作品,倚天屠龙记
商宝震,父亲,商剑鸣
白世镜,情人,康敏
云中鹤,毕业院校,杭州一中
李沅芷,中文名,李沅芷
郭芙,生日,1228年
萧峰,师父,汪剑通
梅剑和,师父,
金庸,主要成就,法国政府荣誉军团骑士
玄苦,身份,少林得道高僧
洞玄,门派,
静玄师太,师妹,周芷若等
冯锡范,饰演,孟飞
杨成协,门派,青旗帮
韦小宝,主要成就,擒鳌拜，断吴三桂反叛的三路援军 
穆人清,徒孙,孙仲君
木桑道长,门派,铁剑门
尼摩星,饰演,杨珑（2014版陈晓主演电视剧）
公孙止,兵器,金刀黑剑
令狐冲,配偶,任盈盈
殷天正,武功,鹰爪擒拿手
纪晓芙,女儿,杨不悔
阿青,饰演,
觉远大师,登场作品,《神雕侠侣》
阮星竹,别名,阿星
王语嫣,年龄,18岁（出场）
程英,中文名,程英
南海鳄神,登场作品,《天龙八部》
张阿生,特长,拳法
焦公礼,出场目次,8
双儿,登场作品,《鹿鼎记》
慕容复,别名,慕容公子
张三丰,主要成就,振兴道教[10]
徐达,爵位,魏国公
胡桂南,原作者,金庸
任我行,主要成就,梅庄比剑、少林三战
华筝,别名,豁真
符敏仪,中文名,符敏仪
无尘道长,领导,于万亭
梅超风,别名,师姐
梁自进,师侄,花万紫
海大富,饰演,饰演
戚长发,武功,唐诗剑法（连城剑法）
穆人清,徒孙,崔希敏
拓跋宏,民族族群,鲜卑族
殷梨亭,师傅,张三丰
瑛姑,宠物,九尾灵狐
阎基,手下败将,
鲜于通,武器,扇子
孙仲君,同门,崔希敏
吕留良,逝世日期,1683年
郭襄,外文名,Guo Xiang
风清扬,别名,剑术神通
多尔衮,主要成就,征战漠南蒙古与李氏朝鲜，率军入关
包不同,登场作品,
李沅芷,武功,芙蓉金针
万圭,出生地,荆州
赵志敬,饰演,梁维东1998版《神雕侠侣》
茅十八,登场作品,《鹿鼎记》
九难,中文名,阿九
小龙女,饰演,李若彤
杨成协,出生地,汉族
慕容博,身份,大燕王孙，燕子坞主人
冯锡范,年龄,
丁春秋,饰演,苗皓钧2019年《天龙八部》
渡厄,外貌特征,
长平公主,同母姐妹,昭仁公主
杨过,民族,汉族
左冷禅,饰演,李海杰2000年新加坡版《笑傲江湖》
天山童姥,成就,统领灵鹫宫三十六洞七十二岛独步武林
何铁手,饰演,陈秀珠1985版《碧血剑》
钟灵,年龄,16岁
焦公礼,兵器,折铁刀
南希仁,别名,南山樵子
南希仁,中文名,南希仁
袁承志,岳父,金蛇郎君
郭靖,母亲,李萍
梅超风,别名,铁尸
袁紫衣,武功,六合拳、八卦掌、鹰爪功、八仙剑
风清扬,登场作品,《笑傲江湖》
任我行,女婿,
纪晓芙,结局,不愿听从师命害杨逍
上官云,性别,男
仪琳,饰演,何美钿
说不得,好友,青翼蝠王韦一笑
郭襄,才艺,画
欧阳锋,饰演,杨泽霖
吴六奇,逝世日期,
侍剑,性别,女
博尔术,出生地,蒙古草原
钟灵,姐妹,木婉清
张召重,主子,乾隆
何铁手,门派,华山派
佟国纲,所处时代,清朝
王难姑,著作,《王难姑毒经》
虚竹,别名,梦郎宫主大人
钟万仇,饰演,魏宗万（03版）
段正明,武功,一阳指
鹿杖客,别名,玄冥二老
谭公,尊称,海神
福康安,旗籍,满洲镶黄旗
陈家洛,身份,红花会总舵主
灵智上人,别名,五指秘刀
云中鹤,别名,徐章垿(原名)
天山童姥,师妹/情敌,李秋水
喀丝丽,出生地,
曲洋,性别,男
何沅君,登场作品,小说《神雕侠侣????》
木高峰,性别,男
萧峰,参与战役,聚贤庄之战
程瑶迦,祖师爷,王重阳
徐天宏,三哥,
血刀老祖,登场作品,《连城诀》
李文秀,母亲,上官虹
潇湘子,兵器,纯钢哭丧棒
杨不悔,青梅竹马,
宝树,身份,作者
点苍渔隐,师父,一灯大师
任盈盈,代表作品,《清心普善咒》
武三通,绝技,一阳指
陆大有,终结者,劳德诺
罗立如,妻子,焦宛儿
吕通,兄弟,吕威
老不死,父亲,老头子
公冶乾,性别,
曲三,性别,男
谢烟客,性别,
双儿,所处朝代,清朝
赵志敬,师叔、师伯,孙不二
耶律楚材,追赠,太师
程灵素,中文名,程灵素
多尔衮,逝世日期,顺治七年十二月初九日（1650年12月31日）
余鱼同,别名,
朱聪,徒弟,郭靖
耶律洪基,逝世日期,1101年2月12日
包不同,中文名,
谢烟客,登场作品,
温青青,门派,棋仙派
郭襄,好友,鲁有脚
海大富,毒药,化尸粉
胡青牛,配偶,王难姑
陆菲青,好友,骆元通
吴之荣,饰演,
安剑清,女婿,
彭连虎,别名,千手人屠
刀白凤,登场作品,
王难姑,出场时间,小说第十二章针其膏兮药其膏
陆冠英,登场作品,《神雕侠侣》
曲傻姑,登场作品,《射雕英雄传》、《神雕侠侣》
哑婆婆,饰演,童彤
李青萝,民族,
马夫人,扮演者,朱珠。
逍遥子,职务,
闵柔,门派,上清观
武修文,年龄,
华筝,别名,华筝公主
程瑶迦,饰演,刘嘉卉（2014版）
裘千尺,出场目次,19
朱玫,别名,璐茜
左冷禅,其他名称,左盟主
小龙女,配音,李映淑
裘千仞,中文名,裘千仞
石双英,人物出处,
杨成协,兵器,钢鞭
杨铁心,儿媳,穆念慈
段正淳,中文名,段正淳
程灵素,主要成就,养成七心海棠
闵柔,丈夫,石清
崔百泉,登场作品,天龙八部
班淑娴,性别,女
查传讷,父亲,金庸
金庸,主要成就,大英帝国官佐勋章勋衔
张阿生,饰演,骏雄
邓炳春,中文名,邓炳春
九难,饰演,毛舜筠
瑞栋,性别,男
查传诗,性别,女
徐志摩,笔名,诗哲
谢逊,登场作品,《倚天屠龙记》
柯镇恶,饰演,王道
曲洋,饰演,宗峰岩2013版《笑傲江湖》
梅超风,饰演,米露2016版《射雕英雄传》
蒙哥,别名,蒙哥汗
孟伯飞,性别,男
殷野王,门派,明教（天鹰旗）
耶律齐,饰演,梁小龙
石清,儿子,石破天
戚芳,同门,孙均
任盈盈,主要成就,修好各派
赵敏,喜好,作汉人打扮
杨康,饰演,龙天翔1982版《神雕侠侣》
范遥,鄙视的人,所谓名门正派的伪君子
徐达,别名,徐天德
程英,饰演,王爱明
王夫人,身份,皇太后
马夫人,事迹,与白世镜合谋杀害马大元
谭公,相关记载,《惠州府志》卷四十四《人物篇-仙释》
桑结,中文名,桑结
郭芙,血统,桃花岛东邪谪系传人
耶律楚材,本名,耶律楚材
金庸,中文名,查良镛
杨康,饰演,张国荣1982版《神雕侠侣》
韩宝驹,武功,
闵柔,国籍,中国
何铁手,饰演,
香香公主,其他名称,喀丝丽
郭襄,父母,黄蓉
金轮法王,武功,龙象般若功、无上瑜伽密乘
徐志摩,逝世日期,
小玄子,别名,
吴六奇,本名,吴六奇
骆冰,身份,反清帮会红花会的十一当家
阮星竹,朝代,北宋
张君宝,主要成就,[10]
王重阳,主要成就,领兵抗金
耶律燕,人物出处,《神雕侠侣》
金庸,代表作品,天龙八部
周绮,大师兄,孟健雄
丁春秋,长辈,天山童姥
拖雷,庙号,元睿宗（追尊）
水笙,父亲,水岱
耶律燕,弟妹,完颜萍
张三丰,字,君宝
巴天石,结义兄弟,范骅
穆旦,毕业院校,清华大学，西南联大，芝加哥大学
九难,年龄,三十来岁（鹿鼎记）
方怡,师叔,
韦双双,登场作品,《鹿鼎记》
冯锡范,饰演,
范遥,教主,张无忌
石清,儿子,石中玉
武修文,朝代,南宋
田伯光,饰演,饰演
任盈盈,主要成就,夺旗挫敌杀杨莲亭以乱其心
胡逸之,其他名称,美刀王
洪七公,别名,洪帮主
吴立身,师兄,柳大洪
查传倜,祖籍,[1]
柯镇恶,别名,
殷野王,信仰,明教
曲傻姑,性别,女
努尔哈赤,主要成就,建立后金政权
喀丝丽,哥哥,
左子穆,师弟,
慕容复,别名,南慕容
潇湘子,性别,男
玉如意,形态,心形等
裘千仞,别名,慈恩
华赫艮,性别,男
余鱼同,四哥,
武敦儒,妻子,耶律燕
王进宝,主要成就,
左冷禅,饰演,涂门2001年央视版《笑傲江湖》
田归农,饰演,曾江
归二娘,饰演,罗兰
佟国纲,追赠,太傅
沐剑屏,登场作品,
公孙止,武功,铁掌功
赵良栋,官职,勇略将军、云贵总督
韩宝驹,绝技,马术
赵敏,曾用兵器,倚天剑
武三通,出处,《射雕英雄传》《神雕侠侣》
凌霜华,父亲,凌退思
王重阳,主要成就,领兵抗金，创立全真教在华山论剑夺得天下第一重创西毒，使之数十年不敢入中原
鹤笔翁,师兄,鹿杖客
金花婆婆,饰演,收起
李文秀,心上人,苏普
莫大,登场作品,《笑傲江湖》
仪琳,饰演,展开
张无忌,饰演,林家声（1965年香港粤语电影）郑少秋（1978年香港无线电视剧）尔冬升（1978年
殷野王,父亲,
周颠,擅长,
霍青桐,中文名,霍青桐
洪凌波,别名,凌波
洪胜海,国籍,
黄蓉,登场作品,《射雕英雄传》
赵良栋,出生时间,1621年
王重阳,徒弟,
建宁公主,别名,建宁公主
南希仁,武功,南山刀法
张康年,别名,张大哥
不戒和尚,门派,恒山派
无嗔大师,中文名,无嗔大师
吴六奇,出生地,
赵良栋,出生时间,
黄药师,别名,黄岛主
小昭,饰演,陈秀丽
朱丹臣,中文名,朱丹臣
贝锦仪,饰演,李爱琴
福康安,封爵,
殷梨亭,师侄,张无忌
何铁手,擅长,弄毒物毒虫
枭道人,中文名,枭道人
郭靖,徒弟,武敦儒、武修文
王重阳,信仰,道教
渡厄,门派,少林寺
任盈盈,代表作品,《笑傲江湖曲》
范遥,义兄,杨逍
钱均夫,主要成就,中央文史馆馆员
丁敏君,师姐,苏梦清等
王元霸,别名,金刀无敌
陈近南,逝世日期,
公孙绿萼,扮演者,傅淼
蒋英,表弟,金庸
静玄师太,师妹,丁敏君
洪凌波,民族,汉族
鹿清笃,性别,男
闵子叶,兄弟,闵子华
段智兴,饰演,吕良伟
马光佐,职业,武士
陈玄风,性别,男
澄观,主要成就,祖述师说，中兴华严
福康安,谥号,文襄
花万紫,门派,
梅芳姑,登场作品,《侠客行》
耶律重元,别名,耶律孛吉知
贝海石,饰演,李子雄
任盈盈,别名,盈盈圣姑姑姑婆婆
林平之,父母,林震南
马行空,劲敌,阎基
郭芙,强项,战场杀敌
小龙女,武器,白绸带
平阿四,登场作品,金庸作品《雪山飞狐》和《飞狐外传》
耶律齐,武功,打狗棒法
蓝凤凰,饰演,陈紫函2000年台湾版《笑傲江湖》
殷离,年龄,
掌钵龙头,门派,丐帮
冯默风,登场作品,《神雕侠侣》
任盈盈,居住地,黑木崖 洛阳绿竹巷
金蛇郎君,饰演,石天1977版《碧血剑》
裘千仞,师父,
陆菲青,性别,男
阿朱,登场作品,《天龙八部》
张松溪,职业,
游坦之,师父,丁春秋
段延庆,配音,郭政建（2013年杜玉明版）
纪晓芙,武器,剑
温仪,长辈,温家五老
小龙女,饰演,翁静晶
静玄师太,祖师,
朱丹臣,国籍,
温方山,登场作品,
金花婆婆,身份,波斯明教圣女
金庸,主要成就,香港文学创作终身成就奖
杨不悔,民族,
鲁有脚,成就,做丐帮长老
徐天宏,四哥,
赵敏,饰演,文咏珊（2020年香港电影）
陈家洛,别名,陈大哥
温仪,恋人,夏雪宜
赵敏,饰演,收起
穆旦,毕业院校,芝加哥大学
于人豪,饰演,麦嘉伦（1996TVB吕颂贤版）
焦木和尚,职业,临安法华寺主持
慕天颜,民族族群,汉族
袁紫衣,门派,峨嵋派
公孙绿萼,生辰,二月初三
郭襄,年龄,15岁（初次出场）
金庸,逝世日期,2018年10月30日
洞玄,师兄,闵子华
徐志摩,笔名,海谷
李莫愁,身份,古墓派弃徒
田伯光,师父,仪琳
周芷若,登场回目,第十一章（幼年）；第十七章（成年）
武青婴,年龄,十七八岁
王重阳,主要成就,使之数十年不敢入中原
吴立身,师侄,刘一舟
兆惠,爵位,一等武毅伯
丁春秋,别名,丁先生
冯蘅,饰演,何洁珊
南海鳄神,饰演,林以政（13版）
蒋英,母亲,蒋佐梅
鲁有脚,登场作品,金庸小说《射雕英雄传》
徐志摩,前妻,张幼仪
令狐冲,爱慕者,
朱子柳,登场作品,《神雕侠侣》
段智兴,别名,段皇爷
王进宝,出生时间,
韦小宝,门派,天地会
天鸣方丈,别名,
无崖子,中文名,无崖子
胡一刀,主要成就,武艺高强
洪七公,饰演,刘江
杨康,性别,男
赵良栋,去世时间,1697年
林乐怡,民族,汉族
梅超风,饰演,陈立品1958版《射雕英雄传》
长平公主,曾祖母,孝靖皇后王氏
鸠摩智,登场作品,《天龙八部》
朱子柳,登场作品,《射雕英雄传》
朱丹臣,性格,文武双全
段誉,信仰,佛教
黛绮丝,饰演,郝曼丽 台湾台视电视剧《倚天屠龙记》
朱聪,性别,男
段正淳,饰演,谢贤
老不死,别名,老姑娘
静玄师太,兵器,
刚相,门派,西域金刚门
觉远大师,饰演,陈之辉
成昆,徒弟,谢逊、陈友谅
岳不群,配偶,
公孙绿萼,中文名,公孙绿萼
段智兴,登场作品,《射雕英雄传》
赵敏,经典场面,濠州抢婚
游坦之,职位,聚贤庄少庄主
洪七公,别名,九指神丐
程灵素,主要成就,参与抢夺马春花&天下掌门人大会
戚长发,性别,男
胡逸之,登场作品,
许雪亭,性别,男
南兰,饰演,展开
祖千秋,上司,任盈盈
殷野王,信仰,
朱丹臣,登场作品,《天龙八部》
陆二娘,中文名,
杜百当,职业,易三娘之夫君
白自在,饰演,关海山
黄蓉,门派,丐帮
马夫人,事迹,伙同全冠清和徐长老揭穿乔峰身世
上官虹,登场作品,《白马啸西风》
关安基,妻子,贾金刀
刘一舟,人物性格,
金庸,代表作品,展开
吴六奇,出生日期,
耶律齐,妹妹,耶律燕
小龙女,中文名,小龙女
朱由榔,本名,朱由榔
程英,师兄,冯默风
胡逸之,其他名称,百胜刀王
灭绝师太,配音,魏思芸
乔峰,别名,乔大爷（阿朱称）
左冷禅,饰演,郑昊2018年内地版《笑傲江湖》
木高峰,别名,塞北明驼
博尔术,民族族群,蒙古族
包不同,结拜兄弟,公冶乾
张君宝,别名,张通
杨康,配音,彭尧2017版《射雕英雄传》
包不同,性格特点,为人豪爽，直言不讳
范遥,徒弟,赵敏
狄云,防身,乌蚕衣
无嗔大师,别名,毒手药王
胡青牛,饰演,宁文彤
全冠清,身份,丐帮大智分舵的舵主
灭绝师太,性别,女
枯荣长老,登场作品,《天龙八部》
余沧海,饰演,关菁
陆菲青,别名,綿裡針
徐志摩,派系,新月派
南海鳄神,其他名称,凶神恶煞
徐天宏,身份,红花会七当家
朱由检,谥号,钦天守道敏毅敦俭弘文襄武体仁致孝庄烈愍皇帝
乔峰,中文名,萧峰
杨过,饰演,黄晓明
田伯光,饰演,韩栋
韩小莹,别名,七妹
裘千丈,门派,铁掌帮
何铁手,中文名,
花铁干,武功,中平枪法、鹰爪功、岳家散手
黄真,师父,神剑仙猿穆人清
梅念笙,登场作品,《连城诀》
关安基,职业,天地会堂主
曲灵风,登场作品,
陆无双,登场作品,《神雕侠侣》
张阿生,徒弟,郭靖
慕容博,称号,金庸小说书迷称为“天龙四神”中的“水神”
韦双双,母亲,建宁公主
岳不群,弟子,林平之
万圭,中文名,万圭
陆无双,兵器,银弧刀
殷素素,饰演,陈欣予
秃笔翁,性别,男
张无忌,饰演,吴启华（2001年香港无线电视剧）
桑土公,外文名,Mulberrysoil
双儿,别名,双双
武烈,出自,《后汉书·冯衍传上》
鹿清笃,小说门派,全真教
吕七,登场作品,金庸小说《碧血剑》
向问天,饰演,马宗德1984版《笑傲江湖》
武敦儒,弟       妹,完颜萍
何铁手,擅长,使毒
白万剑,别名,气寒西北
觉远,身份,少林寺藏经阁管理书籍的和尚
史红石,职业,丐帮第25任帮主
小龙女,饰演,陈玉莲
彭连虎,中文名,彭连虎
李西华,形象,苍白黯淡
程英,饰演,饰演
全金发,武功,开山掌法
周绮,居住地,
简长老,登场作品,《射雕英雄传》
福康安,封爵,贝子
商宝震,心上人,马春花
商宝震,配音, 刘明勋
白世镜,性格,
焦宛儿,登场作品,《碧血剑》
张召重,主子,
田归农,中文名,田归农
公孙止,别名,谷主
裘千尺,人物出处,《神雕侠侣》
长平公主,同母兄弟,朱慈炯（定哀王）
金庸,出生日期,1924年3月10日(农历二月初六)
阿朱,曾受重伤,降龙十八掌掌伤
于人豪,年龄,登场时约23
田归农,性别,男
耶律楚材,追赠,上柱国
阿朱,身份,萧峰爱侣
杨逍,朝代,元朝
胖头陀,饰演,颜冠英
朱元璋,出生日期,1328年10月21日(天历元年九月十八日)
郭芙,别名,大姐
张无忌,身份,明教第三十四代教主
九难,徒弟,阿琪
小昭,心上人,张无忌
陆展元,弟弟,陆立鼎
孙不二,法名,孙不二
归辛树,武功,混元功
余鱼同,出生地,
逍遥子,性别,男
耶律楚材,别名,耶律文正
李泰,经纪公司,
木婉清,饰演,邱淑宜
苗人凤,女儿,苗若兰
慕容博,儿子,慕容复
左冷禅,饰演,荆国忠1985年台湾台视版《笑傲江湖》
不平道人,登场作品,《天龙八部》
武敦儒,师父,郭靖
贝锦仪,师姐,静玄
朱九真,性别,女
阎基,手下败将,马行空
冯蘅,饰演,王晓晨
薛慕华,中文名,
朱由检,出生日期,1611年2月6日(万历三十八年十二月二十四日)
公冶乾,性别,男
余鱼同,别名,金笛秀才，空色
灭绝师太,身份,峨嵋派第三代掌门
胡斐,父亲,胡一刀
归辛树,弟子,五丁手刘培生
郭襄,别名,收起
朱丹臣,性格,"文武双全,足智多谋"
郭芙,血统,郭门义士后代
风波恶,民族,鲜卑
武三通,妻子,
阿朱,成就,少林寺偷得易筋经（神足经）
言达平,师父,梅念笙
戚芳,同门,鲁坤
商宝震,情敌,福康安、徐铮
旭烈兀,别名,旭烈
武敦儒,性别,
鲜于通,民族,汉族
游坦之,师父,阿紫
查传讷,中文名,
殷离,心上人,
柯镇恶,别名,飞天蝙蝠
归钟,中文名,归钟
程英,饰演,张可颐
陶红英,别名,陶宫娥 陶姑姑（韦小宝专用）
武敦儒,大舅哥,
宋远桥,中文名,
殷梨亭,师兄,张翠山
鳌拜,出生日期,约1610年
李沅芷,门派,武当派
公孙止,徒弟,樊一翁
陆大有,性别,男
双儿,外文名,shuanger
戚芳,师伯,言达平
慕容博,武功,斗转星移
乔峰,参与战役,少室山武林群雄大会
桑结,登场作品,《鹿鼎记》
归钟,登场作品,
包惜弱,饰演,梅绮
阿紫,葬身之地,雁门关悬崖下
金蛇郎君,饰演,焦恩俊2007版《碧血剑》
阳顶天,饰演,于波
归二娘,儿子,归钟
王重阳,国籍,中国
石双英,门派,
林乐怡,出生日期,1953年
黄真,年龄,五十余岁
孙婆婆,登场作品,《神雕侠侣》
郭破虏,武功,龙爪手
蒋四根,中文名,蒋四根
小玄子,中文名,小玄子
莫大,登场作品,
秦红棉,女婿,段誉（新修版）
霍都,国籍,蒙古帝国
萧峰,养父,
洪七公,武器,打狗棒
哑婆婆,丈夫,不戒和尚
戚芳,同门,沈城
完颜洪熙,别名,完颜讹鲁不
孙仲君,门派,华山派
洪七公,饰演,孙海英
贝锦仪,师祖,风陵师太（连载版作一清师太）
石中玉,别名,石帮主
韦一笑,身份,明教四大护教法王之一
杨逍,妻子,纪晓芙
渡难,外貌特征,黑脸
余鱼同,职务,红花会十四当家
钟万仇,饰演,黄文标（97版）
韦小宝,主要成就,助沙俄索菲亚公主夺位 雅克萨之捷，签订《尼布楚条约》
侯通海,性别,
包惜弱,饰演,展开
陶红英,登场作品,《鹿鼎记》
周芷若,武功,峨嵋武功
徐达,民族族群,[1]
耶律洪基,民族族群,契丹族
梅超风,饰演,马海伦1977版《射雕英雄传》
裘千尺,中文名,裘千尺
唐文亮,所处时期,元朝
曾柔,性别,女
陆立鼎,性别,男
武修文,后人,
阿朱,年龄,16-17
赵敏,配音,徐佳琦（2019年内地电视剧）
钟万仇,国籍,中国
李莫愁,师侄,“西狂”杨过
陆菲青,身份,
宝树,代表作品,《时间之墟》
徐志摩,注音,
徐天宏,二哥,无尘道长
谭公,相关记载,
长平公主,逝世日期,1646年
程英,表妹,陆无双
陶子安,职业,饮马川少寨主
公孙绿萼,容貌,自有一股清灵之气。
孙不二,本名,孙富春
丁游,师父,
多尔衮,别名,皇父摄政王
枯荣长老,别名,枯荣长老
刘一舟,年龄,
小玄子,中文名,
徐志摩,代表作品,
金庸,主要成就,收起
郭靖,徒弟,武敦儒
李泰,毕业院校,
查传侠,毕业院校,哥伦比亚大学
郭靖,先祖,郭盛
柯镇恶,别名,飞天蝙蝠、柯大侠
萧峰,仰慕者,阿紫
查传诗,职业,
万圭,出场目次,1
玄寂,性别,男
天门道人,结局,与青海一枭同归于尽
福康安,逝世日期,1796年7月2日
慕容博,主要成就,以彼之道
赵志敬,师弟,王志坦
阿碧,登场作品,《天龙八部》
樊一翁,别名,长须鬼
阿朱,出场地,苏州
蒋百里,异名,百里　公時　jiang fangzhen　澹宁　飞生　Po-li　Chiang Fang-chen　Chiang Fang-chên　
鲁有脚,成就,与欧阳锋对了一招
慕容复,家臣,风波恶
金蛇郎君,中文名,夏雪宜
段延庆,配音,张秋水、张济平（1997年李鸿杰版）
徐志摩,笔名,南湖
戚芳,中文名,戚芳
阿九,年龄,三十来岁（鹿鼎记）
阿紫,中文名,阿紫
余鱼同,领导,于万亭→陈家洛
慕天颜,主要作品,《楚黔封事》
陆立鼎,女儿,陆无双
枭道人,登场作品,连城诀
冯蘅,才华,过目不忘
石双英,总舵主,于万亭
穆里玛,兄长,卓布泰
穆人清,徒弟,袁承志
任盈盈,别名,任大小姐盈儿桃萼仙收起
商宝震,父亲,
简长老,性别,男
曲洋,知己,
陈家洛,别名,陈当家
杨过,久居地,桃花岛
张翠山,登场作品,《倚天屠龙记》
蓝凤凰,登场作品,《笑傲江湖》
胡一刀,妻子,胡夫人
渡难,师侄,空性
石清,门派,上清观
殷素素,朝代,
王夫人,主要成就,辅助儿子刘彻登上太子位、劝诫儿子
谭公,相关庙宇,澳门路环谭公庙
花铁干,武功,鹰爪功
耶律齐,饰演,收起
徐天川,性别,
木高峰,毒药,毒水皮囊
香香公主,性别,女
李可秀,朝代,
耶律重元,王爵,秦国王
冯蘅,登场作品,《射雕英雄传》
郭靖,母亲,
阿九,饰演,张敏
胡夫人,国籍,
尹克西,职业,波斯商人
林平之,外公,王元霸[1]
双儿,义兄,吴六奇
忽必烈,年号,至元（1264年）
玉如意,形态,
说不得,教主,张无忌
杨康,饰演,周杰2003版《射雕英雄传》
苗人凤,好友,田归农
萧峰,仰慕者,康敏
曾柔,中文名,曾柔
孙仲君,性别,女
王重阳,主要成就,创立全真教在华山论剑夺得天下第一重创西毒
韦双双,性别,女
段延庆,配音,张济平（1982年刘兆铭版）
彭莹玉,逝世日期,
和珅,封爵,一等忠襄公
枯荣长老,中文名,枯荣大师
公孙绿萼,容貌,眉目清雅、肤色白里泛红，甚是娇美，眼神清澈，嘴边有粒小黑痣，更增俏丽，但她秀雅脱俗，自有一股清灵之气。
郭啸天,人物出处,《射雕英雄传》
陆冠英,饰演,应昊茗
掌钵龙头,身份,丐帮九袋长老
李青萝,丈夫,曼陀山庄 主人（姓王）
康广陵,徒弟,
周颠,别名,周神仙
文泰来,十二弟,石双英
左子穆,师妹,辛双清
何铁手,师父,
杨逍,属下,天地风雷四门
南希仁,别名,南四侠
韦双双,性别,
杨康,饰演,展开
左子穆,师弟,容子矩
冯锡范,中文名,
蒋百里,民族,汉族
张君宝,主要作品,《大道论》《玄要篇》《无根树》《打坐歌》《玄机直讲》
玉真子,中文名,玉真子
曲三,武功,劈空掌、铁八卦
巴天石,登场作品,天龙八部
鹤笔翁,登场作品,《倚天屠龙记》
商宝震,饰演,玉尚
郭靖,主要成就,身后威名历百余年而不衰，任职武林领袖驻守襄阳数十年
小龙女,饰演,潘迎紫
程灵素,爱好,七心海棠
段正严,谥号,宣仁帝
谭婆,其他名称,小娟
周芷若,内功,九阴神功
香香公主,民族,维吾尔族
纪晓芙,别名,晓芙
李莫愁,师妹,小龙女
郭芙,家人,耶律齐
郭啸天,民族,汉族
韩宝驹,终结者,
慕容博,身份,大燕王孙
鲜于通,性格特点,为人奸诈狠毒
鹤笔翁,武功,鹤笔法
玄寂,登场作品,
康广陵,门派,
聂卫平,荣誉称号,棋圣
游坦之,心上人,阿紫
欧阳锋,名号,“天下五绝”之“西毒”
逍遥子,出生日期,1972年1月11日
慕天颜,主要作品,《督漕封事》
苗人凤,身高,180 cm
鳌拜,职业,太子太傅
任盈盈,饰演,许晴
李泰,代表作品,秦时丽人明月心
洪七公,饰演,刘丹
马夫人,扮演者,刘雅丽
茅十八,饰演,谢宁
崔百泉,门派,
张阿生,别名,张五侠
殷离,心上人,少年张无忌
郭靖,武功家数,
胡逸之,中文名,胡逸之
完颜洪熙,职业,皇子
朱长龄,出场目次,15
石破天,别名,史亿刀
福康安,主要成就,驱逐廓尔喀
武修文,师母,
殷素素,性别,女
戚长发,饰演,汤锦棠1980版《连城诀》
包惜弱,饰演,梁婉静
朱由榔,所处时代,南明
简长老,所属,丐帮
任盈盈,主要成就,统领群豪绿竹巷邂逅令狐冲
不平道人,好友,卓不凡
莫声谷,门派,
余鱼同,六哥,常伯志
郭靖,义侄,忽必烈
耶律洪基,谥号,仁圣大孝文皇帝
梅芳姑,门派,梅花拳
李秋水,绝技,白虹掌力
谢逊,师父,成昆
田伯光,饰演,孙兴
公冶乾,中文名,公冶乾
茅十八,国籍,中国
鲜于通,门派,华山派
穆念慈,义母,包惜弱
邓炳春,登场作品,《鹿鼎记》
赵敏,配音,苏柏丽（2001年香港无线电视剧）
杨康,饰演,陈星旭2017版《射雕英雄传》
曲傻姑,中文名,傻姑
孙不二,别名,七真 孙不二
萧峰,未婚妻,阿朱
蒋英,丈夫,
岳不群,配偶,宁中则
秦红棉,女儿,木婉清
陈家洛,红颜,香香公主
乌老大,民族,汉
张无忌,性别,男
梅芳姑,养子,石破天
沐剑屏,夫君,
余鱼同,师叔,二师叔绵里针陆菲青
朱聪,武功,铁扇打穴
林远图,职业,福威镖局总镖头
无根道人,中文名,无根道人
李沅芷,武功,柔云剑法
海兰弼,登场作品,《飞狐外传》
李青萝,父亲,无崖子
朱聪,别名,妙手书生
韦双双,别名,小小桂子
多尔衮,别名,九王
刘乘风,登场作品,
察罕特穆尔,民族,蒙古族
欧阳锋,身份,西域白驼山庄庄主
文泰来,门派,
卫春华,四嫂,骆冰
无嗔大师,师弟,石万嗔
鲜于通,武功,
沐剑屏,师兄,刘一舟
范遥,饰演,胡东
天鸣方丈,师侄,
梁自进,中文名,梁自进
空闻,登场作品,《倚天屠龙记》
温仪,登场作品,《碧血剑》
苗人凤,饰演,方中信（2007年版电视剧）
袁承志,师兄,归辛树
石双英,二哥,
裘千丈,职业,戏法师
贝海石,职业,军师
裘千尺,出场回数,5回
狄云,防身,
荣彩,身份,
苗人凤,饰演,白彪1978佳艺电视《雪山飞狐》
天鸣方丈,师侄,觉远
胡逸之,结拜兄弟,韦小宝
宋青书,别名,玉面孟尝
鲁有脚,成就,协助郭靖夫妇镇守襄阳
包不同,别名,
上官云,所属,日月神教
水岱,别名,冷月剑
仪琳,别名,阿琳
努尔哈赤,出生地,赫图阿拉（今辽宁新宾）
朱子柳,专长,多种语言
鳌拜,中文名,瓜尔佳·鳌拜
冯锡范,登场作品,
戚芳,同门,周圻
蓝凤凰,别名,蓝教主
段天德,结局,
裘千仞,哥哥,裘千丈
钱永刚,籍贯,浙江杭州
林远图,中文名,林远图
九难,心上人,袁承志
达尔巴,登场作品,《神雕侠侣》
王语嫣,主要成就,指点群豪戏
蒋百里,外文名,[6]
拓跋宏,主要成就,攻克南阳
慕容博,身份,
程英,登场作品,《神雕侠侣》
黄真,登场作品,金庸小说《碧血剑》
归辛树,饰演,沈保平
安小慧,出场作品,《碧血剑》
韦春花,饰演,吴宛儿
陈家洛,中文名,陈家洛
甘宝宝,中文名,甘宝宝
焦公礼,出场回数,3回
陆菲青,武器,「白龙剑」
黄药师,饰演,骆应钧
谢烟客,中文名,
袁紫衣,武功,八仙剑
李青萝,恋人,段正淳
余鱼同,三哥,
宋远桥,登场作品,《倚天屠龙记》
李彧,体重,54 kg
木婉清,中文名,木婉清
静照,门派,峨眉
丁春秋,主要成就,成立星宿派
袁承志,岳母,
黄药师,民族,汉族
余鱼同,七哥,徐天宏
归辛树,登场作品,《鹿鼎记》
阳夫人,朝代,元朝
归辛树,配偶,归二娘
丁不四,武功,掌法
洪安通,夫人,苏荃
文泰来,三哥,赵半山
蒋百里,中文名,蒋百里
海大富,性别,男
查传讷,性别,女
尹克西,身份,蒙古三杰之一
程英,师兄,曲灵风
宁中则,剑法,玉女十三剑
殷天正,逝世日期,1358年
阿碧,门派,逍遥派
赵敏,曾用兵器,圣火令
萧峰,生父,萧远山
刘一舟,武功,
郭襄,世兄,杨过
林平之,祖父,林仲雄
范遥,中文名,范遥
殷野王,民族,汉族
李秋水,配音,于小华，张欣
南希仁,性别,男
任盈盈,乐器,七弦琴
韦小宝,出生地,
杨莲亭,中文名,
石中玉,师傅,封万里
小龙女,久居地,终南山活死人墓
袁承志,门派,华山派
刀白凤,情敌,甘宝宝
甘宝宝,出场章回,《天龙八部》第二章
胡斐,曾属门派,华拳门
田伯光,别名,万里独行
陶百岁,中文名,陶百岁
徐达,本名,徐达
双儿,饰演,陈少霞
欧阳克,身份,白驼山庄少庄主
仪和,师妹,仪清
完颜萍,丈夫,
洪凌波,师父,李莫愁
段延庆,饰演,杜玉明2013版《天龙八部》
范遥,主要成就,忍辱负重
宋远桥,门派,武当派
金庸,代表作品,雪山飞狐
木婉清,饰演,蒋欣
陆菲青,身份,武当派掌门人
商宝震,门派,
周伯通,特技,养蜂术
努尔哈赤,别名,[3]
林平之,外公,
萧远山,身份,[1]
康广陵,其他名称,
吴六奇,民族族群,客家人
谢烟客,年龄,
乔峰,仰慕者,阿紫
灭绝师太,绝技,灭绝双剑
茅十八,门派,五虎断刀门
风清扬,传人,令狐冲
余鱼同,意中人,骆冰
玄慈,情人,叶二娘
沐剑屏,师傅,
徐志摩,职位,南京大学教授
丁敏君,门派,
丁典,传人,狄云
武修文,父亲,
陆无双,师父,李莫愁
金蛇郎君,登场作品,《碧血剑》
令狐冲,爱慕者,仪琳
何足道,门派,昆仑派
灭绝师太,武器,倚天剑
陆展元,出生地,嘉兴
曲傻姑,登场作品,《神雕侠侣》
钟万仇,饰演,吴岱融（13版）
余鱼同,所属组织,
阳顶天,教派,明教
周颠,擅长,写真
殷天正,主要成就,创立天鹰教
佟国纲,官职,安北将军
常遇春,职业,军事家
张君宝,字,君宝
游坦之,内功,易筋经
耶律重元,出生日期,1021年
岳老三,师父,
完颜萍,年龄,
韦一笑,修习武功,
司空玄,身份,神农帮帮主
梅超风,饰演,收起
刀白凤,登场作品,《天龙八部》
冯蘅,饰演,胡彩虹
包不同,性格特点,为人豪爽
冯锡范,登场作品,《鹿鼎记》
李莫愁,饰演,潘玲玲
苏星河,师伯,天山童姥
李泰,语种,
福康安,主要成就,平定大小金川
杨成协,身份,红花会八当家
苗人凤,饰演,收起
李泰,语种,英语
周芷若,登场地点,汉水河畔
郭芙,拥有地产,桃花岛
郭靖,岳父,黄药师
司徒横,终结者,
平阿四,恩人,
段延庆,性别,男
鹿清笃,角色属性,反派
李莫愁,登场作品,《神雕侠侣》
史火龙,门派,丐帮
梁自进,师兄,齐自勉
韩小莹,别名,七师父
白世镜,性格,道貌岸然
包不同,结拜兄弟,风波恶
朱元璋,庙号,
李莫愁,弟子,陆无双
武修文,朝代,
莫大,别名,潇湘夜雨
曲三,中文名,
梁子翁,领导,赵王完颜洪烈
全冠清,身份,丐帮九袋长老
郭靖,师父,
郭芙,强项,应酬宾客
蒋百里,国籍,中国
焦公礼,出生地,南京
蒋四根,兵刃,猛恶异常。这人和石双英同来
空见,中文名,空见
殷天正,民族,
平一指,性别,男
忽必烈,民族族群,蒙古族
田青文,性别,女
段正淳,饰演,刘锡明
南海鳄神,性别,男
贝锦仪,登场作品,《倚天屠龙记》
程英,性别,女
程灵素,擅长,钻研毒物
郭襄,饰演,六月
赵敏,年龄,约16~17岁（出场年龄）
游坦之,父亲,游骥
杨莲亭,饰演,谈泉庆，夏威，李耀敬，李志希，牛宝军，霍建华
赵志敬,饰演,收起
云中鹤,笔名,章垿等
枯荣长老,小说职业,大理天龙寺僧人
曲洋,知己,刘正风
钱均夫,出生地,浙江杭州
陆乘风,儿媳妇,程瑶迦
拓跋宏,主要成就,大兴儒学
袁冠南,民族,汉族
陆二娘,外甥女,
郭襄,性别,女
范文程,逝世日期,1666年（康熙五年）
尹志平,登场作品,神雕侠侣
范遥,性别,男
田伯光,饰演,季东燃
莫大,中文名,
司空玄,门派,灵鹫宫
阿朱,饰演,刘涛（03版电视剧）
水岱,徒弟,汪啸风
邓炳春,性别,男
耶律齐,门派,丐帮
李青萝,女儿,
吴六奇,出生地,海阳县丰政都汤田
郭襄,饰演,文淇等
赵敏,配音,展开
何沅君,中文名,
宝树,代表作品,《古老的地球之歌》
绿竹翁,性别,男
武青婴,登场作品,《倚天屠龙记》
胡青牛,登场作品,《倚天屠龙记》
耶律重元,民族,契丹
褚万里,性别,男
不戒和尚,掌门人,
殷素素,别名,
彭莹玉,逝世日期,1353年
关明梅,别名,天山双鹰
公孙绿萼,结局,香消玉殒
鲁有脚,其他名称,鲁长老
余鱼同,二哥,无尘道长
小龙女,性别,女
木高峰,终结者,林平之
乔峰,饰演,胡军（2003年内地电视剧）
冷谦,职业,养生学家
狄云,性别,
陈圆圆,出生日期,公元1623年4月3日（癸亥年）
陆冠英,饰演,黄冲
尼摩星,成就,一代宗师
郭襄,信物,玄铁重剑
袁承志,师父,朱安国
冷谦,民族族群,汉族
卫春华,三哥,赵半山
石中玉,性别,男
耶律齐,饰演,王青
莫大,师弟,
赵志敬,师叔、师伯,刘处玄
查传诗,性别,
曲洋,暗器,
梅超风,别名,贼婆娘（陈玄风专用）
余沧海,饰演,潘虹
公孙止,妻子,裘千尺
仪琳,性别,女
夏雪宜,饰演,展开
静玄师太,师妹,纪晓芙
左子穆,年龄,
蓝凤凰,饰演,刘珈彤2018版《笑傲江湖》
胡青牛,饰演,饰演
凌退思,人物性格,为人残忍无情
钱永刚,堂弟,钱永健
风清扬,师侄,岳不群
曲三,登场作品,《射雕英雄传》
南希仁,饰演,郑家生
阳夫人,性别,女
方怡,中文名,方怡
张无忌,主要成就,化解正邪两道积怨，号令群雄抗元
杨溢之,身份,金顶门弟子
江南七怪,经营模式,Online To Offline
吕七,武功,鹤形拳
无根道人,登场作品,《鹿鼎记》
田归农,其他名称,田大哥
神山上人,登场作品,《天龙八部》
百草仙,中文名,百草仙
瑛姑,兵器,竹筹
穆里玛,逝世日期,1669年
玄寂,中文名,
阿紫,门派,[1]
尼摩星,武器,铁拐
张无忌,饰演,邓超（2009年内地电视剧）
澄观,去世时间,
武烈,中文名,武烈
丁游,国籍,
殷离,年龄,十二三岁（初登场）
李莫愁,武器,拂尘
刘一舟,性别,
卫春华,身份,红花会九当家
全金发,武功,呼延枪法
莫大,门派,
多尔衮,谥号,次年取消）；忠（乾隆四十三年追谥）
吴立身,登场作品,《鹿鼎记》
灭绝师太,籍贯,河南开封
安小慧,母亲,安大娘
常遇春,官职,中书平章军国重事、太子少保等
谢逊,门派,少林派
程灵素,爱好,药王神篇
陆菲青,好友,
陆展元,妻子,何沅君
陈家洛,书童,心砚
杨莲亭,饰演,
莫声谷,师侄,张无忌
建宁公主,丈夫,韦小宝
鹿杖客,武功,鹿杖法
余鱼同,领导,
丁游,朝代,
左冷禅,饰演,展开
陆展元,民族,汉
长平公主,本名,朱媺娖
吴立身,师侄,沐剑声
佟国纲,旗籍,满洲镶黄旗
鲜于通,性格特点,为人奸诈狠毒，道德败坏
李彧,毕业院校,中央戏剧学院
丁春秋,配音,2003版《天龙八部》配音齐杰
张无忌,配音,邓超
左冷禅,中文名,左冷禅
谭婆,结局,被萧远山所杀
郭芙,祖辈,冯蘅
天门道人,个性,
阳夫人,饰演,周凯珊
游坦之,葬身之地,雁门关悬崖下
陆立鼎,妻子,陆二娘
武三通,中文名,
沐剑屏,兄长,
多尔衮,所处时代,清朝
小昭,别名,韩昭
说不得,别名,布袋和尚
云中鹤,逝世日期,1931年11月19日
慕容复,主要成就,震慑36洞72岛
曲灵风,武功,劈空掌
范遥,擅长,剑法神奇
白万剑,门派,雪山派
归辛树,饰演,王刚
左子穆,性别,男
穆旦,职业,翻译家
耶律燕,嫂子,郭芙
林朝英,身份,古墓派创始祖师
福康安,官职,
鹿杖客,饰演,傅隽
徐志摩,派系,
人厨子,中文名,人厨子
杨过,名号,神雕大侠
段正严,本名,段正严
贝锦仪,性别,女
万圭,武功,唐诗剑法（连城剑法）
韩千叶,饰演,李解
鹿杖客,主子,王保保
朱由榔,在位时间,1646年12月24日－1662年6月1日
曲灵风,性别,
无崖子,所处年代,五代十国
乔峰,性别,男
朱元璋,陵寝,明孝陵
段正明,主要成就,与四大恶人之首的“恶贯满盈”段延庆切磋一阳指
乔峰,师父,汪剑通
李秋水,武功,北冥神功 
蒋四根,兵刃,
吴道通,中文名,吴道通
令狐冲,门派,华山派
说不得,性别,男
一灯大师,身份,大理宣宗皇帝、高僧一灯大师
岳老三,徒弟,孙三霸
周芷若,别名,周姑娘
韩小莹,别名,韩女侠
祖千秋,中文名,祖千秋
公冶乾,时代,北宋
范文程,字号,字宪斗
封万里,中文名,封万里
李青萝,女儿,王语嫣
丁春秋,毒药,三笑逍遥散
史火龙,中文名,史火龙
玄寂,称号,
冷谦,字号,字启敬，或曰起敬
闵子华,师父,黄木道人
贝锦仪,师姐,苏梦清
徐志摩,代表作品,再别康桥翡冷翠的一夜
邓炳春,领导,洪安通
吴之荣,职业,官员
拓跋宏,年号,延兴（471年-476年）
鹤笔翁,师父,百损道人
李莫愁,别名,赤练仙子
苏荃,配偶,韦小宝
袁士霄,中文名,袁士霄
耶律齐,民族,契丹族
朱九真,登场作品,《倚天屠龙记》
温方山,别名,
郭啸天,亲家,黄药师
风际中,派别,
许雪亭,别名,
冯默风,师父,黄药师
田青文,心上人,陶子安
陆二娘,丈夫,陆立鼎
觉远大师,登场作品,《倚天屠龙记》
独孤求败,传人,
侍剑,饰演,王子
冷谦,字号,字启敬
金轮法王,武功,无上瑜伽密乘
无尘道长,登场作品,《书剑恩仇录》
阿九,饰演,佘诗曼
李明,毕业院校,北京电影学院表演系
徐禄,中文名,徐禄
阿朱,饰演,张咏咏（90版电视剧）
余鱼同,三哥,赵半山
枯荣长老,小说武功,一阳指
武三通,别名,三通
殷天正,教主,阳顶天
朱由检,主要成就,修《崇祯历书》
鲜于通,武器,
霍都,绝技,狂风迅雷功
王元霸,登场作品,《笑傲江湖》
赵敏,登场作品,倚天屠龙记
康广陵,师傅,
朱长龄,别名,惊天一笔
公冶乾,时代,
赵敏,饰演,陈钰琪（2019年内地电视剧）
杨逍,性别,男
郭襄,饰演,张雪迎
金蛇郎君,饰演,
鹤笔翁,武功,玄冥神掌
任我行,身份,日月神教教主
张阿生,兵器,屠牛刀
骆冰,十五弟,心砚
李沅芷,父亲,李可秀
长平公主,别名,坤兴公主
关安基,妻子,
段智兴,饰演,肖荣生
冯默风,门派,桃花岛
杨铁心,国籍,中国
宗维侠,民族,汉族
任我行,武功,吸星大法
张无忌,饰演,林峰（2020年香港电影）
鲁有脚,其他名称,鲁帮主
蒋英,女儿,钱永真
关明梅,好友,绵里针陆菲青
李彧,别名,小李子
冯蘅,主要成就,默写九阴真经
莫声谷,师兄,
乌老大,职务,七十二岛主之一
穆念慈,儿子,杨过
萧峰,参与战役,少室山武林群雄大会
宝树,身份,译者
刘一舟,性别,男
穆旦,祖籍,浙江省海宁市袁花镇
贝海石,登场作品,《侠客行》
侯通海,师兄,沙通天
阿九,年龄,十五岁（碧血剑）
拖雷,别名,元睿宗
张三丰,主要成就,[10]
李青萝,丈夫,
天鸣方丈,别名,老方丈
裘千仞,中文名,
丁典,别名,菊花剑客
田青文,登场作品,《雪山飞狐》《飞狐外传》
觉远大师,饰演,高雄
鸠摩智,性别,男
洪凌波,师叔,小龙女
韩小莹,饰演,赵枫
吴之荣,饰演,札西
李西华,父亲,李岩
蕊初,性别,女
谭婆,其他名称,
努尔哈赤,别名,[4]
钱永刚,父亲,钱学森
周芷若,饰演,余安安（1978年香港邵氏电影）
马光佐,特点,天生神力
欧阳锋,别名,西毒
完颜洪烈,饰演,谢屏楠
赵敏,饰演,黎姿（2001年香港无线电视剧）
王夫人,谥号,孝景皇后
韦春花,中文名,韦春花
黄药师,登场作品,《射雕英雄传》及衍生作品
褚万里,中文名,褚万里
查良璇,二哥,金庸
谢逊,修习武功,七伤拳
王难姑,出场时间,
平阿四,性别,
朱元璋,出生地,濠州钟离（今安徽凤阳）[15]
天山童姥,师弟/恋人,无崖子
黄真,身份,华山派大弟子
全金发,弟子,郭靖
天山童姥,身份,天山缥缈峰灵鹫宫主人
岳灵珊,父母,岳不群
穆里玛,兄长,鳌拜
岳灵珊,登场作品,《笑傲江湖》
朱长龄,民族,白族
阳顶天,登场作品,《倚天屠龙记》
李秋水,师姐,天山童姥
包不同,结拜兄弟,邓百川、公冶乾、风波恶
杨逍,饰演,张兆辉
苏星河,别名,聪辩先生
一灯大师,法号,
旭烈兀,出生地,漠北
闵子华,大师兄,水云道长
朱长龄,人物出处,《倚天屠龙记》
王元霸,职业,金刀门掌门人
张召重,师侄,余鱼同
樊一翁,师妹,公孙绿萼
黄蓉,饰演,容小意
丁不三,三宝,
徐志摩,职业,诗人
穆旦,逝世日期,1977年2月26日
梅超风,饰演,展开
博尔术,出生日期,1162年
海大富,饰演,陈慧楼
王夫人,身份,美人
刀白凤,情敌,
徐天川,饰演,
何铁手,门派,五毒教
康广陵,性别,
归辛树,弟子,孙仲君
岳灵珊,性别,女
段智兴,饰演,季晨
白万剑,性别,男
无尘道长,五弟,常赫志
曾柔,配偶,韦小宝
段誉,饰演,关礼杰
蒙哥,别名,元桓肃帝
莫声谷,使用武器,
林乐怡,中文名,
白世镜,武器,
沐剑声,相貌,身材高瘦
周绮,丈夫,徐天宏
赵志敬,师父,王处一
武修文,后人,武烈，武青婴
谢烟客,饰演,巴图2002版《侠客行》
向问天,饰演,巴音2003版《笑傲江湖》
戚长发,饰演,关菁1989版《连城诀》
长平公主,同母兄弟,朱慈烺（悼皇帝）
凌霜华,恋人,丁典
慕容博,称号,
水岱,中文名,水岱
天门道人,师弟,天乙
谭公,所处时代,
水岱,轻功,登萍渡水
静玄师太,师妹,丁敏君、纪晓芙、贝锦仪、周芷若等
谭婆,中文名,
钱永刚,出生地,浙江杭州
徐天宏,性别,
丁游,师父,孟伯飞
史红石,别名,史帮主
天山童姥,年龄,
公冶乾,登场作品,《天龙八部》
张阿生,中文名,张阿生
陆大有,师父,岳不群
钱永刚,毕业院校,加州理工学院
焦木和尚,别名,焦木大师
温方山,中文名,
焦公礼,人物出处,《碧血剑》
达尔巴,武功,无上大力金刚杵
武三通,武器,
渡难,师兄,
宝象,门派,西藏青教血刀门
崔百泉,别名,金算盘
平一指,别名,杀人名医
完颜洪熙,出生日期,1192
一灯大师,法号,一灯大师
冯锡范,饰演,郭德信、于承惠、孟飞
查良琇,中文名,
杨过,饰演,谢贤
阿紫,职业,辽国端福郡主
万圭,出场目次,9
王元霸,国籍,中国
吴之荣,职业,
蒋四根,兵刃,水性好==原著出场描写==忽地一人纵上前来
尹克西,武功,
灵智上人,武功,大手印
天山童姥,成就,
和珅,民族族群,满族
南海鳄神,门派,南海派
公孙绿萼,容貌,眼神清澈
殷离,民族,
吴之荣,中文名,
林平之,武功,华山剑法、辟邪剑法、震天掌
全金发,性别,男
茅十八,饰演,赵小锐
田伯光,饰演,刘丹
石万嗔,登场作品,《雪山飞狐》
陆无双,饰演,杨蕊
金庸,毕业院校,上海东吴大学法学院
史火龙,其他名称,史帮主
何铁手,饰演,萧淑慎2007版《碧血剑》
蒋英,出生日期,
萧峰,年龄,
兆惠,所处时代,清朝
裘千丈,出处,《射雕英雄传》
桑土公,原著作者,金庸
班淑娴,丈夫,铁琴先生何太冲
刀白凤,性别,女
木婉清,登场作品,《天龙八部》
裘千仞,别名,裘帮主，铁掌水上飘，慈恩
逍遥子,职务,首席执行官
杨过,饰演,刘德华
任盈盈,主要成就,绿竹巷邂逅令狐冲，教曲疗伤
苏星河,饰演,白怡昕
乔峰,参与战役,聚贤庄之战
杨逍,身份,明教光明左使
史小翠,儿子,白万剑
阿紫,享年,19岁
安小慧,所处朝代,明朝
张无忌,生日,1337年
孙婆婆,性别,女
张翠山,饰演,张智尧
黛绮丝,饰演,展开
拓跋宏,本名,拓跋宏
袁承志,师兄,黄真，归辛树
胡青牛,门派,明教
宁中则,女婿,林平之
一灯大师,身份,高僧一灯大师
欧阳克,门派,白驼山庄
汤沛,人物设定,伪君子
袁冠南,出处,《鸳鸯刀》
武敦儒,师母,
南海鳄神,兵器,鳄嘴剪
武敦儒,弟       妹,
段正明,主要成就,为便于对抗鸠摩智而出家为僧，并与天龙寺众僧围攻鸠摩智
耶律洪基,别名,耶律查剌
余鱼同,兵器,
上官虹,民族,汉
乔峰,登场作品,《天龙八部》
陈近南,字号,
南兰,饰演,陈思佳1984版《新飞狐外传》
韩千叶,别名,银叶先生
安小慧,丈夫,崔希敏
柯镇恶,饰演,
余鱼同,意中人,
钟灵,姐妹,阿紫
崔百泉,掌门人,
王难姑,招数,耍花枪
沐剑声,中文名,沐剑声
吴六奇,主要成就,
郭芙,强项,游泳
孙不二,主要成就,创立清静派
蒋四根,兵刃,特点力大，水性好
沐剑屏,别名,
胡逸之,登场作品,《鹿鼎记》
杨康,饰演,余太平1981版《射雕英雄传第三集》
阎基,劲敌,胡斐
石清,性别,男
江南七怪,类型,电子商务网站
游坦之,登场作品,《天龙八部》
冯锡范,饰演,郭德信
武三娘,饰演,上官玉
海大富,登场作品,《鹿鼎记》
曲傻姑,登场作品,
袁承志,父亲,袁崇焕
任我行,属下,向问天
丁春秋,星宿三宝,神木王鼎
玉如意,形态,手指形
阿紫,父亲,段正淳
吴六奇,别名,
鲁有脚,武功,打狗棒法
陈孤雁,门派,丐帮
和珅,所处时代,清朝
黄真,中文名,黄真
鸠摩智,好友,慕容博
曲洋,中文名,
阿紫,师父,丁春秋
玉真子,性别,男
石双英,门派,红花会
石双英,四嫂,
公冶乾,主要成就,
徐达,爵位,中山王（赠）
水笙,性别,女
郭靖,武功家数,左右互搏
李莫愁,执念,《玉女心经》
温方山,登场作品,《碧血剑》
骆冰,性别,女
曲非烟,性别,女
木桑道长,门派,
查传倜,外文名,Cha chuanti
莫大,身份,
霍都,民族,蒙古族
石双英,门派,无极拳→红花会
萧峰,主要成就,助辽平定楚王之乱
小龙女,别名,杨夫人
金蛇郎君,饰演,凌云1980版《碧血剑》
云中鹤,字,槱森
耶律燕,民族,契丹族
谢烟客,中文名,谢烟客
梁子翁,敌人,江南七怪、郭靖等
无崖子,弟子,丁春秋
风清扬,中文名,风清扬
叶二娘,儿子,虚竹
赵良栋,谥号,襄忠
钱永刚,主要成就,计算机应用软件系统的研制
胡青牛,性别,男
蒋英,女儿,
黄蓉,别名,黄帮主
袁紫衣,武功,
耶律洪基,年号,大康（1075年）
段正严,庙号,宪宗
蒋四根,兵刃,忽地一人纵上前来，叫道“我多户尝寒来斗斗你这老儿！”一柄铁桨当头猛打下来。兵器是铁桨，使的却是“凝懂判鲁智深疯魔杖”战组永宙的招术，他是将铁桨当估项迎作禅杖多乎朽使，这一记“秦王鞭石”，铁桨从自己背后甩过欠设拜右肩，猛向周仲英砸来墓境，呼的一声，猛恶异常。这人和石双英同来，乃红花会中排名第十三的“铜头鳄鱼”蒋四根。周仲英见他力大，向左一闪，反手还刀。蒋四根直砸不中，铁桨打横，双手握定，桨尾向右横挡，双手桨头向左横击，这是“疯魔杖”中的“金铰剪月”，出手迅捷。
曲三,武功,铁八卦
李泰,代表作品,把爱带回家
桑结,其他名称,桑结喇嘛
袁士霄,性别,男
韦春花,饰演,罗冠兰
尼摩星,武器,蛇形铁鞭
袁紫衣,性别,女
郭啸天,孙子,郭破虏
萧远山,主要成就,雁门关大战
谢烟客,饰演,王力1982版《侠客行》
焦宛儿,身份,金龙帮主焦公礼的大女儿
商宝震,情敌,徐铮
乔峰,绝招,降龙十八掌
段正明,主要成就,将大理国皇位传给养侄段誉
朱子柳,后代,朱长龄 朱九真
阿碧,饰演,赵静仪
冷谦,主要作品,《修龄要旨》
穆人清,别名,穆老猴
杨不悔,母亲,纪晓芙
骆冰,中文名,骆冰
刘一舟,未婚妻,
李秋水,年龄,88
渡厄,师侄,空智
任盈盈,主要成就,教曲疗伤出席恒山掌门大会
祖千秋,饰演,沈保平
符敏仪,门派,灵鹫宫
胡斐,身份,华拳门掌门人（临时）
金轮法王,徒弟,
李西华,中文名,李西华
谢烟客,修习武功,碧针清掌、弹指神通、控鹤功
李莫愁,所习武功,古墓派武功
空见,登场作品,《倚天屠龙记》
胡夫人,儿子,胡斐
陆菲青,登场作品,《书剑恩仇录》，《飞狐外传》
金庸,代表作品,倚天屠龙记
郭芙,身份,郭家军将领
岳灵珊,父母,宁中则
史火龙,朝代,元朝
阿朱,饰演,贾青（13版电视剧）
公孙绿萼,容貌,眉目清雅
欧阳克,别名,欧阳大人
云中鹤,主要成就,成立新月社
周颠,名字由来,人以为颠
霍青桐,性别,女
郭襄,别名,展开
李文秀,父亲,
蒋四根,兵刃,这一记“秦王鞭石”
苏星河,性别,男
余鱼同,信仰,红花教规
灭绝师太,饰演,张冰玉
韦小宝,主要成就,擒鳌拜
瑛姑,职业,
武敦儒,登场作品,《神雕侠侣》
徐志摩,妻子,陆小曼
蒋四根,登场作品,《书剑恩仇录》
刘乘风,登场作品,《连城诀》
阿青,国籍,
苏星河,师弟,虚竹
公冶乾,结局,
焦公礼,逝世日期,1643年
小龙女,别名,龙姊姊
鲁有脚,帮主,黄蓉
任盈盈,中文名,任盈盈
谢逊,师父,渡厄
金庸,毕业院校,剑桥大学
余鱼同,毕业院校,
郭靖,出生地,
何太冲,所处朝代,
戚芳,青梅竹马,狄云
杨逍,饰演,孙兴
陈玄风,登场作品,《射雕英雄传》
谢烟客,修习武功,控鹤功
冯锡范,门派,
方怡,师叔,吴立身
朱聪,饰演,94版艾威
一灯大师,主要成就,“天下五绝”之一、渡化裘千仞
澄观,主要作品,《华严经疏钞》
方怡,性别,
程瑶迦,配偶,陆冠英
段天德,相关事件,
陆菲青,别名,綿裡針，芜菁子，陆高止
洪七公,饰演,张学友
瑛姑,丈夫,
萧峰,结义兄弟,耶律洪基、虚竹、段誉
杨铁心,孙子,杨过
陆乘风,中文名,陆乘风
柯镇恶,武功,降魔杖法
任盈盈,别名,婆婆，妖女，任大小姐
乌老大,中文名,乌老大
阮星竹,别名,竹妹
陶红英,年龄,四十来岁
玄慈,儿子,虚竹
一灯大师,名号,“五绝”之南帝
常遇春,封爵,鄂国公→开平王（赠）
武修文,母亲,武三娘
赵志敬,登场作品,《神雕侠侣》
李文秀,心上人,
公孙止,职业,绝情谷主
马光佐,民族,回族
封万里,掌门人,白自在
黄药师,武功境界,已臻化境
徐志摩,出生地,浙江省海宁市
朱由检,庙号,威宗）
莫声谷,师侄,谷虚子
丁春秋,长辈,李秋水
耶律齐,武功,降龙十八掌
公孙止,出生地,绝情谷
胡夫人,国籍,中国
萧峰,参与战役,
戚芳,师兄,狄云
凌霜华,性别,女
木岛主,弟子,李四
绿竹翁,门派,日月神教
谭公,所处时代,元朝
朱由榔,民族族群,汉族
钱永刚,民族,汉族
陆冠英,饰演,吴孟达
杨成协,五哥,常赫志
陈家洛,丫鬟,雨诗
慕容博,武功,斗转星移，参合指等
金花婆婆,饰演,李婉华 香港无线电视剧《金毛狮王》
文泰来,六弟,
任我行,女儿,
张无忌,登场作品,倚天屠龙记（二至四卷
陈近南,字号,字复甫
李沅芷,国籍,清朝
蒋四根,兵刃,铁桨
达尔巴,主要成就,杀死霍都替师父报仇
包惜弱,饰演,何晴
商宝震,身份,
金蛇郎君,登场作品,
仪和,师妹,仪琳等
杨不悔,青梅竹马,张无忌
蒋四根,五哥,常赫志
万圭,妻子,戚芳
殷天正,性别,
耶律齐,饰演,展开
努尔哈赤,主要成就,度创立八旗制度
李彧,身高,160 cm
袁士霄,饰演,梁家仁
蒋四根,籍贯,广东
焦公礼,中文名,焦公礼
李青萝,宠物,醉人蜂
纪晓芙,登场作品,《倚天屠龙记》
蒋百里,职业,军事教育家
上官虹,中文名,上官虹
钟万仇,登场作品,《天龙八部》
石双英,四嫂,骆冰
范遥,心上人,紫衫龙王黛绮丝
乔峰,配音,张济平（1982年香港无线电视剧）
胡逸之,性别,男
点苍渔隐,身份,原大理国水军都督
莫声谷,结局,被陈友谅和宋青书所杀
静玄师太,师父,灭绝师太
尼摩星,性情,沉不住气
逍遥子,星座,摩羯座
达尔巴,兵器,金杵
张阿生,所属组织,江南七怪
胡夫人,代表作品,
空见,师兄弟,空性
段智兴,家臣,渔樵耕读
一灯大师,家族,大理段氏
萧峰,国籍,辽
福康安,字号,字瑶林
一灯大师,主要成就,
陈正德,武功绝技,三分剑术
莫大,中文名,莫大
李可秀,性别,
李青萝,母亲,
杨过,主要成就,解襄阳之危
商宝震,登场作品,《飞狐外传》
华赫艮,官职,三公之首
张无忌,饰演,曾舜晞（2019年内地电视剧）
乔峰,主要成就,助辽平定楚王之乱
拖雷,别名,也可那颜
令狐冲,登场作品,《笑傲江湖》
穆里玛,父亲,卫齐
余沧海,武功,摧心掌（以原著为准）
公孙止,武功,铁掌功，闭穴功
宗维侠,登场作品,《倚天屠龙记》
裘千尺,出场目次,30
欧阳锋,主要成就,逆练九阴
扫地僧,中文名,扫地僧
殷梨亭,师弟,莫声谷
林平之,盟友,左冷禅
文泰来,二哥,无尘道长
耶律燕,身份,辽国皇族后裔
潇湘子,中文名,潇湘子
归辛树,登场作品,《碧血剑》
裘千尺,女儿,公孙绿萼
灭绝师太,登场作品,《倚天屠龙记》
郭襄,信物,倚天剑
公冶乾,结局,与其决裂
逍遥子,职务,阿里巴巴集团董事局主席
蒙哥,陵寝,蒙古肯特山起辇谷
李青萝,爱好,
仪琳,饰演,陈维英
张无忌,饰演,1984年香港邵氏电影）刘德凯（1984年台湾台视电视剧）梁朝伟（1986年香港无线电视剧）展开饰演林家声（1965年香港粤语电影）郑少秋（1978年香港无线电视剧）尔冬升（1978年
耶律齐,性别,男
岳灵珊,父母,岳不群、宁中则
安小慧,父亲,安剑清
程英,师姐,黄蓉
查传侠,母亲,朱玫
荣彩,身份,游龙帮帮主
谢逊,武器,双头狼牙棒
公孙绿萼,推荐,
何红药,情敌,
胡一刀,别名,黑面神
不平道人,演员生卒年,1951年至2014年
神照上人,中文名,
慕容博,身份,燕子坞主人
沐剑屏,配音,
柯镇恶,中文名,
于人豪,年龄,24岁左右
九难,别名,长平公主
查传倜,职业,餐馆经营
徐志摩,主要成就,
丁春秋,星宿三宝,三笑逍遥散
彭连虎,主要兵器,一对镔铁判官笔
张召重,师侄,李沅芷
吴六奇,主要成就,组织团练，保土安民
宝树,别名,宝树
韩千叶,女儿,小昭
殷素素,身份,
绿竹翁,别名,老篾匠
慕容复,中文名,慕容复
黛绮丝,饰演,李婉华 香港无线电视剧《金毛狮王》展开饰演李婉华 香港无线电视剧《金毛狮王》张海伦 台湾台视电视剧《倚天屠龙记》江欣燕
沐剑屏,祖先,
梅芳姑,饰演,田蕾希
聂卫平,国籍,中国
段正明,武功,六脉神剑—关冲剑
文泰来,门派,红花会
归二娘,丈夫,归辛树
瘦头陀,饰演,黄仲匡、秦卫东、刘金
无崖子,弟子,虚竹
冯蘅,饰演,李依晓。
沐剑屏,师傅,柳大洪
渡难,师兄,渡厄、渡劫
平阿四,养子,胡斐
张三丰,主要成就,创立武当派、振兴道教
李明,国籍,中国
殷梨亭,性别,男
张无忌,配音,齐炎（1986年香港无线电视剧）
张无忌,门派,武当派
陆乘风,绝技,奇门遁甲
劳德诺,师父,岳不群
钟灵,身份,大理万劫谷公主
欧阳锋,饰演,翟乃社
石清,别名,石大侠
石双英,总舵主,
何铁手,性别,
王语嫣,年龄,21岁（结局）
公冶乾,别名,公冶老二
拖雷,性别,男
梁子翁,武功,
徐天宏,四哥,文泰来
关明梅,登场作品,《书剑恩仇录》
杨莲亭,登场作品,
鲁有脚,成就,做丐帮长老、丐帮帮主
沐剑屏,配音,邢金沙（98陈小春版）
樊一翁,主人,公孙止
孟伯飞,中文名,
梅超风,配音,张艾2016版《射雕英雄传》
蒋四根,别名,铜头鳄鱼
黛绮丝,饰演,阎青妤 合拍电视剧《倚天屠龙记》
袁承志,弟子,何惕守（原名何铁手）
苗若兰,结局,与胡斐定下白首之约
陆高轩,教主,洪安通
叶二娘,儿子,
陆菲青,中文名,陸菲青
胡夫人,代表作品,《雪山飞狐》
林震南,身份,
胡桂南,中文名,胡桂南
何沅君,中文名,何沅君
陆菲青,徒弟,
陈友谅,中文名,陈友谅
贝海石,民族,汉族
巴天石,别名,巴司空
完颜萍,出生地,
耶律齐,妻子,郭芙
耶律洪基,庙号,道宗
灵智上人,武器,铜钹
任我行,主要成就,
令狐冲,门派,恒山派
九难,徒弟,韦小宝
王难姑,著作,
向问天,饰演,刘江1996版《笑傲江湖》
渡厄,外貌特征,黄脸眇目
黛绮丝,女儿,小昭
长平公主,出生地,北直隶顺天府大兴县（今北京市）
张无忌,饰演,李连杰（1993年香港永盛电影）
段延庆,饰演,刘兆铭1982版《天龙八部》
蒋四根,兵刃,双手握定
温方山,二哥,温方义
和珅,旗籍,满洲正红旗
石万嗔,登场作品,《飞狐外传》
欧阳锋,兵器,鬼头灵蛇杖
朱长龄,性别,男
骆冰,十四弟,余鱼同
神山上人,师兄,徐冲霄
武三娘,登场作品,
蓝凤凰,性别,女
郭靖,先祖,
何沅君,别名,
殷天正,性别,男
华筝,情敌,黄蓉
沐剑屏,别名,小老婆
黄真,其他名称,铜笔铁算盘
平阿四,养子,
摘星子,外貌,英俊
陆无双,饰演,赵珞然
花万紫,门派,雪山派
人厨子,代表作品,《神雕侠侣》
常遇春,官职,
郭襄,配音,陈玉美等
鹿清笃,饰演,龙天生（83年电视）高升（8年年电视）
耶律洪基,陵墓,庆陵
不平道人,中文名,不平道人
朱长龄,死因,卡在山洞之中进退不得
潇湘子,出生地,湘西
乔峰,饰演,梁家仁（1982年香港无线电视剧）
孟伯飞,大儿子,
韩小莹,配音,路熙然（2017《射雕英雄传》）
慕容博,国籍,北宋
段正严,年号,广运
慕容复,表妹,王语嫣
吴立身,人物形象,虬髯汉子
慕容博,民族,鲜卑
福康安,官职,武英殿大学士、军机大臣
张无忌,饰演,马景涛（1994年台湾台视电视剧）
玄慈,情人,
穆里玛,旗籍,满洲镶黄旗
徐天宏,六哥,常伯志
渡难,师侄,
丁春秋,别名,星宿老仙
杨过,师傅,小龙女
杨成协,别名,铁塔
殷素素,性别,
白自在,别名,「威德先生」
李可秀,性别,男
萧远山,中文名,萧远山
尼摩星,武功,释迦掷象功
郭芙,祖辈,李萍
空性,全称,闻思空性
程灵素,朝代,清朝
李莫愁,年龄,绝情谷去世37岁
韩小莹,徒弟,郭靖
武修文,后人,武青婴
双儿,性别,女
乔峰,饰演,钟汉良（2013年内地电视剧）
乔峰,生父,萧远山
冯蘅,中文名,冯蘅
刀白凤,情敌,阮星竹
鸠摩智,居住地,雪山大轮寺
蒙哥,主要成就,随拔都西征
陈孤雁,其他名称,长臂叟
聂卫平,主要成就,1981年国手战冠军
多尔衮,别名,皇叔父摄政王
段天德,伯父,枯木大师
李秋水,久居地,西夏皇宫
乔峰,别名,乔峰
余鱼同,九哥,卫春华
苗人凤,饰演,尹扬明（1999版雪山飞狐）
黄药师,别名,黄老邪
张三丰,主要作品,《大道论》《玄要篇》《无根树》《打坐歌》《玄机直讲》
宋青书,饰演,关聪1978香港无线电视剧《倚天屠龙记》
朱长龄,职业,红梅山庄庄主
商宝震,结局,被马春花杀死
陆菲青,化名,陆高止
公孙绿萼,年龄,十八岁
郭靖,子女,郭芙、郭襄、郭破虏
朱由检,别名,朱德约
玄慈,儿子,
沐剑屏,师姐,方怡
裘千尺,暗器,枣核钉
焦宛儿,性别,女
完颜萍,绝技,云横秦岭，枯藤缠树
觉远,饰演,陈之辉
黄真,师父,[2]
任盈盈,父亲,任我行
完颜洪烈,别名,完颜忒邻
天山童姥,师弟,无崖子
马行空,登场作品,《飞狐外传》
玄慈,身份,
石双英,武功,
张君宝,所处时代,南宋末年
蒙哥,所处时代,大蒙古国
何铁手,饰演,袁彩云2000版《碧血剑》
张三丰,主要成就,创立武当派
蒋百里,信仰,三民主义
华筝,出生地,蒙古草原
夏雪宜,登场作品,《碧血剑》
杨成协,人物出处,《书剑恩仇录》
吴六奇,主要成就,组织团练
胡青牛,饰演,展开
达尔巴,徒弟,藏边五丑
丁典,武功,神照功
金蛇郎君,性别,男
殷梨亭,师兄,俞莲舟
李秋水,饰演,贾静雯（内地电视剧《天龙八部》）
钟万仇,情敌,段正淳
九难,师父,程青竹 木桑道长
无崖子,配偶,李秋水
林平之,年龄,
掌钵龙头,帮主,史红石
天鸣方丈,身份,少林寺方丈
李莫愁,配音,邓小鸥
金花婆婆,饰演,施明 香港无线电视剧《倚天屠龙记》
博尔术,读音,[2]
阿紫,姊妹,阿朱
赵敏,饰演,汪明荃（1978年香港无线电视剧）
木高峰,饰演,张春仲（2013版《笑傲江湖》）
武烈,示例,能定武烈者也
华筝,身份,公主
郭啸天,侄孙,杨过
耶律齐,配音,魏超（内地）张方正（港）（2014年张哲瀚版）
梁子翁,结局,堕入万丈深谷之中摔死
戚芳,饰演,廖丽玲（1980版电视剧）
博尔术,逝世日期,1226年？
卫春华,中文名,卫春华
洪七公,中文名,洪七公
宁中则,女儿,
陈正德,中文名,陈正德
白万剑,父母,史小翠
穆旦,人称,“九叶诗人”
岳不群,弟子,陆大有
穆旦,代表作品,《探险队》《穆旦诗集（ 1939～1945）》《旗》
耶律楚材,主要成就,辅佐成吉思汗及其子孙
天山童姥,师妹/情敌,
多隆,登场作品,《鹿鼎记》
田归农,饰演,汤镇宗
蒋四根,民族,汉
甘宝宝,情人,段正淳
沐剑屏,性别,女
康广陵,中文名,
言达平,救命恩人,狄云
金庸,国籍,中国
殷野王,职业,天鹰教天微堂堂主
玄苦,门派,少林派
海兰弼,身份,辽东黑龙门掌门人
王重阳,师弟,
谢逊,性别,男
周伯通,门派,全真派
慕容复,别名,李延宗
丁春秋,配音,1997版《天龙八部》配音王逊
蒙哥,主要成就,随拔都西征，派旭烈兀远征，派忽必烈灭大理
侍剑,中文名,
梅念笙,出生地,湘江
朱由榔,出生日期,1623年11月1日
陆菲青,好友,赵半山
祖千秋,登场作品,《笑傲江湖》
金轮法王,门派,密教金刚宗
杨康,别名,小王爷
岳老三,兵器,鳄尾鞭、鳄嘴剪
柯镇恶,徒孙,武敦儒、武修文、郭芙
侍剑,饰演,尤翠玲
仪和,师父,定逸师太
段正明,出生地,大理
杜百当,登场作品,
瘦头陀,门派,
忽必烈,主要成就,建立元朝
苗人凤,饰演,慕思成（1991版雪山飞狐）
张阿生,特长,刀法
佟国纲,旗籍,汉军正蓝旗
尼摩星,身份,忽必烈麾下武士
方怡,师兄,刘一舟
朱长龄,出场目次,16回
周颠,名字由来,明无名字，人以为颠
武三娘,登场作品,神雕侠侣
空智,门派,少林寺
段智兴,饰演,狄龙
乌老大,武功,乌鸦刀
王进宝,去世时间,
聂卫平,主要成就,1988-90年新体育杯冠军1981年国手战冠军1999年新中国棋坛十大杰出人物
向问天,别名,光明左使
梅超风,饰演,饰演
潇湘子,结局,与尹克西互斗而死
李秋水,师兄,无崖子
玄难,职位,
徐达,官职,太子少傅等
宋青书,中文名,宋青书
杨莲亭,饰演,夏威
秦红棉,武器,修罗刀
鲜于通,性格特点,
云中鹤,注音,xú zhì mó
梅念笙,登场作品,
风波恶,民族,
阿九,心上人,袁承志
曲三,武功,
双儿,民族族群,汉族
瘦头陀,门派,神龙教
杨成协,三哥,赵半山
洞玄,大师兄,水云道长
孙婆婆,结局,被全真教郝大通误杀
乌老大,饰演,郑雷（1997版）
杜百当,职业,
查良璇,丈夫,曹时中
何铁手,擅长,
空见,徒弟,成昆
骆冰,父亲,神刀骆元通
周颠,信仰,明教
梁自进,门派,雪山派
凌退思,毒药,金波旬花
小龙女,饰演,南红
陆冠英,饰演,郭政鸿
任我行,女婿,令狐冲
狄云,兵器,血刀
余鱼同,五哥,常赫志
常遇春,封爵,开平王（赠）
纪晓芙,饰演,何佳怡
商老太,儿子,商宝震
裘千尺,国籍,南宋
段天德,民族,
天山童姥,久居地,灵鹫宫
林仲雄,身份,福威镖局的创办人的养子
冯蘅,饰演,陈嘉仪
戚芳,登场作品,《连城诀》
赵志敬,师叔,马钰、丘处机、郝大通、孙不二、刘处玄、谭处端
余鱼同,别名,空色
南海鳄神,组织,四大恶人
骆冰,五弟,常赫志
旭烈兀,主要成就,灭阿拉伯帝国
沐剑屏,别名,小郡主、小老婆
平阿四,恩人,胡一刀
陆冠英,饰演,羿坤
司空玄,性别,男
任盈盈,别名,妖女
慕天颜,官职,漕运总督
聂卫平,职业,围棋职业棋手
林乐怡,国籍,中国
任盈盈,别名,展开
关安基,妻弟,贾老六
程灵素,民族,汉族
商老太,登场作品,飞狐外传
尹克西,职业,
闵柔,性别,女
令狐冲,身份,恒山派掌门人
徐达,所处时代,元末明初
朱由检,庙号,思宗（怀宗
云中鹤,出生日期,1897年1月15日
包惜弱,结局,杨铁心自杀后
梁自进,出处,《侠客行》
百草仙,饰演,武林侠客
张翠山,武器,判官笔
金轮法王,国籍,蒙古
王进宝,官职,奋威将军、陕西提督
钟万仇,性别,男
夏雪宜,饰演,吴楚帆1958版《碧血剑》
常遇春,谥号,
王难姑,夫妻关系,又斗气
袁承志,师兄,黄真
林仲雄,性别,男
胡逸之,主要成就,
南希仁,徒弟,郭靖
傅思归,作者,金庸
洪凌波,门派,古墓派
鹿杖客,饰演,杜玉明
黄蓉,主要武功, 兰花拂穴手
苗若兰,父亲,苗人凤
鹿清笃,登场作品,《神雕侠侣》
孙婆婆,派别,古墓派
李莫愁,饰演,毛林林
陆菲青,性别,
胡斐,兵器,冷月宝刀
樊一翁,最要成就,西山一窟鬼之首
归二娘,登场作品,《碧血剑》
公孙绿萼,扮演者,苏玉华
杨过,配音,陈晓（2014年内地版《神雕侠侣》）
段延庆,徒弟,谭青
鸠摩智,饰演,卢勇
石破天,饰演,梁朝伟1989版《侠客行》
王进宝,爵位,一等子爵
石双英,武功,玄玄刀法
天山童姥,师傅,
戚芳,师祖,梅念笙
林乐怡,外文名,阿May
霍都,出生地,
骆冰,二哥,无尘道长
韩千叶,中文名,韩千叶
哑婆婆,掌门人,令狐冲
霍都,绝技,
莫声谷,师兄,宋远桥、俞莲舟、俞岱岩、张松溪、张翠山、殷梨亭
乔峰,饰演,徐少强（1982年香港新世纪电影）
完颜洪烈,年龄,1172年-1224年
完颜萍,民族,
岳不群,修习武功,
殷素素,中文名,殷素素
武三通,子,武敦儒、武修文
赵志敬,饰演,鹿峰1982版《神雕侠侣》
苏荃,儿子,韦铜锤
蕊初,别名,小宫女
闵柔,别名,闵妹
李莫愁,民族,汉族
张无忌,武器,屠龙刀
任盈盈,出嫁地点,孤山梅庄
周绮,丈夫,
渡难,门派,
司空玄,门派,神农帮
丁春秋,别名,星宿老怪
武敦儒,别名,
朱由榔,别名,永历帝
胡斐,爱慕者,程灵素
鳌拜,主要成就,跟随清太宗皇太极攻察哈尔部
赵志敬,师弟,崔志方
陆天抒,武器,鬼头刀
赵敏,喜好,说汉话
李秋水,绝技,传音搜魂
忽必烈,出生地,漠北草原
阿朱,饰演,饰演
乌老大,饰演,程东（2013版）
康广陵,知己,玄苦大师
阳夫人,饰演,郭丽红
双儿,配偶,韦小宝
武三通,义女,何沅君
天山童姥,师傅,逍遥子
范文程,出生地,辽东沈阳
天门道人,个性,性子刚烈
郭襄,中文名,郭襄
陆二娘,女儿,陆无双
说不得,第一次登场,第18章 倚天长剑飞寒铓
韩宝驹,徒弟,郭靖
郭芙,家人,郭靖
贝锦仪,民族,汉
武三通,身份,
莫声谷,师兄,张松溪
石破天,中文名,石破天
殷离,身材,苗条纤细
达尔巴,师弟,霍都
霍青桐,饰演,周丽淇
闵子华,配音,陈欣（粤语配音）
杨过,登场作品,《神雕侠侣》
掌钵龙头,帮主,史火龙
天松道人,角色关系,掌门天门真人的师弟
袁承志,妻子,夏青青
阮星竹,别名,阮阿姨
云中鹤,代表作品,翡冷翠的一夜
冷谦,字号,道号龙阳子
范遥,别名,光明右使
林朝英,登场作品,
余鱼同,主要成就,救助红花会四当家文泰来 考取过秀才
兆惠,官职,内阁学士
陈友谅,年号,大义1360
武敦儒,师母,黄蓉
海大富,中文名,海大富
九难,饰演,李菲
马光佐,武器,熟铜棍
殷天正,职业,天鹰教教主
陆无双,门派,古墓派
灭绝师太,师父,风陵师太
玉真子,登场作品,《碧血剑》
查传讷,父亲,
白自在,性别,男
武敦儒,母亲,
周芷若,饰演,佘诗曼（2001年香港无线电视剧） 
白万剑,饰演,郭军
柯镇恶,徒孙,
一灯大师,名号,
许雪亭,性别,
胡青羊,登场作品,《倚天屠龙记》
小龙女,师侄,陆无双
无崖子,弟子,苏星河
裘千仞,师父,一灯大师
刘正风,徒弟,米为义
谢烟客,别名,摩天居士
丁春秋,毒药,腐尸毒
绿竹翁,登场作品,《笑傲江湖》
凌退思,饰演,
风清扬,饰演,梁家仁
耶律齐,别名,齐儿
卜沉,登场作品,《笑傲江湖》
赵志敬,师叔、师伯,谭处端
穆旦,毕业院校,清华大学
洪七公,饰演,李天柱
李明,体重,65 公斤
一灯大师,身份,
于人豪,饰演,王成（2001央视版）
霍青桐,饰演,关咏荷
丁典,别名,菊中君子
觉远,徒弟,张三丰
段誉,中文名,段誉
无尘道长,七弟,徐天宏
觉远大师,朝代,南宋
商宝震,母亲,商老太
石破天,饰演,吴健2002版《侠客行》
阿朱,饰演,黄杏秀（82版电视剧）
康广陵,性格,纯直而脾气拗执
赵志敬,师祖,王重阳
石中玉,中文名,石中玉
郭芙,外文名,Guo Fu
宋远桥,别名,
郭啸天,妻子,李萍
努尔哈赤,谥号,承天广运圣德神功肇纪立极仁孝睿武端毅钦安弘文定业高皇帝（初谥武皇帝）
归二娘,别名,三只乌龟（韦小宝专用）
渡厄,师侄,空闻
李秋水,饰演,谢雨欣（内地电视剧《天龙八部》）
陆二娘,登场作品,《神雕侠侣》
戚芳,师伯,万震山
陈友谅,政权,陈汉
杨逍,已知武功,弹指神通
焦木和尚,国籍,南宋
上官虹,丈夫,白马李三
温青青,出生地,温家堡
宋远桥,门派,
木岛主,性别,男
卫璧,中文名,卫璧
任我行,属下,
殷素素,饰演,郭妃丽
陈友谅,在位,1360年-1363年
孟伯飞,二儿子,
海大富,饰演,吴孟达
林朝英,心上人,
徐志摩,笔名,南湖、诗哲、海谷、章垿等
任盈盈,外文名,Yingying Ren
无尘道长,别名,无尘道长
瘦头陀,登场作品,《鹿鼎记》
水笙,恋人,狄云
阳夫人,登场作品,《倚天屠龙记》
沐剑屏,饰演,邝文珣（98陈小春版），刘芸（08黄晓明版），吴倩（14韩栋版），关芯（20张一山版）
公孙绿萼,身份,绝情谷小师妹
武修文,哥哥,武敦儒
曲洋,性别,
乔峰,饰演,黄日华（1997年香港无线电视剧）
蒋四根,兵刃,这是“疯魔杖”中的“金铰剪月”
徐志摩,毕业院校,
秃笔翁,师兄,黄钟公
欧阳锋,中文名,欧阳锋
双儿,别名,好双儿
不戒和尚,门派,
柯镇恶,登场作品,《射雕英雄传》
程青竹,哥哥,程本直
丁春秋,主要成就,自创化功大法
多尔衮,出生日期,万历四十年十月二十五日（1612年11月17日）
张康年,上司,多隆
柯镇恶,招数,
萧远山,武功,摩诃指
周绮,居住地,铁胆庄
李莫愁,饰演,梁素琴
令狐冲,青梅竹马,岳灵珊
梅芳姑,性别,女
无尘道长,三弟,赵半山
殷天正,主要成就,
赵钱孙,心上人,谭婆
无崖子,师傅,逍遥子
丁典,饰演,白彪1980版《连城诀》
段正严,别名,段和誉
多隆,饰演,刘永（2014版）
赵敏,饰演,陈好逑（1965年香港粤语电影）
蒋英,代表作品,合译有《肖邦传》
梅芳姑,身份,梅花拳掌门人
丁不三,武功,丁家祖传功夫
黛绮丝,饰演,马羚 内地电视剧《倚天屠龙记》
钱均夫,职业,文史专家
焦木和尚,信仰,佛教
徐志摩,逝世日期,1931年11月19日
鲁有脚,中文名,鲁有脚
常遇春,出生地,凤阳府怀远县（今安徽省怀远县）
范文程,民族族群,汉族
一灯大师,久居地,
茅十八,中文名,茅十八
黄蓉,出生地,东海桃花岛（浙江舟山）
阿九,登场作品,《鹿鼎记》
尹志平,性别,男
杨过,饰演,张国荣
常遇春,封爵,鄂国公
慕容复,侍婢,阿朱
钱永刚,出生日期,1948年10月
史火龙,登场作品,《倚天屠龙记》
耶律齐,饰演,饰演
侍剑,饰演,郑艳丽
杨过,性别,男
常遇春,主要成就,攻破大都，上都之战
乔三槐,结局,被萧远山杀死
杨康,饰演,收起
梁子翁,领导,
卜沉,性别,男
武敦儒,性别,男
司空玄,年龄,男
查传侠,代表作品,《我的人生是为了什么》
摘星子,门派,
殷天正,出生日期,1280年
杜治芬,前夫,金庸
兆惠,军职,镶红旗护军统领
李泰,体重,70 kg
陈近南,谥号,文正
黄药师,外孙,郭襄
曲非烟,其他名称,非非
周伯通,别名,老顽童
福康安,官职,武英殿大学士
玄寂,门派,
无尘道长,四弟,文泰来
郭襄,传人,风陵师太
海兰弼,门派,辽东黑龙门
努尔哈赤,年号,天命（1616年－1627年）
公冶乾,结局,慕容复杀包不同后
一灯大师,主要成就,“天下五绝”之一
徐天川,别名,
朱子柳,中文名,朱子柳
郭芙,宝物,软猬甲
黄蓉,主要武功,打狗棒法
田伯光,身份,采花贼
余鱼同,所属组织,红花会
殷野王,门派,天鹰教→明教（天鹰旗）
朱九真,第一次登场,第15章　奇谋秘计梦一场
程灵素,心上人,胡斐
宝树,国籍,中国
丁典,中文名,丁典
梅超风,性别,女
温方山,门派,棋仙派
刘一舟,隶属,云南沐王府
公孙绿萼,母亲,裘千尺
慕天颜,所处时代,明末清初
赵敏,别名,明明特穆尔
关安基,职业,
武修文,师父,
阮星竹,中文名,阮星竹
殷梨亭,中文名,殷梨亭
范遥,鄙视的人,婆婆妈妈之人
胡夫人,中文名,胡夫人
霍都,师兄,
段智兴,饰演,樊日行
李可秀,职务,直隶古北口提督
阿碧,饰演,王祎
福康安,封爵,郡王
郭靖,传承兵法,《武穆遗书》
阿朱,别名,阮姑娘
黛绮丝,身份,波斯明教圣女
胡夫人,中文名,
李秋水,儿子,李谅祚
南兰,饰演,饰演
多隆,中文名,多隆
韩小莹,中文名,韩小莹
田伯光,武功绝技,狂风刀法
冯锡范,年龄,49岁
金花婆婆,教派,明教
周绮,弟弟,周英杰
林乐怡,出生地,
达尔巴,师傅,金轮法王
陆菲青,好友,赵半山，关明梅，周仲英，骆元通
小昭,年龄,15～16岁
陆乘风,其他名称,五湖废人
萧峰,主要成就,胁迫耶律洪基换来边疆和平
武三通,出生地,大理
韩千叶,饰演,莫镇贤
张无忌,饰演,刘德凯（1984年台湾台视电视剧）
金庸,出生地,浙江省海宁市
郭襄,武功,桃花岛武功等
蒋英,毕业院校,德国柏林音乐大学
阳顶天,民族,汉族
努尔哈赤,尊号,聪睿恭敬汗
钟灵,母亲,甘宝宝
不平道人,性别,男
无尘道长,六弟,常伯志
左冷禅,饰演,元华1990年许冠杰版《笑傲江湖》
褚万里,主公,段正淳
石中玉,父亲,石清
武三通,子,武修文
瑞栋,别名,瑞侍卫
胡一刀,主要成就,可与天下第一的苗人凤一战
玉如意,记载,《世说新语》，《晋书》
云中鹤,职位,北京大学教授
余鱼同,师父,马真道长
霍都,门派,密教金刚宗
洪凌波,登场作品,《神雕侠侣》
孟伯飞,登场作品,
空闻,朝代,元朝
石破天,性别,男
公孙绿萼,父亲,公孙止
神山上人,身高,男
鲜于通,武功,鹰蛇生死搏
何铁手,饰演,袁咏仪1993版《新碧血剑》
任我行,武功,
公孙绿萼,容貌,
归钟,其他名称,
林平之,武功,华山剑法
周颠,名字由来,明无名字
花万紫,师兄,封万里
段誉,后代,段智兴（南帝）
陆菲青,門派,武当派
余鱼同,领导,陈家洛
玄慈,结局,自绝经脉而死
平一指,领导,任盈盈
范文程,官职,秘书院大学士
袁承志,出生年份,1623年
万圭,出场目次,12回
蒙哥,本名,孛儿只斤·蒙哥
胡逸之,主要成就,武林第一美男子
刘一舟,武功,沐家拳
林平之,门派,华山派
朱子柳,武功,一阳指
韦双双,中文名,韦双双
武三娘,性别,女
叶二娘,情夫,
无嗔大师,徒弟,程灵素
金蛇郎君,别名,
灵智上人,武功,毒砂掌
徐天宏,总舵主,陈家洛
金庸,主要成就,展开
华赫艮,登场作品,《天龙八部》
阿九,性别,女
纪晓芙,结局,被灭绝师太一掌打死
苗人凤,年龄,43
米横野,上司,贝海石
段正淳,饰演,李龙基
朱元璋,出生地,
陆冠英,别名,公子
金花婆婆,饰演,李婉华 香港无线电视剧《金毛狮王》展开饰演李婉华 香港无线电视剧《金毛狮王》张海伦 台湾台视电视剧《倚天屠龙记》江欣燕
陆菲青,中文名,
徐天川,饰演,郑家生
穆旦,出生日期,1918年4月5日
耶律重元,结局,起兵失败自杀
张君宝,主要成就,创立武当派
范遥,尊敬的人,张无忌
徐天川,别名,八臂猿猴
蒋英,代表作品,《舒曼传》等
张阿生,登场作品,《射雕英雄传》
摘星子,年龄,
聂卫平,中文名,聂卫平
程英,配音,浅野真澄
左子穆,师妹,
慕天颜,官职,湖广巡抚
查传讷,国籍,中国
欧阳锋,饰演,徐锦江
黄蓉,饰演,陈玉莲
殷素素,身份,天鹰教紫薇堂堂主
韦小宝,门派,
南兰,饰演,收起
段正严,逝世日期,1176年
徐达,民族族群,汉族
苏星河,中文名,苏星河
觉远,中文名,觉远
吴道通,性别,男
程灵素,职业,药剂师
陆无双,师祖,林朝英
公孙绿萼,容貌,肤色白里泛红，甚是娇美，眼神清澈，嘴边有粒小黑痣，更增俏丽，但她秀雅脱俗，自有一股清灵之气。
杨不悔,丈夫,殷梨亭
左子穆,门派,无量派东宗
天门道人,师弟,
杨铁心,先祖,杨继周
海大富,武功,阴阳磨
拖雷,本名,孛儿只斤·拖雷
耶律齐,国籍,南宋
程灵素,擅长,医术种植草药
穆里玛,国籍,清朝
小昭,中文名,小昭
任盈盈,主要成就,合诛东方继任日月神教教主
金轮法王,武功,龙象般若功
赵志敬,饰演,甘国卫1983版《神雕侠侣》
史红石,登场作品,《倚天屠龙记》
鹤笔翁,中文名,鹤笔翁
旭烈兀,本名,孛儿只斤·旭烈兀(Hülegü Khan)
史红石,性别,女
武敦儒,登场作品,
花铁干,身份,鹰爪铁枪门门主
温仪,女婿,袁承志
无崖子,饰演,苏有朋（2013年内地电视剧）
阎基,劲敌,
查良璇,出生地,海宁
赵敏,喜好,生性好武
张翠山,妻子,殷素素
黄药师,齐名者,王重阳
贝锦仪,主要成就,救过杨不悔
凌霜华,结局,其被凌退思活埋
杜治芬,出生地,杭州
长平公主,民族族群,汉族
曲洋,登场作品,
阿朱,别名,阿朱姐姐
梦姑,国别,西夏
马光佐,国籍,中国
曲傻姑,中文名,
逍遥子,毕业院校,
鹿杖客,武器,鹿角短仗
徐志摩,主要成就,新月派代表诗人成立新月社
耶律齐,国籍,蒙古
耶律洪基,出生日期,1032年9月14日
薛慕华,门派,
郭芙,登场作品,《神雕侠侣》
徐天宏,九弟,
查传诗,国籍,中国
吴六奇,字号,
温仪,中文名,温仪
李明,特长,骑马
袁紫衣,武功,八卦掌
冯蘅,饰演,陈玉莲
苏菲亚,国籍,
丁敏君,师姐,静玄
说不得,教主,阳顶天
樊一翁,性别,男
周芷若,代表之花,秀若芝兰
喀丝丽,心上人,陈家洛
黄蓉,饰演,翁美玲
段延庆,配音,张济平（1982年刘兆铭版）张秋水
武烈,拼音,wǔ liè
梁子翁,敌人,江南七怪
李莫愁,配音,安藤麻吹
胖头陀,外形,又瘦又高
小龙女,后人,黄衫女
夏雪宜,性别,男
白振,主子,乾隆皇帝
郭芙,主要成就,行侠仗义
金花婆婆,饰演,夏萍 香港邵氏电影《倚天屠龙记》
丁春秋,国籍,中国
洞玄,门派,仙都派
乔峰,主要成就,胁迫耶律洪基换来边疆和平
公孙绿萼,扮演者,邬靖靖等
朱元璋,主要作品,御制皇陵碑大诰御制纪非录皇明祖训明太祖宝训
阿九,别名,九难
蕊初,中文名,蕊初
萧峰,绝招,降龙十八掌
程灵素,登场作品,《飞狐外传》
令狐冲,身份,华山派大师兄→恒山派掌门人
阿青,性别,女
方怡,别名,
金花婆婆,身份,中土明教四大护教法王“紫白金青”之首
多尔衮,旗籍,正白旗
王重阳,职业,侠客，全真教掌门
余鱼同,五哥,
裘千仞,别名,裘帮主
杨过,妻子,小龙女
白世镜,帮主,
风波恶,国籍,中国
鹤笔翁,主子,汝阳王察罕特穆尔
王语嫣,主要成就,水榭听香
兆惠,逝世日期,1764年
吴之荣,登场作品,
张翠山,中文名,张翠山
韩宝驹,徒弟,
徐天宏,门派,红花会
小玄子,别名,爱新觉罗·玄烨
唐文亮,门派,崆峒派
曲傻姑,登场作品,《射雕英雄传》
和珅,官职,总管内务府大臣等
鲁有脚,成就,丐帮帮主，与欧阳锋对了一招，协助郭靖夫妇镇守襄阳
程英,师兄,陈玄风
崔百泉,中文名,崔百泉
南海鳄神,饰演,秦煌（97版）
樊一翁,身份,西山一窟鬼老大
周伯通,师兄,王重阳
九难,别名,独臂神尼
任我行,属下,上官云
胡夫人,丈夫,胡一刀
无崖子,所处年代,北宋
穆人清,饰演,于承惠
李秋水,饰演,黎少芳（香港无线电视剧《天龙八部》）
傅思归,朝代,大理
建宁公主,父母,毛东珠
金蛇郎君,别名,金蛇郎君
侯通海,性别,男
柯镇恶,兄长,柯辟邪
瑞栋,终结者,韦小宝
洪七公,饰演,魏骏杰
耶律楚材,出生日期,1190年7月24日
戚芳,同门,卜垣
乌老大,饰演,侯越秋（2003版）
宁中则,剑法,玉女十三剑、无双无对宁氏一剑
张无忌,饰演,郑少秋（1978年香港无线电视剧）
长平公主,别名,长平公主
上官虹,师兄,史仲俊
苏星河,别名,聋哑先生
觉远大师,别名,觉远大师
狄云,兵器,
赵敏,饰演,井莉（1978年香港邵氏电影）
慕容博,主要成就,
徐达,谥号,武宁
温方山,门派,
万震山,武功,
徐天宏,四嫂,骆冰
王重阳,国籍,
程英,师兄,武眠风
谢烟客,登场作品,《侠客行》
长平公主,同母兄弟,朱慈烜（怀隐王）
洪安通,性别,男
杨过,兵器,玄铁重剑
曲灵风,其他名称,曲三
郭芙,宝物,小红马
金花婆婆,饰演,展开
郭啸天,主要成就,绝代大侠郭靖之父
乔三槐,性别,男
彭长老,帮主,
木婉清,别名,婉儿
何红药,教主,
达尔巴,饰演,周刚
宝象,师父,血刀老祖
赵钱孙,中文名,赵钱孙
拓跋宏,出生地,代郡平城
霍都,师父,
黛绮丝,饰演,施明 香港无线电视剧《倚天屠龙记》
朱长龄,武功,一阳指
玄苦,登场作品,《天龙八部》
钱均夫,职业,教育家
小龙女,配音,张雪仪
岳老三,兵器,鳄嘴剪
福康安,谥号,
韦小宝,门派,神龙教
陆菲青,武功,「柔云剑法」
耶律燕,丈夫,武敦儒
贝海石,中文名,贝海石
范遥,饰演,宗峰岩
郭啸天,侄媳兼义侄女,穆念慈
郭啸天,别名,啸哥
常遇春,出生日期,1330年
朱九真,别名,雪岭双姝（与武青婴合称）
苗若兰,母亲,南兰
逍遥子,性别,
杜治芬,中文名,杜治芬
黄真,门派,华山派
商宝震,中文名,
冷谦,职业,道士
小龙女,民族,汉族
彭连虎,性别,男
程瑶迦,饰演,任袁媛（2003版）
蒋百里,出生日期,1882年
宝树,民族,汉族
努尔哈赤,尊号,大英明汗
洪七公,饰演,谷峰
张无忌,配音,黎泓和（1978年香港无线电视剧）、陈明阳、孙德成（1984年台湾台视电视剧）、齐炎（1986年香港无线电视剧）、陈欣（1994年台湾台视电视剧）、张艺（2001年香港无线电视剧）、赵铭（2003年合拍电视剧）、邓超、苏强文、伊藤健太郎（2009年内地电视剧
宁中则,剑法,无双无对宁氏一剑
黄药师,饰演,张国荣
尼摩星,主公,忽必烈
韦小宝,出生地,扬州
周芷若,性别,女
温仪,别名,小仪
余鱼同,人物出处,
韦小宝,主要成就,助沙俄索菲亚公主夺位 雅克萨之捷
天山童姥,师弟/恋人,
完颜洪烈,民族,女真族
丁春秋,别名,丁老怪
兆惠,主要成就,统一新疆
洪安通,职业,神龙教教主
段智兴,家族,大理段氏
多隆,饰演,胡东（2008版）
灭绝师太,配音,邓小鸥等
柯镇恶,登场作品,《神雕侠侣》
阿九,别名,长平公主
金蛇郎君,饰演,吴楚帆1958版《碧血剑》
忽必烈,别名,元世祖
多隆,性别,男
陈玄风,武功,摧心掌
阿紫,出场年龄,15岁
宁中则,丈夫,岳不群
点苍渔隐,师弟,慈恩
余鱼同,中文名,余鱼同
范遥,别名,范右使
韦春花,性别,女
武烈,示例,成王能明文昭
周芷若,饰演,陈宝珠（1965年香港粤语电影）
香香公主,登场作品,《书剑恩仇录》
焦木和尚,中文名,焦木和尚
柯镇恶,饰演,邓立民、王道
陈玄风,中文名,陈玄风
耶律楚材,别名,长髯人
包惜弱,结局,为丈夫殉情而死
瘦头陀,饰演,
拓跋宏,所处时代,南北朝
花铁干,武功,
商老太,门派,八卦门
焦宛儿,中文名,焦宛儿
郭襄,配音,张璐
阿紫,门派,星宿派
华赫艮,别名,华司徒
郭靖,父亲,郭啸天
田归农,饰演,谭耀文
平阿四,其他名称,
静玄师太,师父,
向问天,饰演,班铁翔1985版《笑傲江湖》
瘦头陀,饰演,黄仲匡
余鱼同,四哥,文泰来
沙通天,绝技,
钟灵,登场作品,《天龙八部》
朱元璋,谥号,开天行道肇纪立极大圣至神仁文义武俊德成功高皇帝[16]
夏雪宜,饰演,焦恩俊2007版《碧血剑》
沐剑声,相貌,面容微黑
金蛇郎君,饰演,苗侨伟1985版《碧血剑》
郭啸天,武功,家传戟法
萧远山,武功,伏魔杖法
宋青书,武功,武当梯云纵  九阴白骨爪
萧远山,称号,金庸小说书迷称为“天龙四神”中的“杀神”
莫声谷,师侄,
欧阳克,别名,克儿
和珅,主要成就,[1]
丁敏君,师妹,纪晓芙
段延庆,饰演,李鸿杰1997版《天龙八部》
血刀老祖,武器,血刀
何铁手,别名,
陆展元,旧情人,李莫愁
文泰来,十弟,章进
陆展元,中文名,陆展元
李莫愁,武器,冰魄银针
余沧海,别名,余老道
田伯光,轻功,倒睬三叠云
黄药师,饰演,梁家辉
刀白凤,别名,凤凰儿
神照上人,劲敌,杨溢之
白万剑,父母,白自在
李可秀,登场作品,
天竺僧,师侄,渔樵耕读
段正明,别名,保定帝
石中玉,别名,玉哥
灭绝师太,绝技,峨嵋剑法
丁不四,登场作品,《侠客行》
莫大,性别,男
蒋英,职业,中央音乐学院歌剧系副主任
鳌拜,爵位,一等超武公
骆冰,十二弟,石双英
陆菲青,門派,
蒋四根,性别,男
包惜弱,饰演,刘芊含
丁不四,饰演,李晓波
一灯大师,久居地,大理皇宫、桃源
樊一翁,登场作品,《神雕侠侣》
林平之,父母,王夫人
林朝英,后代传人,黄衫女子
左冷禅,其他名称,左掌门
岳不群,弟子,
余沧海,饰演,骆应钧
阿朱,身份,大理国郡主
蒙哥,在位时间,1251年7月1日—1259年8月11日
武修文,妻子,
向问天,饰演,黄世南2000版《笑傲江湖》
杨过,饰演,古天乐
吴六奇,本名,
许雪亭,中文名,
查传倜,中文名,查传倜
杜百当,登场作品,《倚天屠龙记》
陆冠英,饰演,惠天赐
张无忌,朝代,元朝
石中玉,饰演,吴健
冯蘅,饰演,容小意
蒙哥,逝世日期,1259年8月11日
程英,师姐,梅超风
温青青,配偶,袁承志
赵志敬,师弟,李志常
玉真子,其他名称,护国真人
查传讷,出生日期,
聂卫平,主要成就,1979-83、1988-90年新体育杯冠军
秃笔翁,教主,东方不败
马行空,身份,飞马镖局总镖头
石双英,八哥,杨成协
慕容复,主要成就,恶斗星宿派大胜
林平之,武功,辟邪剑法
丁春秋,年龄,65
陆天抒,中文名,陆天抒
段正明,主要成就,为了请黄眉僧解救段誉而免除大理国的盐税
程青竹,弟子,
贝锦仪,师姐,丁敏君
于人豪,登场作品,《笑傲江湖》
林远图,主要成就,创建福建福威镖局
傅思归,出处,《天龙八部》
贝锦仪,师姐,纪晓芙等
武三通,出处,
静玄师太,兵器,拂尘
鲁有脚,性别,男
李莫愁,久居地,赤霞山庄
萧峰,主要成就,
左子穆,登场作品,《天龙八部》
常遇春,追赠,开府仪同三司
金轮法王,武功,
白世镜,帮主,汪剑通
摘星子,师父,
查传讷,性别,
达尔巴,饰演,赵毅
韦小宝,身份,神龙教白龙使
绿竹翁,中文名,绿竹翁
沐剑屏,师姐,
关明梅,徒弟,霍青桐
李青萝,宠物,
陈圆圆,别名,陈圆圆
觉远大师,徒弟,张三丰
贝海石,别名,着手回春
洪七公,饰演,饰演
司徒横,好友,关东四大门派
福康安,主要作品,
朱九真,年龄,22岁（终年）
范文程,主要成就,清朝开国重臣
阳顶天,朝代,元朝
郭襄,配音,成瑶孆
和珅,官职,领侍卫内大臣
霍青桐,饰演,王菁华
左子穆,儿子,左山山
乔三槐,登场作品,《天龙八部》
林平之,年龄,19-21岁
小龙女,配音,于小华
福康安,主要成就,
韦春花,别名,花姐
鹤笔翁,饰演,安泽豪
包惜弱,中文名,包惜弱
殷梨亭,未婚妻,纪晓芙
耶律洪基,出生地,剌河源
任我行,主要成就,少林三战，重夺日月神教教主之位 大战五岳剑派
苗人凤,妻子,南兰
尼摩星,饰演,汤锦棠（1976香港版电视剧）
林仲雄,养父,林远图
慕容复,家臣,包不同
佟国纲,出生地,抚顺
薛慕华,别名,
符敏仪,作者,金庸
徐天川,性别,男
韦小宝,身份,清抚远大将军
鹿杖客,师父,百损道人
洪七公,饰演,赵立新
左子穆,徒弟,
岳不群,修习武功,紫霞神功、辟邪剑谱
归辛树,武功,破玉拳法
段正明,民族,白族
仪琳,饰演,陈丽峰
灭绝师太,配音,叶琳
胡夫人,民族,
殷梨亭,出生日期,1319年
黄真,年龄,[1]
段延庆,武功,一阳指
南兰,情夫,田归农
福康安,主要成就,镇压林爽文起义
蒋四根,二哥,无尘道长
李莫愁,门派,古墓派
瘦头陀,中文名,
公孙绿萼,别名,公孙姑娘
凌退思,性别,
赵敏,身份,汝阳王之女
冯锡范,性别,男
武修文,后人,武烈
李秋水,丈夫,李元昊
石中玉,别名,小石头
陶子安,中文名,陶子安
巴天石,主上,段誉
李秋水,孙女,李清露
殷素素,登场作品,
枯荣长老,性别,男
唐文亮,登场作品,《倚天屠龙记》
聂卫平,籍贯,河北深县
闵柔,饰演,韩月乔
多尔衮,主要成就,率军入关、统一全国
黄蓉,配音,廖静妮
佟国纲,去世时间,公元1690年
马夫人,扮演者,韩羚
劳德诺,登场作品,《笑傲江湖》
赵志敬,师伯,马钰、丘处机、郝大通、孙不二、刘处玄、谭处端
赵敏,饰演,刘玉璞（1984年台湾台视电视剧）
朱聪,饰演,16版姬晨牧
曲非烟,中文名,曲非烟
刚相,登场作品,《倚天屠龙记》
丁春秋,长辈,无崖子
华筝,小说兄长,察合台
洞玄,师父,
王夫人,去世时间,
任盈盈,主要成就,身为日月神教圣姑，统领群豪
