福康安,主要作品,《重修昭觉寺志》《寄惠椿亭侍郎》
李秋水,武功,北冥神功 
全金发,弟子,郭靖
神照上人,劲敌,杨溢之
冯蘅,中文名,冯蘅
贝海石,主要成就,拥立傀儡
鹤笔翁,登场作品,《倚天屠龙记》
程灵素,中文名,程灵素
李可秀,职务,直隶古北口提督
吴六奇,主要成就,组织团练
慕容博,好友,鸠摩智
九难,别名,长平公主
乔峰,参与战役,少室山武林群雄大会
蒋四根,兵刃,铁桨打横
小龙女,所习武功,《九阴真经》
包不同,性别,男
钱均夫,主要成就,国民政府浙江省教育厅厅长
尹克西,身份,蒙古三杰之一
空闻,登场作品,《倚天屠龙记》
汤沛,人物设定,三才剑掌门人
鳌拜,民族,满族
任盈盈,乐器,七弦琴
杨逍,朝代,元朝
全金发,登场作品,《射雕英雄传》
范遥,不睦之人,韦一笑
岳不群,弟子,令狐冲
朱长龄,别名,惊天一笔
史火龙,登场作品,《倚天屠龙记》
邓炳春,教主,洪安通
焦公礼,人物出处,《碧血剑》
蕊初,登场作品,《鹿鼎记》
九难,年龄,十五岁（碧血剑）
蕊初,别名,小宫女
天松道人,角色关系,掌门天门真人的师弟
郭芙,别名,大姐
天门道人,个性,嫉恶如仇、性子刚烈
杨逍,属下,天地风雷四门
张三丰,主要成就,振兴道教[10]
穆旦,职业,翻译家
胡夫人,儿子,胡斐
孙不二,字号,清静散人
段正严,年号,广运
南海鳄神,徒弟,孙三霸
归辛树,弟子,没影子梅剑和
黄药师,齐名者,段智兴
王重阳,主要成就,领兵抗金
石中玉,父亲,石清
张君宝,出生地,辽东懿州
鳌拜,别名,Oboi
黄蓉,别名,蓉妹妹
林平之,籍贯,福建省福州市
裘千尺,出场回数,5回
玄苦,性别,男
无嗔大师,师弟,石万嗔
鸠摩智,民族,藏族
段正严,年号,文治
仪琳,中文名,仪琳
宋远桥,中文名,宋远桥
俞岱岩,登场作品,《倚天屠龙记》
樊一翁,结局,被金轮法王所杀
胡青羊,中文名,胡青羊
袁承志,岳父,金蛇郎君
萧远山,国籍,辽国
张康年,登场作品,《鹿鼎记》
邓百川,国籍,中国
忽必烈,民族族群,蒙古族
公孙止,出生地,绝情谷
瘦头陀,终结者,归辛树
萧峰,主要成就,助辽平定楚王之乱
石清,门派,上清观
谢烟客,性别,男
黄药师,身份,东海桃花岛主
花万紫,门派,雪山派
陆菲青,武器,「白龙剑」
陆二娘,女儿,陆无双
阿青,爱人,范蠡
殷素素,民族,汉族
蒋四根,性别,男
仪琳,性别,女
关明梅,好友,绵里针陆菲青
安小慧,出场作品,《碧血剑》
杨过,师傅,小龙女
梁子翁,敌人,郭靖等
金庸,出生日期,1924年3月10日(农历二月初六)
丁不四,别名,一日不过四
裘千尺,别名,铁掌莲花
胡斐,性别,男
刘一舟,结局,被韦小宝借吴三桂之手除掉
钱永刚,国籍,中国
李莫愁,民族,汉族
聂卫平,主要成就,1975-1983年6夺中国个人赛冠军
灭绝师太,身份,峨嵋派第三代掌门
刀白凤,性别,女
小龙女,所习武功,《玉女心经》
张三丰,出生日期,4月9日
黄蓉,登场作品,《射雕英雄传》
尹克西,结局,在昆仑山与潇湘子互斗而死
陈正德,中文名,陈正德
查传倜,祖籍,[1]
裘千丈,中文名,裘千丈
林平之,父母,林震南
袁紫衣,武器,银丝软鞭
金庸,中文名,查良镛
萧远山,主要成就,雁门关大战
阿九,师父,程青竹 木桑道长
杨逍,所属,明教
云中鹤,主要成就,新月派代表诗人
朱由榔,谥号,应天推道敏毅恭俭经文纬武体仁克孝匡皇帝
九难,别名,九难
韦双双,父亲,韦小宝
莫声谷,师兄,宋远桥
仪琳,别名,琳儿
黄真,徒弟,崔希敏和安小慧
程英,表妹,陆无双
阿朱,身份,萧峰爱侣
完颜洪烈,身份,金国六王爷
乌老大,职务,七十二岛主之一
江南七怪,中文名,江南七怪
范文程,逝世日期,1666年（康熙五年）
韦小宝,门派,天地会
乔峰,师父,玄苦
范遥,鄙视的人,婆婆妈妈之人
裘千丈,结局,摔死在铁掌峰下
聂卫平,主要成就,1979-83
全冠清,帮主,汪剑通
查传诗,职业,编辑
司空玄,年龄,男
洪安通,职业,神龙教教主
闵柔,门派,玄素庄
公孙止,性别,男
彭长老,擅长,摄心术
洪凌波,师叔,小龙女
石清,职业,玄素庄主
空智,门派,少林寺
温方山,中文名,温方山
水岱,中文名,水岱
和珅,号,十笏园
云中鹤,笔名,章垿等
陆无双,门派,古墓派
许雪亭,别名,青龙使
林平之,门派,福威镖局
胡斐,身份,华拳门掌门人（临时）
郭襄,世兄,杨过
周伯通,特技,养蜂术
刘正风,武功,百变千幻衡山云雾十三式
阿朱,国籍,大理国
梅芳姑,门派,梅花拳
冯默风,其他名称,冯铁匠
班淑娴,中文名,班淑娴
陈圆圆,字号,圆圆
钟灵,生父,段正淳
陈玄风,师父,黄药师
陈正德,性别,男
陈孤雁,登场作品,《天龙八部》
殷天正,性别,男
武敦儒,登场作品,《神雕侠侣》
玄寂,身份,少林寺戒律院和龙树院首座
完颜洪熙,出生日期,1192
鲁有脚,身份,丐帮长老
左子穆,师弟,容子矩
丁春秋,星宿三宝,三笑逍遥散
金庸,代表作品,天龙八部
九难,徒弟,阿琪
陆无双,师父,李莫愁
李沅芷,小说地位,金庸首部武侠小说中第一个出场的人物
静玄师太,师父,灭绝师太
宝象,师父,血刀老祖
努尔哈赤,出生地,赫图阿拉（今辽宁新宾）
陈孤雁,中文名,陈孤雁
张阿生,中文名,张阿生
郭芙,主要成就,镇守襄阳
木岛主,其他名称,岛主
达尔巴,武功,无上大力金刚杵
一灯大师,国籍,云南大理国
渡难,师侄,空见
武修文,后人,武烈
阿青,国籍,越国
戚芳,师伯,万震山
陈友谅,所处时代,元末
任我行,主要成就,梅庄比剑、少林三战，重夺日月神教教主之位 大战五岳剑派
鸠摩智,别名,大轮金刚
令狐冲,配偶,任盈盈
陈友谅,出生日期,1320年
侍剑,性别,女
田青文,性别,女
马夫人,心上人,乔峰
卫春华,四哥,文泰来
努尔哈赤,逝世日期,1626年9月30日(天命十一年八月十八日)
乔三槐,登场作品,《天龙八部》
石万嗔,登场作品,《雪山飞狐》
阳夫人,别名,柳芯茹（2003版电视剧《倚天屠龙记》）
巴天石,结义兄弟,华赫艮
杨过,久居地,古墓
耶律燕,丈夫,武敦儒
郭芙,强项,酒量
林乐怡,国籍,中国
袁紫衣,武功,八仙剑
沙通天,武功,铁桨
仪琳,别名,仪琳师妹
令狐冲,爱慕者,仪琳
郭靖,义侄,忽必烈
孙婆婆,派别,古墓派
郭啸天,孙女,郭襄
苏星河,徒弟,“函谷八友”
吴六奇,出生地,海阳县丰政都汤田
血刀老祖,中文名,血刀老祖
郭靖,师父,江南七怪、洪七公、马钰等
黄蓉,别名,蓉儿
乔峰,别名,别名
钟万仇,性别,男
陈玄风,中文名,陈玄风
鹤笔翁,师兄,鹿杖客
水笙,中文名,水笙
石破天,别名,史亿刀
郭靖,母亲,李萍
查良琇,中文名,查良琇
李沅芷,首次出场时间,第一回古道腾驹惊白发 危峦击剑识青翎
金蛇郎君,性别,男
杨逍,性别,男
上官云,身份,日月神教白虎堂长老
查传讷,国籍,中国
余鱼同,九哥,卫春华
薛慕华,登场作品,《天龙八部》
殷梨亭,主要成就,在武当七侠中剑术最精
鹿杖客,师弟,鹤笔翁
耶律楚材,追赠,上柱国
陶红英,登场作品,《鹿鼎记》
韦双双,弟弟,韦虎头
马春花,情夫,福康安
杜治芬,出生地,杭州
闵子叶,门派,会友镖局
蒙哥,主要成就,随拔都西征，派旭烈兀远征，派忽必烈灭大理
朱由榔,逝世地,云南府昆明县（今云南省昆明市）
余鱼同,所属组织,武当派→红花会
多尔衮,封爵,和硕睿亲王
韦双双,弟弟,韦铜锤
殷野王,妹夫,张翠山
梁自进,师侄,花万紫
朱长龄,民族,白族
吕留良,字号,一字用晦
鸠摩智,武功,易筋经
段智兴,久居地,大理皇宫
黄蓉,登场作品,《神雕侠侣》
萧远山,性别,男
无崖子,武功绝学,「北冥神功」
符敏仪,尊主,虚竹
武敦儒,师母,黄蓉
柯镇恶,所属组织,江南七怪
石清,登场作品,《侠客行》
段誉,生日,11月23日
韩宝驹,所属组织,江南七怪
丁春秋,长辈,李秋水
归辛树,性别,男
罗立如,妻子,焦宛儿
殷天正,教主,张无忌
殷天正,教主,阳顶天，张无忌
归二娘,性别,女
何足道,别名,昆仑三圣
侯通海,性别,男
杨溢之,身份,金顶门弟子
闵子叶,兄弟,闵子华
石中玉,别名,小石头
郭啸天,亲家,黄药师
阿紫,母亲,阮星竹
黄药师,门派,东海桃花岛
胖头陀,师兄,瘦头陀
康广陵,门派,逍遥派
俞岱岩,主要成就,前赴福建诛杀巨盗
平一指,性别,男
归辛树,配偶,归二娘
封万里,别名,风火神龙
陶子安,职业,饮马川少寨主
韩千叶,别名,银叶先生
苗人凤,女儿,苗若兰
言达平,救命恩人,狄云
丁不四,武功,拳法
欧阳克,别名,克儿
金轮法王,国籍,蒙古
小龙女,师侄,洪凌波
天竺僧,师侄,慈恩
杨康,登场作品,《神雕侠侣》
石中玉,帮派,雪山派
马行空,别名,百胜神拳
慕容复,武功,百家武学
莫大,爱好,拉二胡
封万里,中文名,封万里
天山童姥,师弟,无崖子
乔峰,结义兄弟,虚竹
金庸,代表作品,神雕侠侣
梅芳姑,性别,女
耶律齐,性别,男
陆菲青,門派,屠龙帮→武当派
任盈盈,主要成就,合诛东方继任日月神教教主
丁春秋,毒药,虫毒
曲傻姑,父亲,曲灵风
张无忌,武器,倚天剑
凌霜华,登场作品,《连城诀》
朱由榔,逝世日期,1662年6月1日
焦公礼,别名,铁背金鳌
静玄师太,师祖,风陵师太（连载版作一清师太）
卜沉,登场作品,《笑傲江湖》
努尔哈赤,主要成就,度创立八旗制度
宗维侠,门派,崆峒派
无尘道长,别名,无尘道长
段智兴,家族,大理段氏
常遇春,出生地,凤阳府怀远县（今安徽省怀远县）
阿紫,葬身之地,雁门关悬崖下
钱永刚,民族,汉族
封万里,掌门人,白自在
耶律楚材,字号,湛然居士
风际中,形象,给人留不下什么印象
赵志敬,仇人,杨过
多尔衮,主要成就,征战漠南蒙古与李氏朝鲜，率军入关
阮星竹,别名,竹妹
丁游,师父,孟伯飞
谢逊,中文名,谢逊
老不死,别名,老姑娘
风清扬,性别,男
吴道通,中文名,吴道通
安剑清,妻子,安大娘
静照,事迹,曾在少林寺奉周芷若之命暗杀谢逊
张君宝,主要作品,《大道论》《玄要篇》《无根树》《打坐歌》《玄机直讲》
阮星竹,年龄,约莫三十五六岁（初登场）
方怡,师叔,吴立身
黄蓉,主要武功, 落英神剑掌
林远图,别名,渡元禅师
韩宝驹,绝技,马术
殷天正,出生地,中国
耶律齐,岳父,郭靖
蒋百里,异名,百里　公時　jiang fangzhen　澹宁　飞生　Po-li　Chiang Fang-chen　Chiang Fang-chên　
全金发,别名,全六侠
钟灵,姐妹,木婉清
乌老大,民族,汉
木岛主,民族,汉
人厨子,代表作品,《神雕侠侣》
完颜洪烈,别名,完颜忒邻
韦小宝,主要成就,助沙俄索菲亚公主夺位 雅克萨之捷，签订《尼布楚条约》
福康安,主要成就,平定大小金川，镇压林爽文起义，驱逐廓尔喀
萧峰,养父,乔三槐
喀丝丽,哥哥,霍阿伊
阿碧,性别,女
欧阳克,性别,男
余沧海,别名,余矮子
完颜萍,绝技,云横秦岭，枯藤缠树
一灯大师,久居地,桃源
郭靖,主要成就,身后威名历百余年而不衰，任职武林领袖驻守襄阳数十年
夏雪宜,别名,金蛇郎君
耶律重元,王爵,秦国王
乔峰,别名,北乔峰
乔峰,仰慕者,康敏
杨莲亭,性别,男
阮星竹,别名,星竹
张召重,师侄,余鱼同、李沅芷
公孙绿萼,国籍,南宋
李文秀,母亲,上官虹
鲜于通,性格特点,为人奸诈狠毒
钱永刚,父亲,钱学森
韩小莹,性别,女
陆菲青,登场作品,《书剑恩仇录》，《飞狐外传》
阎基,手下败将,马行空
郭襄,别名,郭女侠
谭婆,中文名,谭婆
陶百岁,民族,汉族
乌老大,性别,男
福康安,字号,号敬斋
天山童姥,师妹,李秋水
张召重,武器,凝碧剑
刘一舟,隶属,云南沐王府
王夫人,身份,皇后
彭连虎,中文名,彭连虎
戚芳,同门,周圻
文泰来,六弟,常伯志
洪七公,别名,洪帮主
长平公主,曾祖父,朱翊钧（明神宗）
云中鹤,别名,徐章垿(原名)
洪七公,别名,七兄
双儿,性别,女
殷梨亭,妻子,杨不悔
钱均夫,儿子,钱学森
陆菲青,登场作品,《飞狐外传》
余鱼同,四哥,文泰来
石中玉,心上人,叮叮当当
冷谦,字号,或曰起敬道号龙阳子
平阿四,性别,男
乔峰,岳父,段正淳
林乐怡,别名,金迷称“小龙女”
查良琇,国籍,中国
何铁手,师父,袁承志
洞玄,朝代,明朝
陆菲青,好友,周仲英
玄慈,儿子,虚竹
焦木和尚,性别,男
罗立如,师父,焦公礼
关明梅,青梅竹马,袁士霄
朱丹臣,登场作品,《天龙八部》
杨过,师傅,神雕
木高峰,别名,塞北明驼
黄药师,武功写照,桃花影落飞神剑
金庸,代表作品,射雕英雄传
多尔衮,逝世地,古北口外喀喇城
蓝凤凰,义兄,令狐冲
余沧海,武功,摧心掌（以原著为准）
段智兴,登场作品,《射雕英雄传》
马光佐,特点,天性单纯
陆乘风,登场作品,《射雕英雄传》
苏星河,师叔,李秋水
张翠山,性别,男
周芷若,别名,周掌门
慕容博,武功,斗转星移
穆人清,别名,神剑仙猿
阿朱,别名,阿朱姐姐
樊一翁,主人,公孙止
天山童姥,师妹/情敌,李秋水
陈圆圆,出生日期,公元1623年4月3日（癸亥年）
许雪亭,终结者,洪安通
胡斐,别名,雪山飞狐
风清扬,属下,桃谷六仙
石双英,武功,玄玄刀法
胡一刀,国籍,中国
穆里玛,出生地,吉林双阳
谢逊,武器,屠龙刀
贝海石,别名,贝大夫
达尔巴,师傅,金轮法王
孟伯飞,大儿子,孟铮
王重阳,职业,侠客
柯镇恶,兵器,铁杖
黄蓉,门派,桃花岛
范文程,主要成就,清朝开国重臣
长平公主,封号,长平公主（一说为谥号）
万圭,武功,唐诗剑法（连城剑法）
丁典,老师,”铁骨墨萼“梅念笙
香香公主,登场作品,《书剑恩仇录》
杜百当,中文名,杜百当
木岛主,好友,龙岛主
于万亭,门派,莆田少林寺
蒋四根,兵刃,忽地一人纵上前来，叫道“我多户尝寒来斗斗你这老儿！”一柄铁桨当头猛打下来。兵器是铁桨，使的却是“凝懂判鲁智深疯魔杖”战组永宙的招术，他是将铁桨当估项迎作禅杖多乎朽使，这一记“秦王鞭石”，铁桨从自己背后甩过欠设拜右肩，猛向周仲英砸来墓境，呼的一声，猛恶异常。这人和石双英同来，乃红花会中排名第十三的“铜头鳄鱼”蒋四根。周仲英见他力大，向左一闪，反手还刀。蒋四根直砸不中，铁桨打横，双手握定，桨尾向右横挡，双手桨头向左横击，这是“疯魔杖”中的“金铰剪月”，出手迅捷。
张三丰,主要作品,《大道论》《玄要篇》《无根树》《打坐歌》《玄机直讲》
李莫愁,登场作品,《神雕侠侣》
安剑清,女婿,崔希敏
徐天宏,六哥,常伯志
兆惠,出生日期,1708年
郭靖,武功家数,左右互搏
闵柔,丈夫,石清
朱聪,武功,分筋错骨手
石破天,别名,大粽子
关安基,妻弟,贾老六
陆冠英,配偶,程瑶迦
金庸,代表作品,代表作品
博尔术,本名,阿儿剌·博尔术
苗若兰,父亲,苗人凤
枭道人,登场作品,连城诀
阿紫,姊妹,钟灵
小玄子,别名,康熙、爱新觉罗·玄烨
桑土公,原著作者,金庸
范遥,登场作品,《倚天屠龙记》
乔峰,结义兄弟,段誉
玄苦,门派,少林派
沐剑声,身份,锄奸盟云南省云南省盟主
和珅,官职,领班军机大臣
风清扬,传人,令狐冲
吴之荣,登场作品,《鹿鼎记》
尼摩星,别名,矮黑炭
程灵素,擅长,医术种植草药
丁不四,武功,掌法
郭靖,父亲,郭啸天
文泰来,十二弟,石双英
文泰来,五弟,常赫志
王重阳,国籍,中国
阿青,其他名称,越女剑
常遇春,追赠,上柱国等
觉远,门派,少林寺
吴立身,徒弟,敖彪
汤沛,别名,甘霖惠七省
樊一翁,身份,西山一窟鬼老大
穆人清,徒弟,袁承志
曲三,其他名称,曲三
程青竹,哥哥,程本直
全金发,性别,男
文泰来,岳父,骆元通
渡厄,师弟,渡劫
刘乘风,登场作品,《连城诀》
岳不群,弟子,梁发
洪凌波,同门,杨过
周伯通,别名,中顽童
吴六奇,所处时代,明朝
袁承志,居住地,西岳华山
杨莲亭,别名,莲弟、杨总管
一灯大师,身份,高僧一灯大师
天山童姥,师弟/恋人,无崖子
周芷若,身份,峨嵋派第四代掌门
程灵素,主要成就,参与抢夺马春花&天下掌门人大会
李秋水,登场作品,《天龙八部》
常遇春,主要成就,上都之战
天山童姥,传人,虚竹
欧阳锋,别名,锋兄
李莫愁,祖师,林朝英
冷谦,本名,冷谦
朱子柳,登场作品,《神雕侠侣》
冷谦,民族族群,汉族
左冷禅,身份,嵩山派掌门人
陶红英,身份,清宫宫女
陈家洛,中文名,陈家洛
海大富,上司,顺治皇帝
段正严,主要作品,《琴谱》一卷
杨过,所创绝学,《黯然销魂掌》
梅念笙,出生地,湘江
武烈,中文名,武烈
丁春秋,毒药,三笑逍遥散
查良琇,出生日期,1925年
花铁干,身份,鹰爪铁枪门门主
梦姑,中文名,李清露
殷梨亭,师兄,张松溪
宝树,身份,译者
任盈盈,出嫁地点,孤山梅庄
袁承志,居住地,渤泥国无名岛
朱由检,字,德约
袁紫衣,登场作品,《飞狐外传》
周芷若,性别,女
阿九,徒弟,韦小宝
旭烈兀,出生地,漠北
史火龙,门派,丐帮
灵智上人,中文名,灵智上人
朱玫,出生日期,[2]
空见,徒弟,成昆
穆人清,徒孙,崔希敏
段正明,师父,枯荣大师
韦双双,别名,小小桂子
拓跋宏,民族族群,鲜卑族
范百龄,姓名,范百龄
赵志敬,徒弟,鹿清笃
全冠清,身份,丐帮九袋长老
胖头陀,性别,男
黄蓉,主要武功,九阴真经
查传侠,母亲,朱玫
万圭,身份,富家公子
梁子翁,敌人,江南七怪
一灯大师,家臣,渔樵耕读
朱由榔,别名,明昭宗
左子穆,徒弟,干光豪
拓跋宏,主要成就,攻克南阳
余鱼同,二哥,无尘道长
夏雪宜,恋人,温仪
梦姑,登场作品,《天龙八部》
郭靖,武功家数,《九阴真经》全部内容、降龙十八掌、空明拳、左右互搏
戚芳,同门,万圭（丈夫）
韩小莹,别名,越女剑
穆人清,徒弟,黄真
郭襄,别名,收起
蒙哥,别名,元桓肃帝
完颜萍,国籍,金国
穆念慈,儿子,杨过
公冶乾,结局,慕容复杀包不同后，与其决裂
常遇春,官职,中书平章军国重事
史红石,年龄,十二三岁左右
乔峰,中文名,萧峰
张阿生,别名,张五侠
段正严,年号,保天
陈家洛,丫鬟,晴画
梅芳姑,登场作品,《侠客行》
徐天宏,义父,周仲英
多尔衮,主要成就,率军入关、统一全国
虚竹,登场作品,《天龙八部》
林仲雄,性别,男
慕容复,主要成就,震慑36洞72岛
阿朱,母亲,阮星竹
张君宝,本名,张君宝
慕容复,父亲,慕容博
无尘道长,别名,追魂夺命剑
符敏仪,中文名,符敏仪
李西华,登场作品,《鹿鼎记》
岳老三,组织,四大恶人
瑛姑,职业,隐士
金蛇郎君,中文名,夏雪宜
范遥,教主,张无忌
陈友谅,在位,1360年-1363年
吕留良,本名,吕留良
朱聪,中文名,朱聪
段正明,中文名,段正明
耶律洪基,陵墓,庆陵
木桑道长,门派,铁剑门
徐天宏,九弟,卫春华
徐天宏,义母,周大奶奶
鳌拜,国籍,清朝
陆冠英,父亲,陆乘风
田伯光,别名,不可不戒
张翠山,义兄,谢逊
白振,别名,金爪铁钩
金花婆婆,登场作品,《倚天屠龙记》
方怡,师傅,柳大洪
凌退思,结局,抢夺梁武帝宝藏时，中毒而死
无根道人,别名,赤龙使
金花婆婆,教派,明教
空性,中文名,空性
向问天,别名,童化金
李沅芷,武功,芙蓉金针
胡一刀,至交,苗人凤
枯荣长老,小说职业,大理天龙寺僧人
灭绝师太,武功境界,江湖一流
金花婆婆,别名,金花婆婆
岳老三,门派,南海派
余鱼同,七哥,徐天宏
旭烈兀,逝世日期,1265年2月8日
劳德诺,师父,岳不群
蒋百里,中文名,蒋百里
陆菲青,武功,「柔云剑法」
何足道,门派,昆仑派
李青萝,国籍,北宋
木婉清,母亲,秦红棉
耶律齐,妹妹,耶律燕
徐志摩,笔名,诗哲
黛绮丝,性别,女
觉远,登场作品,《倚天屠龙记》
周颠,名字由来,人以为颠
云中鹤,出生日期,1897年1月15日
朱九真,别名,雪岭双姝（与武青婴合称）
马行空,身份,飞马镖局总镖头
朱长龄,武功,一阳指
公孙绿萼,父亲,公孙止
王夫人,陵墓,阳陵
凌霜华,恋人,丁典
全冠清,身份,丐帮大智分舵的舵主→丐帮九袋长老
马行空,登场作品,《飞狐外传》
刘一舟,别名,刘师哥（方怡
游坦之,师父,阿紫
冯默风,师兄,陆乘风
刘乘风,中文名,刘乘风
天松道人,登场作品,笑傲江湖
拓跋宏,所处时代,南北朝
渡厄,师侄,空闻
洞玄,大师兄,水云道长
凌退思,毒药,金波旬花
冯默风,登场作品,《神雕侠侣》
李明,代表作品,《干得漂亮》《倚天屠龙记》《大宅门》《举起手来》《黄河绝恋》
李秋水,武功,白虹掌力
海兰弼,中文名,海兰弼
耶律燕,国籍,蒙古
木婉清,中文名,木婉清
归辛树,弟子,归钟
贝锦仪,中文名,贝锦仪
乔峰,年龄,三十三岁（享年）
石中玉,帮派,长乐帮
阿九,中文名,阿九
鲁有脚,登场作品,金庸小说《射雕英雄传》
鹿杖客,中文名,鹿杖客
万圭,中文名,万圭
金蛇郎君,登场作品,《碧血剑》
段誉,性别,男
洪七公,登场作品,《射雕英雄传》
徐志摩,职业,诗人
韦春花,儿子,韦小宝
韩小莹,登场作品,《射雕英雄传》
阿紫,主要成就,成为星宿派大师姊
贝锦仪,国籍,中国
潇湘子,兵器,纯钢哭丧棒
张翠山,儿子,张无忌
公孙绿萼,容貌,自有一股清灵之气。
李秋水,久居地,逍遥派
宋青书,内功,九阴真经
司空玄,门派,神农帮
朱九真,年龄,22岁（终年）
曲洋,知己,刘正风
岳不群,女儿,岳灵珊
岳老三,兵器,鳄尾鞭、鳄嘴剪
卫春华,登场作品,《书剑恩仇录》
朱子柳,民族,白族
曾柔,师父,司徒伯雷
郭芙,强项,应酬宾客
徐天宏,八弟,杨成协
任盈盈,主要成就,统领群豪绿竹巷邂逅令狐冲
秦红棉,暗器,连环毒箭
苏星河,师父,无崖子
完颜洪烈,年龄,1172年-1224年
天山童姥,久居地,灵鹫宫
易三娘,登场作品,《倚天屠龙记》
林乐怡,中文名,林乐怡
段延庆,性别,男
林乐怡,民族,汉族
金蛇郎君,别名,金蛇郎君
秦红棉,绰号,修罗刀
赵志敬,徒弟,杨过
曲傻姑,性别,女
鲁有脚,其他名称,鲁帮主
冯锡范,别名,一剑无血
常遇春,逝世日期,1369年
闵子叶,登场作品,《碧血剑》
耶律齐,别名,耶律公子
冯锡范,中文名,冯锡范
钟灵,姐妹,阿朱
蒙哥,民族族群,蒙古族
张无忌,武功,九阳神功，乾坤大挪移
乌老大,兵器,绿波香露刀
程英,别名,程姑娘
徐志摩,派系,新月派
任盈盈,别名,任大小姐盈儿展开别名盈盈圣姑姑姑婆婆
韩小莹,别名,七师父
王重阳,红颜,林朝英
文泰来,八弟,杨成协
曲三,武功,劈空掌
小龙女,久居地,绝情谷底
石双英,门派,无极拳→红花会
谢烟客,年龄,五十多岁
段正明,武功,段家剑法
潇湘子,结局,与尹克西互斗而死
洪七公,师祖,萧峰
范遥,擅长,剑法神奇
李莫愁,年龄,出场30岁
韦小宝,主要成就,断吴三桂反叛的三路援军 
蒋四根,兵刃,水性好==原著出场描写==忽地一人纵上前来
谢逊,门派,明教
华筝,中文名,华筝
左子穆,中文名,左子穆
慕容复,家臣,包不同
慕天颜,民族族群,汉族
何铁手,性别,女
林平之,登场作品,《笑傲江湖》
朱子柳,后代,朱长龄 朱九真
冯锡范,门派,昆仑派
贝海石,别名,着手回春
胡一刀,主要成就,武艺高强
史火龙,身份,丐帮帮主
郭芙,主要成就,凝聚少辈志士
枯荣长老,小说武功,少商剑
陆天抒,武器,鬼头刀
殷梨亭,逝世日期,1403年
向问天,性别,男
刘一舟,别名,沐剑屏称呼）
察罕特穆尔,朝代,元朝
白自在,登场作品,《侠客行》
朱丹臣,性格,足智多谋
商宝震,情敌,徐铮
张阿生,所属组织,江南七怪
多隆,民族,满族
公孙绿萼,民族,汉族
侍剑,中文名,侍剑
程英,心上人,杨过
长平公主,同母姐妹,坤仪公主
赵敏,喜好,生性好武
郭芙,祖辈,黄药师
张无忌,性别,男
阿朱,居所,姑苏听香水榭
余鱼同,出生地,浙江
殷梨亭,师侄,谷虚子
刚相,门派,西域金刚门
温仪,身高,172㎝
徐志摩,前妻,张幼仪
老不死,父亲,老头子
石双英,三哥,赵半山
吴六奇,主要成就,组织团练，保土安民
万圭,出场回数,7回
郭靖,传承兵法,《武穆遗书》
冯锡范,徒弟,郑克塽
杨过,久居地,桃花岛
无嗔大师,性别,男
孙婆婆,登场作品,《神雕侠侣》
欧阳锋,别名,西毒
黄真,中文名,黄真
乔峰,国籍,辽
阎基,畏惧之人,苗人凤、田归农
张召重,敌人,红花会群雄
郭啸天,侄孙,杨过
金庸,代表作品,展开
石双英,总舵主,于万亭
杨成协,四嫂,骆冰
郭襄,别名,郭祖师
耶律洪基,主要作品,《清宁集》
范文程,官职,议政大臣
努尔哈赤,出生日期,1559年
金花婆婆,中文名,黛绮丝
林仲雄,养父,林远图
丁不四,武功,丁家擒拿手
梅超风,别名,铁尸
张召重,主子,乾隆
完颜洪熙,民族,女真
余鱼同,别名,金笛秀才
耶律重元,出生日期,1021年
蒋四根,兵刃,双手桨头向左横击
鹿清笃,小说门派,全真教
程瑶迦,性别,女
乔三槐,性别,男
兆惠,爵位,一等武毅伯
李沅芷,职业,侠客
段智兴,法号,一灯大师
佟国纲,去世时间,公元1690年
蒋英,母亲,蒋佐梅
张无忌,武器,屠龙刀
萧远山,登场作品,《天龙八部》
朱由检,庙号,毅宗
仪琳,父母,哑婆婆
任我行,身份,日月神教教主
包不同,口头禅,非也，非也
朱元璋,主要成就,建立明朝
杨不悔,父亲,杨逍
何沅君,别名,沅君
曲灵风,女儿,曲傻姑
关明梅,徒弟,霍青桐
徐达,官职,太子少傅等
梅芳姑,别名,芳姑
胡青牛,性别,男
殷梨亭,岳母,纪晓芙
霍都,绝技,狂风迅雷功
哑婆婆,掌门人,令狐冲
玄难,职位,达摩院首座
包惜弱,登场作品,《射雕英雄传》
杨不悔,朝代,元朝
赵敏,曾用兵器,倚天剑
南希仁,武功,南山刀法
静玄师太,民族,汉族
胖头陀,登场作品,《鹿鼎记》
慕天颜,主要作品,《抚吴封事》
殷天正,中文名,殷天正
赵敏,代表之花,玫瑰
刚相,性别,男
郭啸天,侄媳兼义侄女,穆念慈
田归农,身份,天龙门北宗掌门
杨康,别名,小王爷
郭靖,武功家数,空明拳
梅念笙,登场作品,《连城诀》
冯默风,师妹,黄蓉
胡斐,父亲,胡一刀
朱由检,本名,朱由检
朱由检,别名,明思宗
张阿生,特长,拳法
张阿生,别名,笑弥陀
阿九,心上人,袁承志
耶律齐,武功,打狗棒法
王重阳,主要成就,创立全真教在华山论剑夺得天下第一重创西毒
郭靖,先祖,郭盛
武三通,义女,何沅君
莫大,别名,潇湘夜雨
张无忌,门派,明教
关明梅,中文名,关明梅
朱丹臣,擅长,书画
云中鹤,民族,汉族
王难姑,出场时间,小说第十二章针其膏兮药其膏
萧峰,职位,大辽南院大王（楚王）
石双英,二哥,无尘道长
钟万仇,别名,见人就杀
陈友谅,出生地,湖北沔阳（今仙桃市）
点苍渔隐,登场作品,《射雕英雄传》
文泰来,七弟,徐天宏
韦双双,性别,女
范遥,鄙视的人,所谓名门正派的伪君子
郭芙,祖辈,郭啸天
尼摩星,退场原因,袭击郭芙郭襄不成
天鸣方丈,别名,老方丈
公冶乾,别名,公冶老二、江南第二
程灵素,爱好,药王神篇
公孙绿萼,别名,绿萼
木岛主,性别,男
李彧,身高,160 cm
完颜洪熙,中文名,完颜洪熙
陈圆圆,本名,邢沅
胡斐,别名,雪山飞狐，程灵胡（化名）
南希仁,武功,南山拳法
段智兴,身份,大理宣宗皇帝
胡一刀,民族,汉族
杜百当,登场作品,《倚天屠龙记》
陈孤雁,门派,丐帮
戚芳,公公,“五云手”万震山
裘千尺,民族,汉族
阿朱,曾受重伤,降龙十八掌掌伤
平阿四,恩人,胡一刀
黄药师,齐名者,洪七公
拓跋宏,主要成就,大兴儒学
灵智上人,武功,毒砂掌
程英,师兄,陆乘风
多隆,性别,男
赵敏,经典场面,天地同寿
劳德诺,性别,男
徐达,爵位,中山王（赠）
木桑道长,好友,穆人清、袁承志
欧阳锋,儿子,欧阳克
任盈盈,代表作品,《清心普善咒》
段正严,主要成就,维持同宋朝的友好关系
黄药师,名号,“天下五绝”之“东邪”
陈圆圆,字号,畹芳
王夫人,谥号,孝景皇后
陈家洛,别名,陈当家
俞岱岩,别名,俞三侠
达尔巴,国籍,蒙古帝国
冯默风,门派,桃花岛
多隆,别名,多大哥（韦小宝专用）
刀白凤,情敌,阮星竹
金轮法王,民族,藏族
巴天石,主上,段正明
范遥,别名,范右使
马夫人,丈夫,马大元
石双英,总舵主,陈家洛
耶律洪基,别名,耶律查剌
旭烈兀,信仰,佛教
仪和,师妹,仪清
周芷若,年龄,18~19岁
鳌拜,主要成就,征朝鲜
乔峰,登场作品,《天龙八部》
李泰,职业,演员
渡难,门派,少林寺
包惜弱,中文名,包惜弱
旭烈兀,别名,吁里兀
拓跋宏,主要成就,汉化改革
苗若兰,年龄,16
苏星河,师弟,丁春秋
乔峰,职位,大辽南院大王（楚王）
殷天正,民族,汉族
陆菲青,小说地位,中第一个出场的男性人物
卫春华,中文名,卫春华
武修文,母亲,武三娘
刘一舟,性别,男
朱元璋,庙号,太祖[16]
公孙绿萼,居住地,绝情谷
达尔巴,信仰,佛教
戚芳,女儿,空心菜
郭靖,师父,洪七公
段正明,主要成就,与四大恶人之首的“恶贯满盈”段延庆切磋一阳指
闵子华,大师兄,水云道长
何沅君,别名,阿沅、沅君
赵敏,经典场面,绿柳山庄
天竺僧,性别,男
秃笔翁,教主,东方不败
耶律燕,中文名,耶律燕
谭婆,登场作品,《天龙八部》
陆菲青,中文名,陸菲青
赵志敬,师弟,尹志平
徐达,本名,[1]
李秋水,儿子,李谅祚
梁子翁,武功,辽东野狐拳
茅十八,登场作品,《鹿鼎记》
岳灵珊,年龄,出场18岁，死时20岁
朱由检,出生日期,1611年2月6日(万历三十八年十二月二十四日)
彭莹玉,性别,男
香香公主,心上人,陈家洛
何铁手,别名,何惕守
努尔哈赤,别名,弩尔哈齐
朱由检,所处时代,明朝
武三娘,登场作品,神雕侠侣
任盈盈,别名,姑姑
樊一翁,登场作品,《神雕侠侣》
殷野王,父亲,殷天正
李明,民族,汉族
上官虹,中文名,上官虹
柯镇恶,别名,柯大侠
苗人凤,别名,金面佛
秃笔翁,别名,江南四友
萧远山,民族,契丹族
李泰,身高,183 cm
封万里,性别,男
天门道人,师弟,天松
华赫艮,别名,华司徒
石清,别名,石庄主
杨成协,总舵主,陈家洛
郭啸天,信仰,侠义道
乔峰,参与战役,聚贤庄之战
何铁手,武功,华山派正邪两大派的武功
全金发,中文名,全金发
萧峰,师父,玄苦
徐天宏,门派,红花会
石双英,四嫂,骆冰
鸠摩智,别名,大轮明王
闵柔,民族,汉族
莫大,性别,男
逍遥子,出生日期,1972年1月11日
耶律燕,嫂子,郭芙
水笙,职业,女侠
金庸,代表作品,收起
杨铁心,妻子,包惜弱
郭靖,出生地,蒙古大漠
王难姑,著作,《王难姑毒经》
和珅,号,嘉乐堂
洪凌波,国籍,大宋
沐剑屏,祖籍,安徽凤阳府
掌钵龙头,帮主,史火龙
商老太,丈夫,商剑鸣
南希仁,别名,南山樵子
木桑道长,爱好,围棋
华赫艮,中文名,华赫艮
邓百川,中文名,邓百川
闵子华,师弟,洞玄
朱九真,性别,女
长平公主,丈夫,周显
虚竹,别名,梦郎宫主大人
霍青桐,登场作品,《书剑恩仇录》
石破天,性别,男
云中鹤,职位,北京大学教授
段正明,别名,保定帝
程瑶迦,中文名,程瑶迦
完颜萍,民族,女真
何铁手,擅长,使毒
殷离,身材,苗条纤细
小昭,性别,女
周伯通,师兄,王重阳
王难姑,夫妻关系,又斗气，又恩爱
石万嗔,师兄,毒手药王
黄药师,登场作品,《射雕英雄传》及衍生作品
陈孤雁,其他名称,长臂叟
蒙哥,在位时间,1251年7月1日—1259年8月11日
武修文,师母,黄蓉
长平公主,父亲,朱由检（明思宗）
简长老,所属,丐帮
孙仲君,同门,崔希敏
海兰弼,身份,辽东黑龙门掌门人
焦公礼,出场回数,3回
劳德诺,中文名,劳德诺
李沅芷,父亲,李可秀
吕留良,出生地,浙江崇德县（今属浙江桐乡）
史火龙,朝代,元朝
尹克西,武器,金龙鞭
掌钵龙头,登场作品,《倚天屠龙记》
金庸,职业,作家
金庸,主要成就,展开
萧峰,登场作品,《天龙八部》
胡一刀,妻子,胡夫人
金蛇郎君,武器,金蛇剑
天门道人,所处时代,明朝
梅芳姑,父母,丁不四
宁中则,剑法,玉女十三剑、无双无对宁氏一剑
李沅芷,国籍,清朝
萧远山,武功,般若掌
冯默风,性别,男
曲非烟,中文名,曲非烟
陆乘风,门派,桃花岛
孙婆婆,性别,女
枭道人,生日,未知
石清,妻子,闵柔
文泰来,门派,红花会
陆无双,登场作品,《神雕侠侣》
洪凌波,葬身之地,绝情谷情花丛
陈家洛,登场作品,《飞狐外传》
无崖子,武功绝学,「小无相功」等
蒋百里,出生地,浙江海宁
杨成协,人物出处,《书剑恩仇录》
郭襄,登场作品,《倚天屠龙记》
段誉,后代,段智兴（南帝）
郭啸天,敌人,完颜洪烈
钱永刚,性别,男
杨溢之,身份,金顶门弟子、平西王总兵
曲三,武功,劈空掌、铁八卦
李莫愁,久居地,赤霞山庄
白振,门派,嵩阳派
陈玄风,配偶,梅超风
查传倜,祖籍,浙江海宁袁花镇
史小翠,门派,金乌派
掌钵龙头,民族,汉族
灵智上人,性别,男
洪七公,别名,九指神丐
左子穆,师妹,辛双清
程灵素,爱好,各种草药
段誉,别名,段和誉
穆里玛,中文名,瓜尔佳.穆里玛
拖雷,庙号,元睿宗（追尊）
谭公,相关庙宇,筲箕湾谭公庙，澳门路环谭公庙
灭绝师太,绝技,峨嵋剑法
李秋水,中文名,李秋水
木高峰,性别,男
蒋四根,总舵主,陈家洛
霍青桐,性别,女
唐文亮,民族,汉族
风清扬,中文名,风清扬
傅思归,朝代,大理
欧阳锋,齐名者,洪七公
和珅,官职,总管内务府大臣等
宋青书,别名,玉面孟尝
无尘道长,七弟,徐天宏
耶律楚材,官职,中书令
张君宝,主要成就,[10]
慕容博,民族,鲜卑
玉真子,登场作品,《碧血剑》
吴立身,救命恩人,韦小宝
阿朱,殉身之处,小镜湖青石桥
万圭,出场目次,11
韩宝驹,武功,金龙鞭法
武修文,朝代,南宋
多尔衮,出生日期,万历四十年十月二十五日（1612年11月17日）
张无忌,身份,明教第三十四代教主
田青文,中文名,田青文
郭啸天,武功,啸转天地
木岛主,中文名,木岛主
方怡,性别,女
渡难,师兄,渡厄、渡劫
韦小宝,身份,清抚远大将军，天地会青木堂香主，神龙教白龙使
徐天川,别名,八臂猿猴、徐大哥
闵子华,掌门人,水云道长
温仪,结局,死于四叔温方施飞刀下
柯镇恶,兄长,柯辟邪
唐文亮,所处时期,元朝
段延庆,登场作品,《天龙八部》
戚芳,同门,鲁坤
阿紫,门派,星宿派
无根道人,门派,神龙教
阿青,其他名称,赵处女
任盈盈,门派,日月神教
武三通,武器,铁耙
杨成协,民族,清朝
温青青,配偶,袁承志
宁中则,剑法,无双无对宁氏一剑
公孙绿萼,语种,汉语
朱元璋,主要成就,推翻元朝统治休养生息
鹤笔翁,武功,鹤笔法
朱由检,别名,崇祯帝
说不得,教主,张无忌
赵志敬,师伯,马钰、丘处机、郝大通、孙不二、刘处玄、谭处端
神照上人,特点,力大无穷
戚芳,丈夫,万圭
陆大有,性别,男
天门道人,师弟,天松、天乙
商老太,中文名,商老太
上官虹,师兄,史仲俊
焦公礼,出场目次,8
骆冰,别名,鸳鸯刀
商宝震,心上人,马春花
徐志摩,职位,北京大学教授
兆惠,主要成就,统一新疆
慕容复,登场作品,《天龙八部》
杨成协,中文名,杨成协
张翠山,别名,张五侠
归二娘,登场作品,《碧血剑》
张无忌,主要成就,化解正邪两道积怨
孙不二,民族族群,汉人
梁自进,掌门人,白自在
蒙哥,逝世日期,1259年8月11日
范文程,字号,号辉岳
徐天宏,五哥,常赫志
梅念笙,主要成就,练成“连城剑法”
于人豪,年龄,24岁左右
石清,别名,石清子
杨莲亭,登场作品,《笑傲江湖》
于万亭,中文名,于万亭
马行空,性别,男
耶律重元,结局,起兵失败自杀
上官云,登场作品,《笑傲江湖》
乔峰,三伯,段正淳
郭靖,徒弟,武修文
空见,登场作品,《倚天屠龙记》
丁不四,中文名,丁不四
耶律楚材,字号,字晋卿
令狐冲,登场作品,《笑傲江湖》
朱长龄,中文名,朱长龄
萧远山,身份,[1]
枭道人,年龄,未知
杨逍,别名,杨左使
海兰弼,门派,辽东黑龙门
殷离,朝代,元朝
范文程,所处时代,清朝
风清扬,师侄,岳不群
于万亭,性别,男
王元霸,性别,男
周芷若,内功,峨嵋九阳功
空见,师兄弟,空性
谢逊,武器,双头狼牙棒
宝树,中文名,李俊
石破天,登场作品,侠客行
郭靖,义侄,杨过、忽必烈
长平公主,出生日期,1629年
聂卫平,代表作品,《聂卫平自战百局》
蒙哥,谥号,元桓肃皇帝（追尊）
云中鹤,逝世日期,1931年11月19日
方怡,登场作品,鹿鼎记
阎基,劲敌,商老太、胡斐
韩小莹,别名,七妹
赵敏,别名,敏敏特穆尔
黄蓉,武器,打狗棒
空见,性别,男
乌老大,登场作品,《天龙八部》
赵敏,别名,明明特穆尔
陈近南,谥号,文正
王进宝,去世时间,1685年
吕留良,出生日期,1629年
任盈盈,别名,别名
李彧,职业,演员
陆菲青,登场作品,《书剑恩仇录》
曲洋,暗器,黑血神针
曲洋,中文名,曲洋
张无忌,中文名,张无忌
渡难,外貌特征,黑脸
吴立身,中文名,吴立身
杨逍,已知武功,乾坤大挪移
血刀老祖,其他名称,血刀僧
上官虹,女儿,李文秀
鹿清笃,中文名,鹿清笃
穆旦,出生日期,1918年4月5日
武三通,子,武修文
阳顶天,中文名,阳顶天
吕通,兄弟,吕威
裘千丈,妹妹,裘千尺
俞岱岩,主要成就,短期持有屠龙刀
林乐怡,丈夫,金庸
朱长龄,人物出处,《倚天屠龙记》
袁承志,弟子,何惕守（原名何铁手）
张无忌,登场作品,倚天屠龙记（二至四卷
陆立鼎,登场作品,金庸经典武侠小说《神雕侠侣》
林朝英,身份,古墓派创始祖师
武青婴,朝代,元朝
多尔衮,别名,皇叔父摄政王
沐剑声,相貌,身材高瘦
温青青,别名,温青
白万剑,中文名,白万剑
渡难,师侄,空智
向问天,中文名,向问天
柯镇恶,徒孙,武敦儒
史火龙,性别,男
华筝,别名,华筝公主
南海鳄神,师父,段誉
马行空,武功,百胜神拳
任我行,属下,上官云
林平之,门派,华山派
花万紫,师兄,封万里、白万剑
令狐冲,身份,华山派大师兄→恒山派掌门人
石中玉,登场作品,《侠客行》
鲁有脚,成就,丐帮帮主，与欧阳锋对了一招，协助郭靖夫妇镇守襄阳
何铁手,中文名,何铁手
一灯大师,主要成就,“天下五绝”之一、渡化裘千仞
丁典,性别,男
李秋水,绝技,白虹掌力
李彧,父亲,李保田（演员）
天山童姥,门派,逍遥派
杨成协,兵器,钢鞭
拓跋宏,主要成就,分明姓族
阿朱,中文名,段朱
神山上人,师兄,徐冲霄
杨成协,门派,红花会
上官虹,民族,汉
杨过,中文名,杨过
焦木和尚,中文名,焦木和尚
玄寂,性别,男
水岱,性别,男
莫声谷,师侄,张无忌
多尔衮,谥号,懋德修道广业定功安民立政诚敬义皇帝（顺治七年追谥
令狐冲,青梅竹马,岳灵珊
殷天正,职业,天鹰教教主
封万里,门派,雪山派
陆乘风,其他名称,五湖废人
李秋水,师父,逍遥子
钟灵,登场作品,《天龙八部》
一灯大师,久居地,大理皇宫、桃源
李泰,代表作品,倚天屠龙记
杨过,民族,汉族
慕天颜,所处时代,明末清初
任盈盈,代表作品,琴曲《有所思》
彭连虎,别名,千手人屠
阿碧,性格,温婉动人
洞玄,掌门人,水云道长
灭绝师太,朝代,元朝
余鱼同,六哥,常伯志
萧峰,主要成就,胁迫耶律洪基换来边疆和平
梅念笙,徒弟,万震山、言达平、戚长发
樊一翁,中文名,樊一翁
完颜洪烈,王号,赵王
查传讷,父亲,金庸
程灵素,门派,药王庄
洪凌波,同门,陆无双
钱永刚,职业,教授
丁敏君,师父,灭绝师太
郭靖,武功家数,《九阴真经》全部内容
温方山,登场作品,《碧血剑》
天鸣方丈,性别,男
仪琳,别名,师父
朱由检,陵墓,思陵
达尔巴,性别,男
乔三槐,义子,乔峰（萧峰）
蒋百里,民族,汉族
何铁手,武功,五毒教
杨成协,总舵主,于万亭
邓炳春,领导,苏荃
郭襄,信物,玄铁重剑
司空玄,登场作品,天龙八部
刘正风,徒弟,米为义
戚芳,同门,孙均
任我行,女婿,令狐冲
殷梨亭,民族,汉
瘦头陀,登场作品,《鹿鼎记》
杨成协,身份,红花会八当家
崔百泉,中文名,崔百泉
赵志敬,仇人,尹志平
朱长龄,兵器,判官笔
石中玉,母亲,闵柔
南海鳄神,其他名称,凶神恶煞
刘乘风,性别,男
黄蓉,门派,丐帮
樊一翁,性别,男
石双英,六哥,常伯志
冯锡范,登场作品,《鹿鼎记》
华赫艮,别名,阿根
段延庆,别名,延庆太子
焦公礼,逝世日期,1643年
段智兴,别名,段皇爷
李彧,代表作品,钦差大臣
罗立如,门派,金龙帮
绿竹翁,登场作品,《笑傲江湖》
刘一舟,人物性格,胆小卑鄙
袁士霄,性别,男
张翠山,结局,自刎于武当山
李莫愁,久居地,终南山活死人墓
玄寂,称号,八大神僧之一
向问天,别名,天王老子
茅十八,国籍,中国
和珅,主要作品,《嘉乐堂诗集》
劳德诺,登场作品,《笑傲江湖》
范遥,义兄,杨逍
李泰,代表作品,秦时丽人明月心
杨莲亭,别名,莲弟
完颜洪烈,养子,完颜康
段智兴,身份,高僧一灯大师
武三通,身份,一灯大师弟子，渔樵耕读之耕
赵敏,别名,赵明（连载版小说姓名）
张阿生,特长,刀法
殷天正,职业,明教四大护教法王之一
袁紫衣,武功,六合拳
黄真,年龄,五十余岁
钱永刚,妹妹,钱永真
阿紫,哥哥,段誉（段延庆与刀白凤之子）
欧阳锋,名号,“天下五绝”之“西毒”
阎基,劲敌,商老太
渡难,师兄,渡劫
冯蘅,主要成就,默写九阴真经
耶律洪基,年号,寿昌（1095年）
吴六奇,本名,吴六奇
小龙女,师侄,陆无双
兆惠,军职,正黄旗副都统
说不得,第一次登场,第18章 倚天长剑飞寒铓
王进宝,主要成就,平定三藩之乱
段智兴,登场作品,《神雕侠侣》
胡斐,登场作品,《雪山飞狐》《飞狐外传》
李青萝,恋人,段正淳
黄蓉,出生地,东海桃花岛（浙江舟山）
蒋英,出生日期,1919年（己未年）9月7日（农历闰七月十四）
欧阳锋,主要成就,逆练九阴
无尘道长,门派,红花会
郭芙,宝物,双雕
贝锦仪,师姐,苏梦清
何红药,侄女,何铁手
水笙,恋人,狄云
汤沛,结局,死于袁紫衣之手
石破天,居處,豫西盧氏縣東熊耳山「枯草嶺」
左子穆,徒弟,龚光杰 ，干光豪
和珅,别名,和珅
陈友谅,民族,汉族
陆无双,表姐,程英
忽必烈,别名,元世祖
觉远大师,中文名,觉远
公冶乾,结局,慕容复杀包不同后
卜沉,中文名,卜沉
赵钱孙,中文名,赵钱孙
刘正风,门派,南岳衡山派
凌霜华,愿望,与丁典同穴而眠
康广陵,师傅,苏星河
史小翠,儿子,白万剑
玄寂,登场作品,金庸小说《天龙八部》
李莫愁,别名,赤练仙子
方怡,师兄,刘一舟
耶律楚材,所处时代,蒙元
鹿杖客,武功,鹿杖法
林平之,武功,华山剑法、辟邪剑法、震天掌
一灯大师,弟子,慈恩（裘千仞）
段延庆,武功,段家剑法
段智兴,性别,男
张阿生,绝技,铁布衫
王语嫣,出场章回,《天龙八部》第12章之从此醉
查传诗,职业,总监
察罕特穆尔,民族,蒙古族
张三丰,民族族群,汉族
洪安通,中文名,洪安通
归辛树,中文名,归辛树
钱永刚,中文名,钱永刚
杜治芬,中文名,杜治芬
袁承志,出生年份,1623年
武修文,妻子,完颜萍
耶律洪基,出生地,剌河源
蒋四根,别名,铜头鳄鱼
曾柔,登场作品,《鹿鼎记》
鲁有脚,登场作品,《神雕侠侣》
宋远桥,性别,男
凌霜华,民族,汉族
郭襄,传人,灭绝师太
完颜萍,年龄,十六七岁
灭绝师太,籍贯,河南开封
张三丰,主要成就,[10]
柯镇恶,登场作品,《射雕英雄传》，《神雕侠侣》
九难,徒弟,阿珂
蒋四根,兵刃,叫道“我多户尝寒来斗斗你这老儿！”一柄铁桨当头猛打下来。兵器是铁桨
聂卫平,职业,围棋职业棋手
瑞栋,别名,瑞侍卫
胡青羊,嫂子,王难姑
多隆,职位,御前侍卫总管
秃笔翁,所属,梅州四友
静玄师太,兵器,剑
袁冠南,中文名,袁冠南
建宁公主,登场作品,《鹿鼎记》
木桑道长,好友,袁承志
郭靖,岳父,黄药师
胡一刀,出生地,雪山
孙不二,主要成就,全真七子之一
风波恶,绝技,吕洞宾咬狗大九式
枭道人,性别,男
木岛主,国籍,中国
小龙女,师姐,李莫愁
岳不群,弟子,令狐冲、陆大有、林平之、梁发、劳德诺、施戴子
渡厄,师弟,渡劫、渡难
殷离,年龄,十二三岁（初登场）
陈家洛,红颜,霍青桐
黛绮丝,登场作品,《倚天屠龙记》
莫声谷,结局,被陈友谅和宋青书所杀
蒙哥,别名,元宪宗
慕容复,家臣,邓百川
林平之,仇人,余沧海
梁自进,民族,汉
任盈盈,中文名,任盈盈
段誉,中文名,段誉
耶律洪基,逝世日期,1101年2月12日
老不死,登场作品,《笑傲江湖》
侍剑,登场作品,《侠客行》
李莫愁,所习武功,古墓派武功
张翠山,登场作品,《倚天屠龙记》
公孙绿萼,母亲,裘千尺
丁春秋,国籍,中国
纪晓芙,丈夫,杨逍
于万亭,身份,第一任红花会总舵主
丁春秋,别名,丁老怪
多隆,登场作品,《鹿鼎记》
朱由榔,民族族群,汉族
仪和,掌门人,定闲师太
田伯光,中文名,田伯光
耶律齐,民族,契丹族
穆旦,祖籍,浙江省海宁市袁花镇
仪琳,门派,恒山派
殷野王,门派,天鹰教
殷素素,朝代,元朝
包不同,结拜兄弟,邓百川、公冶乾、风波恶
天松道人,中文名,天松道人
阳夫人,朝代,元朝
拖雷,所处时代,大蒙古国
杨成协,绝技,铁布衫
胖头陀,登场作品,《小宝与康熙》
多尔衮,民族族群,满族
范遥,主要成就,忍辱负重
言达平,师父,梅念笙
说不得,身份,明教五散人之一
凌退思,人物性格,为人残忍无情
马光佐,中文名,马光佐
韩宝驹,终结者,杨康
瑛姑,丈夫,周伯通
茅十八,职业,江洋大盗
段延庆,中文名,段延庆
徐达,爵位,信国公
石双英,总舵主,于万亭→陈家洛
博尔术,性别,男
兆惠,主要成就,平定大小和卓
符敏仪,门派,灵鹫宫
黄药师,主要成就,解襄阳之围
乔峰,别名,乔帮主
何足道,弟子,白鹿子
鹿杖客,主子,王保保
吴道通,性别,男
包不同,性格特点,为人豪爽，直言不讳
灭绝师太,民族,汉族
黄真,身份,华山派大弟子
归钟,登场作品,《鹿鼎记》
余鱼同,法号,空色
吕七,兵器,烟袋
袁紫衣,武功,六合拳、八卦掌、鹰爪功、八仙剑
劳德诺,师母,宁中则
南希仁,所属组织,江南七怪
欧阳锋,兵器,鬼头灵蛇杖
闵子华,性别,男
殷素素,中文名,殷素素
绿竹翁,别名,老篾匠
风际中,派别,天地会青木堂
薛慕华,门派,逍遥派
赵钱孙,结局,被萧远山所杀
史红石,第一次登场,第33章　箫长琴短衣流黄
云中鹤,派系,新月派
点苍渔隐,其他名称,泗水渔隐（旧版）
范文程,主要成就,完善清朝制度
任盈盈,别名,盈盈
武敦儒,父亲,武三通
花铁干,武功,中平枪法
林远图,中文名,林远图
瑛姑,职业,大理贵妃
努尔哈赤,所处时代,明末（后金）
王夫人,主要成就,辅助儿子刘彻登上太子位、劝诫儿子
徐天川,别名,徐大哥
陈家洛,丫鬟,雨诗
欧阳锋,主要成就,天下第一
胡夫人,丈夫,胡一刀
华赫艮,武器,铁铲
范文程,民族族群,汉族
王进宝,官职,奋威将军、陕西提督
王难姑,招数,耍花枪
福康安,主要成就,平定大小金川
双儿,别名,双儿小宝贝
石中玉,别名,玉哥
李沅芷,中文名,李沅芷
徐志摩,主要成就,新月派代表诗人成立新月社
赵敏,登场回目,第二十三回
陆展元,旧情人,李莫愁
林平之,外公,王元霸[1]
徐达,本名,徐达
赵志敬,师叔,马钰、丘处机、郝大通、孙不二、刘处玄、谭处端
刘正风,别名,刘三
灵智上人,登场作品,《神雕侠侣》
王夫人,去世时间,公元前126年
胡青牛,别名,见死不救
旭烈兀,民族族群,蒙古族
一灯大师,祖父,大理宪宗段誉
忽必烈,陵寝,起辇谷
程英,职业,侠女
左子穆,登场作品,《天龙八部》
袁紫衣,其他名称,圆性
贝锦仪,别名,贝师妹
程英,师姐,黄蓉
朱元璋,主要成就,开创洪武之治
福康安,官职,武英殿大学士、军机大臣
彭连虎,主要兵器,一对镔铁判官笔
忽必烈,出生日期,1215年9月23日
杨过,妻子,小龙女
金花婆婆,别名,紫衫龙王
郭襄,传人,周芷若
王重阳,信仰,道教
韦春花,别名,花姐
阮星竹,别名,阿星
文泰来,好友,袁紫衣的师父
努尔哈赤,本名,爱新觉罗·努尔哈赤
朱由检,主要成就,整顿吏治
韩千叶,性别,男
张无忌,登场作品,第11回到第40回登场）
尼摩星,中文名,尼摩星
李莫愁,武功境界,不亚于当年黑风双煞之铁尸梅超风
冷谦,主要作品,《修龄要旨》
萧峰,民族,契丹族
柯镇恶,别名,飞天蝙蝠、柯大侠
褚万里,主公,段正淳
何铁手,擅长,弄毒物毒虫
陈家洛,别名,陈大哥
段正明,主要成就,并与天龙寺众僧围攻鸠摩智
郭啸天,敌人,段天德
蓝凤凰,别名,蓝教主
吴之荣,性别,男
袁承志,师父,倪浩
宁中则,女儿,岳灵珊
瑛姑,居所,黑龙潭
段延庆,武功,腹语术
云中鹤,字,槱森
天鸣方丈,别名,天鸣禅师
宁中则,女婿,林平之
巴天石,结义兄弟,范骅
任盈盈,别名,展开
丁春秋,中文名,丁春秋
朱丹臣,国籍,大理国
张翠山,妻子,殷素素
澄观,主要成就,祖述师说
查良璇,中文名,查良璇
丁春秋,主要成就,自创化功大法
符敏仪,作者,金庸
焦木和尚,民族,汉
张康年,职业,侍卫长
欧阳锋,别名,欧阳先生
包不同,登场作品,《天龙八部》
欧阳锋,中文名,欧阳锋
郭破虏,母亲,黄蓉
蒙哥,出生地,漠北草原
人厨子,性别,男
洪七公,别名,北丐
仪和,登场作品,金庸小说武侠《笑傲江湖》
温仪,中文名,温仪
洪七公,师祖,汪剑通
彭莹玉,逝世日期,1353年
殷离,心上人,少年张无忌
李可秀,性别,男
察罕特穆尔,中文名,察罕特穆尔
陆二娘,丈夫,陆立鼎
纪晓芙,中文名,纪晓芙
焦宛儿,中文名,焦宛儿
苗若兰,别名,兰儿
苏星河,登场作品,《天龙八部》
水岱,别名,冷月剑
阿紫,姊妹,王语嫣
点苍渔隐,师弟,慈恩
陆天抒,别名,仁义陆大刀
曲洋,孙女,曲非烟
康广陵,知己,玄苦大师
程英,性别,女
赵敏,封号,绍敏郡主
赵志敬,中文名,赵志敬
博尔术,出生地,蒙古草原
温青青,职业,女侠
武三通,妻子,武三娘
九难,性别,女
王元霸,登场作品,《笑傲江湖》
归二娘,丈夫,归辛树
曹时中,职称,教授
公孙绿萼,生辰,二月初三
陈友谅,中文名,陈友谅
任盈盈,主要成就,身为日月神教圣姑
张阿生,徒弟,郭靖
冯默风,登场作品,《射雕英雄传》
傅思归,作者,金庸
王夫人,主要成就,辅助儿子刘彻登上太子位
金花婆婆,身份,波斯明教圣女
王进宝,爵位,一等子爵
温仪,登场作品,《碧血剑》
水岱,徒弟,汪啸风
范遥,特点,正邪兼修
丁春秋,民族,汉族
方怡,别名,方师姐
洪安通,夫人,苏荃
马夫人,别名,马夫人
冯蘅,别名,阿蘅
万震山,武功,唐诗剑法（连城剑法）
白自在,中文名,白自在
觉远大师,性别,男
殷梨亭,师侄,宋青书
玉真子,结局,死于金蛇之口
殷天正,武功,鹰爪擒拿手、天鹰剑法
云中鹤,代表作品,翡冷翠的一夜
金轮法王,武功,龙象般若功、无上瑜伽密乘
陆大有,终结者,劳德诺
邓炳春,门派,神龙教
鹤笔翁,武器,鹤嘴双笔
袁承志,师兄,黄真，归辛树
梅超风,别名,梅若华
李明,性别,男
苏星河,性别,男
聂卫平,荣誉称号,棋圣
石双英,人物出处,《书剑恩仇录》
耶律齐,国籍,南宋
骆冰,中文名,骆冰
俞岱岩,年龄,三十来岁（出场时）
周芷若,代表之花,秀若芝兰
苏菲亚,身份,韦小宝七个老婆之外的编外老婆
阿朱,亲属,阿紫 段誉 王语嫣 木婉清 钟灵
和珅,主要成就,位列紫光阁功臣
杨不悔,主要成就,金庸小说中年纪最小旅行家（蝴蝶谷-西域）
华筝,信仰,萨满教
丁不三,三宝,玄冰碧火酒
徐达,爵位,魏国公
赵志敬,性别,男
任盈盈,别名,圣姑
余鱼同,八哥,杨成协
褚万里,中文名,褚万里
蒋英,主要成就,1943年匈牙利各国女高音比赛第一中央音乐学院声乐系教研室主任中央音乐学院歌剧系副主任
武三通,身份,一灯大师弟子
陈玄风,性别,男
陆立鼎,女儿,陆无双
马光佐,效力于,忽必烈
何铁手,门派,五毒教
闵柔,别名,闵妹
王进宝,出生时间,1626年
蒋百里,逝世日期,1938年11月4日
吴长风,身份,丐帮六大长老之一
慕容复,别名,李延宗
穆人清,徒弟,归辛树
岳灵珊,年龄,出场18岁
钟万仇,国籍,中国
朱聪,绝技,盗术
韩小莹,徒弟,郭靖
摘星子,门派,星宿派
袁冠南,职业,侠客
天山童姥,身份,天山缥缈峰灵鹫宫主人
张无忌,武功,圣火令神功
长平公主,学生,吕四娘
裘千尺,出场目次,32回
木高峰,登场作品,《笑傲江湖》
鲁有脚,帮主,洪七公
达尔巴,主要成就,杀死霍都替师父报仇
耶律齐,岳母,黄蓉
福康安,封爵,贝子
点苍渔隐,师弟,樵子
刀白凤,中文名,刀白凤
韦小宝,门派,神龙教
岳老三,兵器,鳄嘴剪
阿青,情敌,西施
吴长风,帮主,乔峰
郭芙,家人,郭破虏
杨成协,四哥,文泰来
小昭,父母,黛绮丝
徐志摩,笔名,南湖
黛绮丝,身份,中土明教四大护教法王“紫白金青”之首
陈近南,字号,字复甫
瑞栋,性别,男
田伯光,轻功,正睬三叠云
任盈盈,年龄,登场十七
巴天石,别名,巴司空
查传倜,民族,汉族
风波恶,民族,鲜卑
鲜于通,民族,汉族
何太冲,师兄,玉虚道长
白万剑,师兄妹,封万里
文泰来,总舵主,于万亭→陈家洛
何足道,登场作品,《倚天屠龙记》
黄药师,外孙,郭襄
郭靖,主要成就,任职武林领袖驻守襄阳数十年
白万剑,父母,白自在
袁承志,岳母,温仪
金庸,代表作品,鹿鼎记
陈圆圆,职业,梨园女妓
慕天颜,出生地,甘肃静宁
岳灵珊,配偶,林平之
阿朱,别名,阮姑娘
扫地僧,性别,男
冯蘅,登场作品,《射雕英雄传》
灭绝师太,师父,风陵师太
凌退思,性别,男
郭靖,女婿,耶律齐
桑结,性别,男
忽必烈,主要成就,首创行省制度
狄云,别名,空心菜
袁冠南,出处,《鸳鸯刀》
福康安,主要成就,驱逐廓尔喀
金庸,代表作品,书剑恩仇录
韦双双,中文名,韦双双
完颜洪烈,别名,王爷
陈孤雁,身份,丐帮四大长老之一
李明,职业,演员
林平之,仇人,木高峰 
丁典,武功,神照功
彭连虎,身份,悍匪
余鱼同,信仰,红花教规
蒋四根,兵刃,铁桨从自己背后甩过欠设拜右肩
何铁手,门派,华山派
萧峰,参与战役,聚贤庄之战，少室山武林群雄大会
赵敏,登场作品,倚天屠龙记
周芷若,武功,峨嵋武功
建宁公主,丈夫,韦小宝
陆菲青,好友,赵半山，关明梅，周仲英，骆元通
鹿清笃,登场作品,《神雕侠侣》
冯默风,师姐,梅超风
青灵子,登场作品,《神雕侠侣》
贝海石,主要成就,逼迫司徒横让位
商宝震,情敌,福康安
王难姑,恩人,张无忌
程灵素,结局,为救胡斐
乌老大,武功,乌鸦刀
渡厄,师侄,空性
莫声谷,师侄,谷虚子
香香公主,性别,女
天山童姥,恋人,无崖子
关明梅,丈夫,陈正德
文泰来,十弟,章进
聂卫平,职业,教练
丁敏君,门派,峨眉派
耶律齐,身份,丐帮帮主
殷梨亭,师弟,莫声谷
点苍渔隐,师弟,朱子柳
黄真,师父,神剑仙猿穆人清
焦公礼,所处朝代,明朝
万圭,女儿,空心菜
拖雷,本名,孛儿只斤·拖雷
耶律齐,武功,空明拳等
云中鹤,笔名,南湖
班淑娴,登场作品,《倚天屠龙记》
蒙哥,所处时代,大蒙古国
阳夫人,配偶,阳顶天
莫声谷,师兄,张翠山
博尔术,出生日期,1162年
穆里玛,国籍,清朝
胡斐,爱慕者,程灵素
马光佐,武器,熟铜棍
黄蓉,主要武功,玉箫剑法等
云中鹤,代表作品,再别康桥
蒋百里,军衔,陆军上将（死后追赠）
长平公主,逝世日期,1646年
和珅,官职,领侍卫内大臣
佟国纲,主要成就,签订《尼布楚条约》
梅芳姑,身份,梅花拳掌门人
洪凌波,中文名,洪凌波
李莫愁,师侄,“西狂”杨过
钱均夫,民族,汉族
陈友谅,逝世日期,1363年
郭啸天,人物出处,《射雕英雄传》
殷离,年龄,十二三岁（初登场）、十八岁（成年后再次登场）
玄苦,结局,被萧远山偷袭
冯默风,师妹,程英
郭芙,生日,1228年
兆惠,官职,内阁学士
洪安通,武功,英雄三招等
令狐冲,爱好,喝酒，弹琴
朱元璋,主要成就,建立明朝，推翻元朝统治休养生息，开创洪武之治
公孙绿萼,生辰,戌时
侯通海,登场作品,《射雕英雄传》，《神雕侠侣》
段正严,出生地,大理
云中鹤,职业,诗人
穆念慈,义母,包惜弱
枯荣长老,小说国籍,大理国
赵钱孙,登场作品,金庸名著《天龙八部》
穆旦,逝世日期,1977年2月26日
南海鳄神,组织,四大恶人
夏雪宜,武器,金蛇剑
玄慈,情人,叶二娘
白万剑,性别,男
曲灵风,其他名称,曲三
吴之荣,中文名,吴之荣
阳顶天,别名,杨破天（连载版小说姓名）
无崖子,性别,男
常遇春,主要成就,攻破大都，上都之战
关安基,职业,天地会堂主
林平之,师父,岳不群
钱永刚,堂弟,钱永健
达尔巴,师弟,霍都
常遇春,封爵,鄂国公
林仲雄,中文名,林仲雄
石双英,五哥,常赫志
宝象,门派,西藏青教血刀门
阿朱,民族,大理汉族
段智兴,国籍,云南大理国
蒋四根,兵刃,特点力大，水性好
鲁有脚,成就,做丐帮长老
萧峰,仰慕者,阿紫
曲非烟,其他名称,非非
汤沛,性格,满口仁义道德
余鱼同,师叔,二师叔绵里针陆菲青，三师叔火手判官张召重
九难,别名,独臂神尼
孙不二,出生日期,1119年
白振,主子,乾隆皇帝
李泰,体重,70 kg
戚芳,年龄,18
李泰,语种,赣语
陈家洛,登场作品,《书剑恩仇录》
鳌拜,中文名,瓜尔佳·鳌拜
曲非烟,登场作品,《笑傲江湖》
鹤笔翁,武功,玄冥神掌
何铁手,擅长,下毒、使毒、弄毒物毒虫
任盈盈,初登场,洛阳绿竹巷
任盈盈,主要成就,教曲疗伤出席恒山掌门大会
孙不二,所处时代,宋末元初
吕留良,民族族群,汉族
李秋水,久居地,琅嬛福地
鳌拜,职业,辅政大臣
欧阳锋,齐名者,黄药师
掌钵龙头,帮主,史红石
和珅,出生日期,1750年7月1日
王元霸,国籍,中国
卫春华,六哥,常伯志
范遥,徒弟,赵敏
范文程,字号,字宪斗
司空玄,性别,男
孙婆婆,中文名,孙婆婆
玄苦,爱徒,乔峰
天门道人,师叔,玉玑子、玉凊子、玉音子
邓百川,民族,汉族
武三通,民族,白族
虚竹,中文名,虚竹
林仲雄,登场作品,《笑傲江湖》
段延庆,武功,一阳指
左冷禅,其他名称,左掌门
徐天宏,三哥,赵半山
徐志摩,字,槱森
武敦儒,妻子,耶律燕
玄慈,身份,少林寺方丈
沐剑屏,师兄,刘一舟
霍都,民族,蒙古族
石双英,八哥,杨成协
胡一刀,登场作品,金庸小说《雪山飞狐》
赵钱孙,心上人,谭婆
温方山,大哥,温方达
程灵素,主要成就,清理师门败类
霍都,师父,金轮法王
柯镇恶,兵器,铁杖、铁菱
史红石,父亲,史火龙
韦小宝,主要成就,受封一等鹿鼎公 钦赐巴图鲁勇号 赐穿黄马褂 
段正严,谥号,宣仁帝
余鱼同,国籍,中国
天山童姥,师傅,逍遥子
瑛姑,儿子,周念通
陆菲青,門派,武当派
曲三,性别,男
白自在,居所,大雪山「凌霄城」
慕容复,居住地,姑苏燕子坞参合庄
武敦儒,别名,大武
焦公礼,民族,汉族
程英,师兄,陈玄风
阮星竹,性别,女
岳不群,弟子,劳德诺
白自在,性别,男
孙不二,本名,孙富春
王难姑,终结者,紫衫龙王黛绮丝
阿九,年龄,三十来岁（鹿鼎记）
温方山,别名,温家五老
任盈盈,别名,桃萼仙
左子穆,年龄,五十余岁
封万里,师母,史小翠
阿青,性别,女
花铁干,武功,中平枪法、鹰爪功、岳家散手
徐志摩,妻子,陆小曼
杨铁心,武功,杨家枪法
黄药师,武器,玉箫
乔峰,别名,乔峰
莫大,登场作品,《笑傲江湖》
崔百泉,门派,伏牛派
谭公,所处时代,元朝
班淑娴,门派,昆仑派
朱聪,性别,男
华筝,身份,公主
虚竹,性别,男
王难姑,夫妻关系,又斗气
觉远大师,身份,少林寺藏经阁管理书籍的和尚
丁敏君,师妹,周芷若等
巴天石,主上,段誉
兆惠,军职,镶红旗护军统领
商宝震,登场作品,《飞狐外传》
杨铁心,先祖,杨继周
耶律洪基,年号,大安（1085年）
刀白凤,登场作品,《天龙八部》
封万里,别名,擎天一剑
云中鹤,出生地,浙江省海宁市
阳顶天,教派,明教
杨成协,二哥,无尘道长
乔峰,结义兄弟,耶律洪基
慕容复,主要成就,恶斗星宿派大胜
乔三槐,结局,被萧远山杀死
小昭,民族,汉人和波斯人混血
耶律齐,武功,降龙十八掌
陶子安,父亲,陶百岁
唐文亮,中文名,唐文亮
林远图,职业,福威镖局总镖头
丁不三,三宝,一身武功
聂卫平,主要成就,1988-90年新体育杯冠军1981年国手战冠军1999年新中国棋坛十大杰出人物
郭芙,师承,黄蓉
任盈盈,别名,盈盈圣姑姑姑婆婆
海大富,毒药,化尸粉
孟伯飞,性别,男
洪安通,性别,男
洪安通,武功,化骨绵掌
丁敏君,国籍,中国
渡难,武器,黑色长锁
徐禄,出生日期,1930年4月
曲三,武功,铁八卦
梁自进,师兄,成自学
苗人凤,中文名,苗人凤
兆惠,民族族群,满族
洪胜海,朝代,明朝
柯镇恶,性别,男
天松道人,性别,男
查传诗,配偶,赵国安
马行空,劲敌,阎基
阳夫人,中文名,阳夫人
戚芳,性别,女
花万紫,师兄,白万剑
杨铁心,义女,穆念慈
拖雷,监国时间,1227年8月25日—1229年9月13日
天山童姥,年龄,96
察罕特穆尔,性别,男
贝锦仪,兵器,长剑
柯镇恶,武功,降魔杖法
李青萝,母亲,李秋水
神照上人,别名,上人
黄药师,中文名,黄药师
李泰,代表作品,倚天屠龙记、如意、因为爱情有多美、把爱带回家、因为爱情有幸福、秦时丽人明月心
天鸣方丈,师侄,无色
萧峰,结义兄弟,耶律洪基、虚竹、段誉
徐达,出生日期,1332年
瘦头陀,中文名,瘦头陀
关安基,帮派,天地会青木堂
陆高轩,教主,洪安通
陆无双,师祖,林朝英
白世镜,帮主,乔峰
小玄子,性别,男
马光佐,登场作品,《神雕侠侣》
韦春花,登场作品,《鹿鼎记》
郭靖,师父,江南七怪
达尔巴,徒弟,藏边五丑
林朝英,后代传人,黄衫女子
赵良栋,谥号,襄忠
周芷若,代表之花,晓露水仙
韦小宝,主要成就,助沙俄索菲亚公主夺位 雅克萨之捷
茅十八,民族,汉族
天鸣方丈,师侄,觉远
陆菲青,好友,赵半山
徐天宏,四哥,文泰来
鸠摩智,称号,金庸小说书迷称为“天龙四神”中的“火神”
赵敏,曾用兵器,圣火令
点苍渔隐,师父,一灯大师
王元霸,别名,金刀无敌
徐禄,参加革命时间,1951年1月
朱长龄,性别,男
金庸,职业,社会活动家
班淑娴,师父,白鹿子
郭襄,登场作品,《神雕侠侣》
郭啸天,义弟,杨铁心
胖头陀,外形,又瘦又高
李泰,语种,普通话
范百龄,作者,金庸
汤沛,性别,男
小龙女,性别,女
左子穆,身份,无量派东宗掌门人
乔峰,师父,汪剑通
段正严,主要作品,《玉荷诗笺》四卷
殷野王,妹妹,殷素素
刀白凤,情敌,李青萝
史红石,性别,女
郭襄,武功,桃花岛武功等
觉远大师,门派,少林寺
李莫愁,师妹,小龙女
小昭,登场作品,《倚天屠龙记》
拖雷,主要成就,大蒙古国开国元勋
丁敏君,师妹,纪晓芙
苏荃,前夫,洪安通
朱由检,性别,男
天鸣方丈,师侄,无相
骆冰,身份,反清帮会红花会的十一当家
白世镜,帮主,汪剑通
闵子华,门派,仙都派
宗维侠,民族,汉族
蒋四根,兵刃,出手迅捷。
郭襄,姐弟,郭芙
归辛树,门派,华山派
耶律洪基,庙号,道宗
鹿杖客,武功,玄冥神掌
耶律齐,国籍,蒙古
佟国纲,官职,安北将军
香香公主,其他名称,喀丝丽
常遇春,主要成就,攻破大都
南海鳄神,居所,南海
何沅君,中文名,何沅君
余鱼同,五哥,常赫志
莫声谷,使用武器,剑
逍遥子,性别,男
多尔衮,旗籍,正白旗
周芷若,师父,灭绝师太
李莫愁,武器,拂尘
哑婆婆,女儿,仪琳
柯镇恶,武功,伏魔杖法、降魔杖法
南海鳄神,中文名,南海鳄神
段正淳,中文名,段正淳
杨康,登场作品,《射雕英雄传》
蓝凤凰,性别,女
冷谦,出生地,武林（今浙江杭州）
樊一翁,最要成就,西山一窟鬼之首
游坦之,门派,星宿派
潇湘子,职业,忽必烈帐下高手
马行空,徒弟,徐铮
李可秀,中文名,李可秀
殷素素,性别,女
韩宝驹,徒弟,郭靖
陆无双,师姐,洪凌波
胡逸之,其他名称,百胜刀王
周颠,所处时代,明朝
白万剑,父母,史小翠
金庸,主要成就,香港文学创作终身成就奖
九难,徒弟,韦小宝
天竺僧,师兄,一灯大师
殷天正,武功,天鹰剑法
说不得,帮派,明教
朱聪,所属组织,江南七怪
游坦之,心上人,阿紫
喀丝丽,出生地,新疆
余沧海,中文名,余沧海
拓跋宏,逝地,谷塘原行宫
卜沉,性别,男
蒋英,父亲,蒋百里
杨莲亭,情人,东方不败
许雪亭,性别,男
裘千丈,弟弟,裘千仞
杨康,中文名,杨康
福康安,官职,武英殿大学士
穆里玛,姓氏,瓜尔佳氏
点苍渔隐,师弟,武三通
乔峰,绝招,降龙十八掌
完颜洪烈,别名,颜烈（易名）、六王爷、王爷
九难,登场作品,《碧血剑》
陆天抒,中文名,陆天抒
王重阳,民族,汉族
沐剑屏,年龄,14（登场）
褚万里,登场作品,《天龙八部》
曲洋,性别,男
云中鹤,中文名,徐志摩
武青婴,登场作品,《倚天屠龙记》
徐天川,性别,男
任盈盈,代表作品,《笑傲江湖曲》
丁不三,三宝,孙女丁珰、玄冰碧火酒、一身武功
王语嫣,主要成就,水榭听香，指点群豪戏
王语嫣,年龄,18岁（出场）
归钟,中文名,归钟
朱由检,民族族群,汉族
公孙绿萼,容貌,嘴边有粒小黑痣
岳灵珊,性别,女
霍都,兵器,磨扇
段正严,别名,段和誉
拓跋宏,年号,承明（476年-477年）
白振,武功,大力鹰爪功
李秋水,久居地,西夏皇宫
查传讷,出生日期,1963年
鹿杖客,武器,鹿角短仗
游坦之,职位,丐帮帮主
阿碧,登场作品,《天龙八部》
俞岱岩,信仰,道教
上官虹,性别,女
阿九,别名,长平公主
冷谦,主要作品,《太古遗音》
阳顶天,妻子,阳夫人（柳芯茹）
张无忌,武功,乾坤大挪移、圣火令神功、梯云纵、七伤拳、降龙十八掌
无根道人,登场作品,《鹿鼎记》
丁不三,武功,丁家祖传功夫
金花婆婆,性别,女
梅芳姑,中文名,梅芳姑
胡斐,心上人,袁紫衣
卫春华,五哥,常赫志
华筝,登场作品,《射雕英雄传》
长平公主,同母兄弟,朱慈烜（怀隐王）
陆无双,性别,女
陈正德,武功绝技,三分剑术
袁承志,师父,朱安国、倪浩、罗大千、崔秋山、穆人清
荣彩,身份,游龙帮帮主
杨不悔,青梅竹马,张无忌
谢烟客,登场作品,《侠客行》
柯镇恶,招数,秦王鞭石
陆菲青,化名,陆高止
阿朱,父亲,段正淳
蒋四根,三哥,赵半山
丁春秋,籍贯,山东曲阜
耶律楚材,别名,长髯人
渡厄,徒弟,谢逊
张君宝,所处时代,南宋末年
欧阳克,别名,欧阳公子
尼摩星,外貌特点,后自断双腿
查品珍,性别,女
丁典,中文名,丁典
张无忌,武器,圣火令
冯默风,师兄,陈玄风
欧阳锋,主要成就,五绝之一
郭啸天,民族,汉族
小龙女,登场作品,《神雕侠侣》
木岛主,弟子,李四
余鱼同,别名,金笛秀才，空色
史火龙,其他名称,史帮主
徐达,别名,徐武宁
穆旦,人称,“九叶诗人”
渡厄,师侄,空见
仪琳,登场作品,《笑傲江湖》
陆菲青,别名,綿裡針，芜菁子，陆高止
岳不群,修习武功,紫霞神功
温仪,居住地,华山上的一个山洞
陆菲青,身份,武当派掌门人
秃笔翁,师弟,丹青生
苏荃,配偶,韦小宝
九难,年龄,三十来岁（鹿鼎记）
无尘道长,八弟,杨成协
鹿清笃,角色属性,反派
戚长发,登场作品,《连城诀》
蒋四根,兵刃,铁桨
郭芙,祖辈,李萍
殷天正,出生日期,1280年
耶律楚材,出生日期,1190年7月24日
王语嫣,年龄,18岁（出场），21岁（结局）
双儿,别名,双双
平阿四,中文名,平阿四
金庸,代表作品,倚天屠龙记
田伯光,门派,恒山派
孙不二,逝世日期,1182年
闵柔,儿子,石破天
耶律楚材,逝世日期,1244年6月20日
关安基,妻子,贾金刀
万圭,人物出处,《连城诀》
岳不群,弟子,施戴子
武修文,后人,武青婴
何沅君,性别,女
陈家洛,不服之人,“打遍天下无敌手”苗人凤
周芷若,中文名,周芷若
达尔巴,中文名,达尔巴
查良琇,哥哥,金庸
殷梨亭,未婚妻,纪晓芙
鹿杖客,登场作品,《倚天屠龙记》
小龙女,武器,淑女剑
完颜萍,武功,铁掌擒拿手
陶红英,性别,女
焦公礼,性别,男
徐志摩,笔名,章垿等
胖头陀,中文名,胖头陀
聂卫平,出生地,河北省深州市
尼摩星,性情,自负
史红石,别名,史妹妹
灭绝师太,别名,方艳青（俗名）
任盈盈,配偶,令狐冲
杜百当,职业,易三娘之夫君
欧阳锋,登场作品,《神雕侠侣》
小龙女,民族,汉族
李莫愁,所习武功,《五毒秘传》
空见,民族,汉族
甘宝宝,出场章回,《天龙八部》第二章
双儿,民族族群,汉族
小龙女,后人,黄衫女
任盈盈,主要成就,杀杨莲亭以乱其心，合诛东方
天门道人,结局,与青海一枭同归于尽
陆菲青,好友,骆元通
赵敏,中文名,赵敏
张无忌,别名,曾阿牛
袁冠南,民族,汉族
天山童姥,登场作品,《天龙八部》
程灵素,师叔,石万嗔
白振,救命恩人,陈家洛
游坦之,门派,聚贤庄
萧峰,未婚妻,阿朱
陶红英,身份,明朝长平公主侍女
郭芙,家人,黄蓉
阿朱,性别,女
仪琳,父母,不戒和尚
尹志平,性别,男
慕容复,侍婢,阿碧
李秋水,绝技,传音搜魂
凌霜华,中文名,凌霜华
史火龙,中文名,史火龙
阿九,别名,九难
苗人凤,妻子,南兰
穆念慈,丈夫,杨康
段正明,武功,六脉神剑—关冲剑
袁紫衣,武功,鹰爪功
李青萝,爱好,但茶品低劣
张三丰,所处时代,南宋末年
上官云,性格,为人耿直
灵智上人,登场作品,《射雕英雄传》
仪琳,别名,仪琳师侄
石万嗔,中文名,石万嗔
孟伯飞,二儿子,孟铸
胡斐,心上人,苗若兰
令狐冲,身份,华山派大师兄
云中鹤,职位,南京大学教授
阿朱,别名,阿朱姑娘
李沅芷,门派,武当派
包不同,结拜兄弟,公冶乾
慕容博,儿子,慕容复
刘正风,中文名,刘正风
段誉,情缘,王语嫣
包不同,性格特点,为人豪爽
赵志敬,登场作品,《神雕侠侣》
渡难,师侄,空性
戚芳,青梅竹马,狄云
藏边五丑,师父,达尔巴
温仪,别名,小仪
佟国纲,本名,佟国纲
周伯通,徒弟,耶律齐
郭靖,子女,郭芙
哑婆婆,丈夫,不戒和尚
耶律洪基,字,涅邻
焦公礼,兵器,折铁刀
点苍渔隐,特点,力大无比
拓跋宏,庙号,高祖
韦双双,母亲,建宁公主
田青文,登场作品,《雪山飞狐》《飞狐外传》
裘千仞,别名,裘帮主
柯镇恶,武功,伏魔杖法
任盈盈,别名,收起
尼摩星,成就,一代宗师
陆立鼎,外甥女,程英
聂卫平,主要成就,第1-4届中日围棋擂台赛11连胜
张无忌,主要成就,挑战六大门派
焦公礼,出生地,南京
岳灵珊,父母,宁中则
朱聪,兵器,铁扇
鲁有脚,成就,与欧阳锋对了一招
赵良栋,出生时间,1621年
段誉,登场作品,《天龙八部》
朱子柳,武器,判官笔
左子穆,性别,男
戚芳,同门,卜垣
慕容复,中文名,慕容复
宝树,代表作品,《古老的地球之歌》
段智兴,名号,“五绝”之南帝
裘千丈,门派,铁掌帮
朱玫,逝世日期,1998年11月8日
南海鳄神,登场作品,《天龙八部》
杨铁心,登场作品,金庸小说《射雕英雄传》
木桑道长,好友,穆人清
林平之,年龄,19-21岁
蒋百里,信仰,三民主义
陆菲青,师兄,马真
耶律楚材,谥号,文正
李青萝,丈夫,曼陀山庄 主人（姓王）
穆旦,职业,诗人
空闻,身份,少林寺方丈
静玄师太,兵器,拂尘
宝象,秘籍,血刀经
沐剑屏,别名,小郡主
岳不群,弟子,陆大有
鳌拜,荣誉,满洲第一勇士
殷天正,武功,鹰爪擒拿手
徐天宏,总舵主,陈家洛
宋远桥,登场作品,《倚天屠龙记》
杨铁心,旧版儿媳,秦南琴
郭啸天,孙女,郭芙
裘千尺,中文名,裘千尺
丁典,别名,菊花剑客
焦宛儿,丈夫,罗立如
莫声谷,师侄,宋青书、谷虚子、张无忌
程英,登场作品,《神雕侠侣》
骆冰,二哥,无尘道长
建宁公主,父母,毛东珠
陶红英,生死之交,韦小宝
公孙绿萼,出生地,绝情谷
宝象,登场作品,《连城诀》
班淑娴,身份,昆仑派掌门铁琴先生何太冲的正室
公孙止,别名,谷主
宋远桥,门派,武当派
李文秀,心上人,苏普
安小慧,门派,华山派
温仪,年龄,34岁
朱子柳,专长,多种语言
郭襄,传人,风陵师太
郭啸天,儿子,郭靖
胡一刀,中文名,胡一刀
吴立身,师侄,方怡
杨铁心,孙子,杨过
柯镇恶,徒孙,武敦儒、武修文、郭芙
武修文,哥哥,武敦儒
田青文,父亲,田归农
掌钵龙头,中文名,掌钵龙头
裘千丈,出处,《射雕英雄传》
华筝,出生地,蒙古草原
朱玫,国籍,中国
焦公礼,出场目次,11回
查传倜,中文名,查传倜
兆惠,字号,字和甫
逍遥子,出生地,上海
拓跋宏,出生日期,467年10月13日
陆二娘,中文名,陆二娘
裘千尺,国籍,南宋
常遇春,官职,中书平章军国重事、太子少保等
黄蓉,身份,第十九代丐帮帮主
余鱼同,师父,马真道长
武三娘,性别,女
不平道人,其他名称,蛟王
段智兴,民族,白族
简长老,性别,男
耶律楚材,本名,耶律楚材
陆冠英,登场作品,《神雕侠侣》
符敏仪,登场作品,天龙八部
商老太,儿子,商宝震
殷野王,门派,天鹰教→明教（天鹰旗）
阳夫人,登场作品,《倚天屠龙记》
殷梨亭,性别,男
丁敏君,师姐,苏梦清等
一灯大师,身份,大理宣宗皇帝、高僧一灯大师
贝锦仪,师姐,丁敏君
周绮,丈夫,徐天宏
沐剑屏,中文名,沐剑屏
双儿,所处朝代,清朝
枯荣长老,登场作品,《天龙八部》
长平公主,本名,朱媺娖
司空玄,中文名,司空玄
张三丰,出生地,辽东懿州
祖千秋,中文名,祖千秋
常遇春,谥号,忠武
霍都,出生地,蒙古草原
段正明,主要成就,为了请黄眉僧解救段誉而免除大理国的盐税
钟灵,别名,灵儿
温仪,长辈,温家五老
天鸣方丈,师侄,觉远、无相、无色
赵敏,登场地点,玉门关甘凉大路柳树下
张无忌,主要成就,号令群雄抗元、挑战六大门派
商宝震,性别,男
郭靖,义侄,杨过
灭绝师太,绝技,四象掌等
陈家洛,父亲,陈世倌
殷梨亭,师傅,张三丰
王夫人,身份,皇太后
周芷若,出生地,湖南芷江
苏星河,中文名,苏星河
说不得,登场作品,《倚天屠龙记》
封万里,师妹,花万紫
公孙绿萼,舅舅,裘千仞
蒋四根,兵刃,这一记“秦王鞭石”
耶律洪基,在位时间,1055年―1101年
李西华,母亲,红娘子
郭襄,才艺,书
丁典,别名,菊中君子
陆冠英,门派,仙霞派
徐志摩,职业,作家
欧阳锋,登场作品,《射雕英雄传》
陈家洛,身份,红花会总舵主
郭啸天,侄子,杨康
唐文亮,门派,崆峒派
渡难,师兄,渡厄
刘正风,登场作品,《笑傲江湖》
蒋四根,兵刃,反手还刀。蒋四根直砸不中
阿九,性别,女
潇湘子,登场作品,《神雕侠侣》
司空玄,身份,神农帮帮主
韩小莹,中文名,韩小莹
朱子柳,专长,会各种书法字体
鸠摩智,居住地,雪山大轮寺
陈家洛,师父,袁士霄
穆人清,别名,穆老猴
兆惠,谥号,文襄
穆旦,职业,诗人，翻译家
蒋四根,兵刃,铁桨武功疯魔杖法特点力大
殷梨亭,别名,殷六侠
灵智上人,武器,铜钹
武青婴,别名,雪岭双姝（与朱九真合称）
殷素素,身份,天鹰教紫薇堂堂主
李莫愁,弟子,陆无双
金轮法王,徒弟,达尔巴
刚相,朝代,元朝
孙仲君,门派,华山派
乔峰,性别,男
黄药师,武功境界,已臻化境
李泰,语种,英语
陶子安,中文名,陶子安
梦姑,民族,党项族（父）
邓炳春,性别,男
黛绮丝,身份,波斯明教圣女
黄药师,武功写照,碧海潮生按玉箫
林平之,武功,震天掌
莫声谷,师侄,宋青书
骆冰,爱慕者,余鱼同
刀白凤,情敌,秦红棉
无尘道长,六弟,常伯志
摘星子,外貌,身材高瘦
段正严,所处时代,大理
石破天,中文名,石破天
洪凌波,祖师婆婆,林朝英
上官云,身份,光明右使
尼摩星,退场时间,出场大概十六年后
欧阳锋,身份,西域白驼山庄庄主
何足道,年龄,三十余岁
丁不四,武器,黄金龙头九节鞭
洪安通,登场作品,《鹿鼎记》
范遥,教主,阳顶天
枯荣长老,小说信仰,佛教
凌退思,结局,抢夺梁武帝宝藏时
程灵素,职业,药剂师
焦木和尚,别名,焦木大师
周颠,出生地,建昌（今江西永修）
马光佐,性别,男
甘宝宝,丈夫,钟万仇
花铁干,书中结局,天宁寺中毒而亡
袁承志,主要成就,帮助李自成推翻明朝等
程灵素,心上人,胡斐
九难,父亲,崇祯皇帝
天门道人,职务,泰山派掌门
岳不群,女婿,林平之
莫声谷,去世时间,1357年
耶律燕,民族,契丹族
静玄师太,祖师,郭襄
金庸,国籍,中国
阿碧,性格,观之可亲
无尘道长,三弟,赵半山
韦一笑,身份,明教四大护教法王之一
刘正风,徒弟,向大年
狄云,登场作品,《连城诀》
石万嗔,性别,男
段正明,武功,一阳指
努尔哈赤,主要成就,建立后金政权
陈友谅,主要成就,起兵反元
戚长发,武功,躺尸剑法
阳顶天,身份,明教第三十三代教主
贝锦仪,性别,女
梁自进,师兄,齐自勉
林平之,仇人,岳不群
梁自进,门派,雪山派
公孙绿萼,身份,绝情谷小师妹
穆旦,代表作品,《探险队》《穆旦诗集（ 1939～1945）》《旗》
巴天石,性别,男
苏星河,所属门派,逍遥派
水笙,登场作品,《连城诀》
温仪,恋人,夏雪宜
段智兴,名号,“五绝”之南僧
冷谦,字号,字启敬，或曰起敬
曲三,中文名,曲灵风
田青文,身高,160 cm
查传诗,性别,女
张康年,性别,男
常遇春,出生日期,1330年
归二娘,别名,三只乌龟（韦小宝专用）
方怡,别名,怡姐姐
枯荣长老,弟子,本尘(段正明)
吴立身,别名,摇头狮子
耶律楚材,民族族群,汉族
张无忌,民族,汉族
白世镜,情人,康敏
洪凌波,主要成就,点拨师妹陆无双
胡青牛,登场作品,《倚天屠龙记》
达尔巴,民族,藏族
孟伯飞,登场作品,《碧血剑》
韩千叶,登场作品,《倚天屠龙记》
公孙绿萼,别名,萼儿
朱元璋,陵寝,明孝陵
李青萝,母亲,李秋水、齐御风（97版《天龙八部》电视剧中杜撰的神秘人物）[1]
史红石,职业,丐帮第25任帮主
岳灵珊,父母,岳不群
聂卫平,主要成就,1979-83、1988-90年新体育杯冠军
香香公主,地位,金庸笔下第一美女
骆冰,五弟,常赫志
杨不悔,母亲,纪晓芙
殷天正,主要成就,创立天鹰教
郭襄,爱慕者,张三丰
朱子柳,国籍,大理国
林仲雄,身份,福威镖局的创办人的养子
胡逸之,其他名称,美刀王
梁子翁,领导,赵王完颜洪烈
邓百川,专长,内力
枯荣长老,小说作者,金庸
狄云,防身,乌蚕衣
苗人凤,身高,180 cm
上官云,所属,日月神教
鲁有脚,其他名称,鲁长老
沐剑声,相貌,英气勃勃
乔峰,主要成就,胁迫耶律洪基换来边疆和平
香香公主,民族,维吾尔族
黄蓉,性别,女
水岱,轻功,登萍渡水
甘宝宝,居住地,万劫谷
武敦儒,师父,郭靖
游坦之,别名,铁头人
瘦头陀,门派,神龙教
木桑道长,师弟,玉真子
商宝震,中文名,商宝震
青灵子,性别,男
沐剑屏,父亲,沐天波
范文程,谥号,文肃
华赫艮,性别,男
曲灵风,武功,劈空掌、铁八卦
米横野,上司,贝海石
陈家洛,别名,陈会长
余鱼同,师叔,二师叔绵里针陆菲青
静玄师太,兵器,拂尘，剑
殷离,年龄,十八岁（成年后再次登场）
南海鳄神,性别,男
天门道人,个性,性子刚烈
宝树,民族,汉族
木婉清,别名,婉儿
俞岱岩,性别,男
苏菲亚,国籍,罗刹国
徐天宏,别名,武诸葛
周芷若,内功,九阴神功
康广陵,徒弟,阿碧
鲁有脚,性别,男
无根道人,性别,男
萧峰,参与战役,少室山武林群雄大会
孟伯飞,中文名,孟伯飞
刘乘风,别名,柔云剑
陈正德,登场作品,《书剑恩仇录》
乌老大,别名,乌鸦
水岱,登场作品,《连城诀》
杨逍,女儿,杨不悔
都史,妻子,但并未成亲）
黄蓉,民族,汉
瑞栋,中文名,瑞栋
福康安,逝世日期,1796年7月2日
罗立如,中文名,罗立如
阿紫,父亲,段正淳
裘千尺,主要成就,武功绝技铁掌
无根道人,中文名,无根道人
无崖子,师妹,李秋水
福康安,封爵,贝子、郡王
天门道人,信仰,道教
万圭,出场目次,4
郭啸天,出生地,山东
宁中则,所属门派,华山派
赵志敬,师弟,张志光
慕容复,武功,斗转星移
郭襄,好友,鲁有脚
徐天宏,身份,红花会七当家
武修文,后人,武烈，武青婴
朱由榔,年号,永历（1647年）
胡逸之,结拜兄弟,韦小宝
杨不悔,民族,汉族
白自在,身份,雪山派掌门
郭芙,主要成就,捍卫家人
冯蘅,才华,冰雪聪明
无崖子,弟子,丁春秋
陈友谅,职业,陈汉皇帝
童百熊,特点,武功高强
赵敏,朝代,元末明初
静玄师太,师妹,周芷若等
陶红英,别名,[1]
程灵素,登场作品,《飞狐外传》
李青萝,民族,汉族
仪和,性别,女
梅超风,性别,女
耶律楚材,别名,耶律文正
刚相,其他名称,空相
裘千仞,中文名,裘千仞
枯荣长老,中文名,枯荣大师
蒋四根,二哥,无尘道长
余人彦,父亲,余沧海
王重阳,职业,侠客，全真教掌门
仪和,师父,定逸师太
朱长龄,死因,卡在山洞之中进退不得
徐天宏,二哥,无尘道长
莫大,中文名,莫大
杨铁心,孙媳妇,小龙女
尼摩星,外貌特点,矮且黑
黄药师,主要成就,三次论剑均为五绝
觉远大师,别名,觉远大师
焦木和尚,信仰,佛教
南海鳄神,其他名称,岳老三
摘星子,外貌,英俊、身材高瘦、脸色青中泛黄
陆大有,师父,岳不群
李秋水,轻功,凌波微步
陶百岁,职业,饮马川山寨寨主
金轮法王,徒弟,达尔巴、霍都、郭襄等
纪晓芙,女儿,杨不悔
蒋四根,兵刃,这是“疯魔杖”中的“金铰剪月”
袁承志,师父,崔秋山
郭襄,信物,倚天剑
杨铁心,义兄,郭啸天
游坦之,伯父,游驹
鲜于通,性格特点,为人奸诈狠毒，道德败坏
无尘道长,中文名,无尘
长平公主,曾祖母,孝靖皇后王氏
于万亭,门派,红花会
聂卫平,中文名,聂卫平
裘千仞,别名,裘帮主，铁掌水上飘，慈恩
蕊初,中文名,蕊初
裘千尺,出场目次,20
徐天川,所属组织,天地会青木堂
慕容复,家臣,公冶乾
张无忌,门派,武当派
徐达,官职,太傅
余沧海,别名,余老道
赵良栋,官职,勇略将军、云贵总督
博尔术,民族族群,蒙古族
王难姑,退场时间,当道时见中山狼
范文程,主要成就,帮助清朝统一全国
余沧海,武功,松风剑法
钟万仇,养女,钟灵
长平公主,封号,坤兴公主
天门道人,师叔,玉凊子
苏星河,师伯,天山童姥
郭芙,宝物,小红马
渡厄,师弟,渡难
莫声谷,师兄,俞莲舟
穆人清,登场作品,《碧血剑》
殷梨亭,武功绝技,武当太极拳等
纪晓芙,结局,被灭绝师太一掌打死
朱九真,第一次登场,第15章　奇谋秘计梦一场
何铁手,登场作品,《碧血剑》
包惜弱,别名,王妃
和珅,旗籍,满洲正红旗
萧远山,儿子,萧峰
游坦之,门派,丐帮
秦红棉,女儿,木婉清
岳不群,弟子,林平之
黄药师,齐名者,欧阳锋
贝海石,主要成就,抵挡帮会灭门大祸。联合属下
全冠清,帮主,乔峰
耶律齐,门派,丐帮
鲁有脚,中文名,鲁有脚
阿青,师友,白猿
田伯光,别名,万里独行
陈孤雁,帮主,乔峰
文泰来,九弟,卫春华
袁士霄,登场作品,《书剑恩仇录》
拖雷,信仰,长生天
闵柔,儿子,石中玉
陈家洛,红颜,香香公主
朱由榔,所处时代,南明
慕容博,身份,大燕王孙，燕子坞主人
包惜弱,结局,杨铁心自杀后
穆人清,性别,男
贝海石,主要成就,拥立傀儡，抵挡帮会灭门大祸。
萧峰,结义兄弟,虚竹
木高峰,中文名,高峰
空性,全称,闻思空性
鹤笔翁,主子,汝阳王察罕特穆尔
田伯光,性别,男
佟国纲,所处时代,清朝
周绮,大师兄,孟健雄
一灯大师,名号,“五绝”之南帝
范百龄,别名（绰号）,“函谷八友”老二棋迷
李泰,代表作品,把爱带回家
蒋四根,兵器,铁桨
苗若兰,心上人,胡斐
张三丰,别名,张通
谢逊,别名,谢退思
黄真,师父,[2]
丁典,武功,无影神拳
茅十八,门派,五虎断刀门
卫春华,门派,红花会
蒋四根,兵刃,他是将铁桨当估项迎作禅杖多乎朽使
曲傻姑,登场作品,《射雕英雄传》
游坦之,父亲,游骥
一灯大师,名号,“五绝”之南帝、“五绝”之南僧
闵柔,别名,闵大侠
周颠,别名,周神仙
吴六奇,字号,字鉴伯
唐文亮,性别,男
郭襄,别名,展开
张君宝,号,三丰
焦宛儿,性别,女
秦红棉,情人,段正淳
程灵素,朝代,清朝
罗立如,性别,男
石中玉,弟弟,石破天
纪晓芙,登场作品,《倚天屠龙记》
梁自进,师兄,廖自砺
灵智上人,武功,大手印
田伯光,主要成就,以闻香识女人的特技“天鼻通”救出被囚禁的恒山群尼
郭襄,成就,开创峨嵋派
米横野,职位,香主
耶律燕,师父,郭靖
萧峰,年龄,三十三岁（享年）
万圭,出场目次,10
韦一笑,教派,明教
黄真,徒弟,冯难敌
贝锦仪,登场作品,《倚天屠龙记》
全金发,武功,呼延枪法
兆惠,官职,兵部郎中
田青文,心上人,陶子安
韦小宝,出生地,扬州
宗维侠,中文名,宗维侠
风清扬,登场作品,《笑傲江湖》
洪凌波,登场作品,《神雕侠侣》
黄药师,女婿,“北侠”郭靖
徐天川,登场作品,《鹿鼎记》
陆无双,武功,玉女心经
慕容复,侍婢,阿朱
人厨子,中文名,人厨子
和珅,民族族群,满族
郭襄,别名,二妹
阳顶天,朝代,元朝
耶律洪基,所处时代,辽朝
陆菲青,别名,綿裡針
秃笔翁,兵器,判官笔
商老太,登场作品,飞狐外传
拖雷,别名,元睿宗
南希仁,性别,男
查传侠,父亲,金庸
南兰,登场作品,《雪山飞狐》
乔峰,主要成就,助辽平定楚王之乱
苗若兰,民族,汉族
天鸣方丈,身份,少林寺方丈
赵敏,民族,蒙古族
霍都,师兄,达尔巴
耶律洪基,谥号,仁圣大孝文皇帝
程英,师兄,武眠风
上官虹,丈夫,白马李三
李明,出生地,新疆库尔勒
郭芙,拥有地产,桃花岛
程瑶迦,登场作品,《神雕侠侣》
武敦儒,朝代,南宋
李秋水,武功,小无相功
耶律齐,父亲,耶律楚材
旭烈兀,别名,[2]
归钟,性别,男
耶律燕,师娘,黄蓉
余鱼同,师叔,三师叔火手判官张召重
马夫人,别名,小康
掌钵龙头,朝代,元朝
拖雷,主要成就,大蒙古国监国
李明,身高,175 cm
鲜于通,武功,鹰蛇生死搏
张无忌,主要成就,化解正邪两道积怨，号令群雄抗元
戚长发,武功,唐诗剑法（连城剑法）
卫春华,总舵主,于万亭
莫声谷,师兄,俞岱岩
努尔哈赤,主要成就,统一女真诸部
马春花,爱慕者,商宝震
慕容博,身份,燕子坞主人
郭襄,性别,女
公冶乾,性别,男
郭靖,子女,郭襄
聂卫平,主要成就,1999年新中国棋坛十大杰出人物
王重阳,主要成就,使之数十年不敢入中原
金庸,职业,政论家
觉远,中文名,觉远
裘千丈,职业,戏法师
武敦儒,大舅哥,耶律齐
蒋百里,代表作品,《国防论》《欧洲文艺复兴史》
沐剑屏,别名,小郡主、小老婆
岳不群,修习武功,紫霞神功、辟邪剑谱
郭襄,父母,黄蓉
许雪亭,登场作品,《鹿鼎记》
裘千尺,丈夫,公孙止
蕊初,性别,女
旭烈兀,本名,孛儿只斤·旭烈兀(Hülegü Khan)
李莫愁,中文名,李莫愁
阎基,畏惧之人,田归农
闵子叶,中文名,闵子叶
武青婴,中文名,武青婴
于人豪,门派,青城派
范遥,别名,苦头陀
空闻,性别,男
蒋百里,职业,军事教育家
卫春华,总舵主,陈家洛
丁不四,性别,男
平阿四,登场作品,金庸作品《雪山飞狐》和《飞狐外传》
澄观,俗姓,夏侯
刘一舟,中文名,刘一舟
陆无双,别名,三妹
黄蓉,身份,东海桃花岛黄岛主的女儿
殷野王,民族,汉族
陶红英,别名,陶宫娥 陶姑姑（韦小宝专用）
鹿清笃,性别,男
阮星竹,朝代,北宋
完颜萍,出生地,金国
祖千秋,别名,祖宗
全金发,兵器,枪
杨铁心,职业,武术家
马光佐,民族,回族
范遥,身份,明教光明右使
余鱼同,领导,于万亭
努尔哈赤,庙号,太祖（追尊）
耶律楚材,字号,号玉泉老人、湛然居士
李秋水,孙女,李清露
蒋四根,登场作品,《书剑恩仇录》
李泰,代表作品,如意
刘正风,师兄,莫大
李彧,代表作品,十全九美
尹克西,武功,黄沙万里鞭法
沐剑声,身份,没落贵族沐王府的领袖
萧远山,武功,伏魔杖法
阿碧,心上人,慕容复
茅十八,相关事件,带韦小宝到北京
绿竹翁,性别,男
努尔哈赤,别名,[4]
神山上人,中文名,神山上人
忽必烈,汗号,薛禅汗
赵敏,曾用兵器,长剑
谢逊,门派,少林派
南兰,父亲,南仁通
郭芙,师承,郭靖
郭襄,外貌,三分像黄蓉
万圭,妻子,戚芳
黄真,其他名称,铜笔铁算盘
朱元璋,年号,洪武
朱子柳,师父,一灯大师
金庸,主要成就,法国文化部法国艺术及文学司令勋衔
石双英,四哥,文泰来
邓炳春,登场作品,《鹿鼎记》
慕容博,主要成就,以彼之道
绿竹翁,中文名,绿竹翁
查传倜,国籍,中国
穆里玛,职业,武官
班淑娴,祖师,灵宝道人
闵子华,师父,黄木道人
吴立身,性别,男
点苍渔隐,登场作品,《神雕侠侣》
天竺僧,师侄,渔樵耕读
段正严,民族族群,白族
萧峰,仰慕者,康敏
独孤求败,恋人,荷香
一灯大师,民族,白族
田归农,登场作品,《雪山飞狐》《飞狐外传》
洪凌波,别名,凌波
枯荣长老,小说武功,枯荣禅功
焦宛儿,恩公,袁承志
夏雪宜,性别,男
杨过,性别,男
萧峰,结义兄弟,段誉
博尔术,主要成就,大蒙古国四杰之一
卫璧,朝代,元朝
程灵素,爱好,七心海棠
程灵素,性别,女
李莫愁,弟子,洪凌波
梅念笙,传人,狄云
梦姑,民族,汉族（母）
李彧,代表作品,贻笑大方
何铁手,武功,五毒教、华山派正邪两大派的武功
安小慧,所处朝代,明朝
蒋英,女儿,钱永真
殷离,宠物,花蛛
梁子翁,敌人,江南七怪、郭靖等
孙仲君,其他名称,飞天魔女
田归农,女儿,田青文
海大富,别名,老乌龟（韦小宝称）
萧峰,国籍,辽
郭靖,徒弟,武敦儒、武修文
摘星子,师父,丁春秋
段天德,相关事件,杀害郭靖的父亲郭啸天
郭靖,主要成就,身后威名历百余年而不衰
郭襄,生日,1243年
安小慧,民族,汉族
小龙女,武器,白绸带
段誉,信仰,佛教
汤沛,人物设定,伪君子
梁自进,出处,《侠客行》
玄苦,身份,少林得道高僧
瑞栋,登场作品,《鹿鼎记》
觉远,性别,男
阿朱,年龄,16-17
苗若兰,中文名,苗若兰
安小慧,性别,女
杨铁心,仇人,段天德
任盈盈,国籍,中国
胡逸之,心上人,陈圆圆
卫春华,别名,九命锦豹子
吴长风,帮主,汪剑通
九难,别名,朱媺娖
周绮,门派,铁胆庄
韦春花,性别,女
蒋四根,四嫂,骆冰
丁春秋,精擅武功,化功大法
何足道,性别,男
林朝英,后代传人,小龙女、李莫愁、黄衫女子
阿朱,身份,大理国郡主
何红药,教主,何铁手
石双英,七哥,徐天宏
静玄师太,国籍,中国
吴道通,登场作品,武侠小说《侠客行》
掌钵龙头,身份,丐帮九袋长老
陆菲青,别名,芜菁子
袁承志,师父,罗大千
小玄子,别名,爱新觉罗·玄烨
郭芙,年龄,出场时9岁
赵良栋,官职,云贵总督
赵敏,曾用兵器,金钗
段智兴,久居地,桃源
甘宝宝,中文名,甘宝宝
长平公主,同母兄弟,朱慈烺（悼皇帝）
神山上人,职业,五台山清凉寺方丈
焦宛儿,门派,金龙帮
宝象,性别,男
金蛇郎君,恋人,温仪
黄药师,妻子,冯衡
殷梨亭,师兄,张翠山
范遥,中文名,范遥
陆菲青,性别,男
张无忌,武功,降龙十八掌
金庸,出生地,浙江省海宁市
金花婆婆,女儿,小昭
巴天石,主上,段正淳
宁中则,丈夫,岳不群
郭靖,师父,马钰等
和珅,本名,钮祜禄·善保
袁承志,棋友,木桑道长
何铁手,门派,五毒教、华山派
温青青,别名,夏青青
公冶乾,身份,赤霞庄庄主
兆惠,所处时代,清朝
段誉,年龄,19岁（登场）23岁（登帝）
苏星河,别名,聋哑先生
钟灵,身份,大理万劫谷公主
阳顶天,登场作品,《倚天屠龙记》
苏荃,儿子,韦铜锤
范文程,出生地,辽东沈阳
陆乘风,中文名,陆乘风
张翠山,别名,银钩铁划
天门道人,师叔,玉玑子
小昭,中文名,小昭
穆念慈,儿媳,小龙女
焦宛儿,身份,金龙帮主焦公礼的大女儿
鸠摩智,性别,男
张康年,中文名,张康年
张召重,师侄,余鱼同
都史,祖父,蒙古克烈部首领王罕
贝锦仪,师祖,风陵师太（连载版作一清师太）
关安基,民族,汉
蒋四根,籍贯,广东
左子穆,儿子,左山山
公孙止,年龄,38
金庸,主要成就,英国牛津大学董事会成员
段正严,逝世日期,1176年
封万里,登场作品,《侠客行》
和珅,号,绿野亭主人
乌老大,年龄,30到40岁
张召重,师兄,马真道长
万圭,出场目次,2
木高峰,毒药,毒水皮囊
游坦之,登场作品,《天龙八部》
查传侠,逝世日期,1976年10月
周颠,名字由来,明无名字，人以为颠
小龙女,仆人,孙婆婆
彭连虎,别名,彭寨主
尼摩星,武功,释迦掷象功
谭公,尊称,海神
努尔哈赤,年号,天命（1616年－1627年）
尹志平,登场作品,神雕侠侣
林远图,信仰,佛教
拓跋宏,主要成就,迁都洛阳
武敦儒,年龄,十二岁（初登场）
黄真,门派,华山派
商老太,居住地,山东武定县商家堡
温青青,出生地,温家堡
何足道,心上人,郭襄
卜沉,别名,白头仙翁
余沧海,性别,男
樊一翁,师妹,公孙绿萼
林平之,盟友,劳德诺
福康安,旗籍,满洲镶黄旗
郭靖,子女,郭破虏
刘一舟,师父,柳大洪
福康安,谥号,文襄
瑛姑,兵器,竹筹
岳灵珊,年龄,死时20岁
完颜洪烈,民族,女真族
温方山,性别,男
静照,门派,峨眉
阮星竹,别名,阮阿姨
耶律重元,中文名,耶律重元
南兰,中文名,南兰
公冶乾,时代,北宋
段正明,主要成就,为便于对抗鸠摩智而出家为僧，并与天龙寺众僧围攻鸠摩智
任我行,主要成就,梅庄比剑
安剑清,女儿,安小慧
胡斐,兵器,冷月宝刀
朱长龄,职业,红梅山庄庄主
李沅芷,丈夫,余鱼同
一灯大师,主要成就,渡化裘千仞
陈圆圆,民族族群,汉人
觉远大师,登场作品,《倚天屠龙记》
关明梅,别名,雪雕
蒋四根,国籍,清朝
华筝,国籍,蒙古帝国
韦双双,登场作品,《鹿鼎记》
包不同,结拜兄弟,风波恶
秃笔翁,中文名,秃笔翁
兆惠,主要成就,平定准噶尔
萧峰,师父,汪剑通
萧峰,绝招,降龙十八掌
马夫人,事迹,与白世镜合谋杀害马大元
薛慕华,性别,男
忽必烈,主要成就,消灭南宋大理
独孤求败,传人,杨过、风清扬、令狐冲
吴六奇,民族族群,客家人
闵子华,中文名,闵子华
王语嫣,年龄,21岁（结局）
朱由榔,庙号,昭宗
王夫人,主要成就,劝诫儿子
尼摩星,身份,蒙古三杰之一
黄蓉,主要武功,打狗棒法
胡一刀,主要成就,可与天下第一的苗人凤一战
佟国纲,主要成就,随征噶尔丹
黄药师,别名,黄岛主
周伯通,义弟,郭靖
彭连虎,特点,武功高强
蓝凤凰,中文名,蓝凤凰
木婉清,登场作品,《天龙八部》
商宝震,母亲,商老太
安小慧,丈夫,崔希敏
香香公主,中文名,香香公主
华筝,别名,华筝妹子
余鱼同,中文名,余鱼同
欧阳克,身份,白驼山庄少庄主
陈圆圆,别名,陈圆圆
苗人凤,年龄,43
水笙,父亲,水岱
穆里玛,父亲,卫齐
朱玫,中文名,朱玫
上官虹,其他名称,金银小剑三娘子
苏星河,师弟,虚竹
郭襄,年龄,15岁（初次出场）
袁承志,居住地,西岳华山→渤泥国无名岛
慕天颜,主要作品,《楚黔封事》
曲三,女儿,曲傻姑
宗维侠,登场作品,《倚天屠龙记》
殷天正,信仰,明教
查传侠,代表作品,《我的人生是为了什么》
耶律洪基,民族族群,契丹族
徐天宏,性别,男
乔峰,别名,收起
华筝,小说兄长,察合台
旭烈兀,在位时间,1256年—1265年2月8日
宋远桥,别名,宋大侠
无嗔大师,别名,毒手药王
蒋四根,总舵主,于万亭
博尔术,别名,孛儿楚
刘正风,性别,男
莫声谷,师兄,殷梨亭
马光佐,职业,武士
裘千尺,出场目次,19
商宝震,身份,山东武定县商家堡的堡主
苗人凤,好友,胡一刀
蕊初,年龄,十三四岁
刘一舟,年龄,大约二十几岁
沐剑屏,师傅,柳大洪
赵良栋,官职,勇略将军
胡一刀,职业,游侠
欧阳克,兵器,铁扇
石万嗔,性格,心肠歹毒
谭婆,结局,被萧远山所杀
查良璇,出生地,海宁
香香公主,哥哥,霍阿伊
摘星子,外貌,英俊
林乐怡,出生日期,1953年
完颜洪熙,逝世日期,1193
瑞栋,终结者,韦小宝
范百龄,爱好,下棋
贝海石,国籍,中国
刘乘风,武功,太极剑法
小龙女,夫君,杨过
拖雷,民族族群,蒙古族
杨康,性别,男
安小慧,中文名,安小慧
鲁有脚,结局,死于霍都偷袭
武三通,出生地,大理
陆立鼎,性别,男
一灯大师,家族,大理段氏
于万亭,心上人,陈家洛母亲徐氏
黛绮丝,女儿,小昭
小龙女,师父,林朝英的丫鬟
钱均夫,主要成就,中央文史馆馆员
苏星河,别名,聪辩先生
袁承志,父亲,袁崇焕
木婉清,别名,婉妹
拖雷,出生日期,1193年
逍遥子,职务,阿里巴巴集团董事局主席、首席执行官
梅念笙,徒弟,戚长发
石破天,别名,石中坚
萧峰,主要成就,助辽平定楚王之乱、胁迫耶律洪基换来边疆和平
令狐冲,门派,华山派→恒山派
萧峰,职位,大宋丐帮帮主、大辽南院大王（楚王）
公孙止,逝世日期,1243年
南兰,情夫,田归农
归二娘,中文名,归二娘
余鱼同,人物出处,《书剑恩仇录》
薛慕华,师傅,苏星河
丁春秋,别名,星宿老怪
范遥,别名,光明右使
玄苦,登场作品,《天龙八部》
九难,中文名,阿九
乔峰,别名,峰儿（玄苦大师称）
傅思归,出处,《天龙八部》
朱由榔,本名,朱由榔
灭绝师太,绝技,灭绝双剑
佟国纲,旗籍,汉军正蓝旗
李沅芷,身份,陕西扶风延绥镇总兵 李可秀之女
小龙女,祖师,林朝英
史红石,登场作品,《倚天屠龙记》
简长老,登场作品,《射雕英雄传》
段智兴,家臣,渔樵耕读
金轮法王,武功,无上瑜伽密乘
霍青桐,年龄,19岁
金轮法王,武功,龙象般若功
刘一舟,武功,沐家拳
武三通,中文名,武三通
玄苦,结局,一掌震得五脏剧裂而亡
澄观,去世时间,839年
殷天正,教主,阳顶天
耶律燕,身份,辽国皇族后裔
静玄师太,师妹,丁敏君
陆冠英,登场作品,《射雕英雄传》
归辛树,儿子,归钟
冯默风,师兄,武眠风
李青萝,爱好,种山茶花，但茶品低劣
周芷若,登场作品,《倚天屠龙记》
闵柔,登场作品,《侠客行》
殷梨亭,师侄,张无忌
阿九,年龄,十五岁（碧血剑）
曲灵风,武功,铁八卦
归二娘,儿子,归钟
小龙女,别名,龙儿
仪琳,别名,仪琳姐姐
玉真子,其他名称,护国真人
林乐怡,出生地,香港
无尘道长,四弟,文泰来
张无忌,生日,1337年
天门道人,师叔,玉音子
长平公主,祖父,朱常洛（明光宗）
公孙止,职业,绝情谷主
黄药师,忘年交,“西狂”杨过
蒋英,丈夫,钱学森
陆展元,民族,汉
乔峰,别名,展开
孙仲君,中文名,孙仲君
裘千尺,人物出处,《神雕侠侣》
袁承志,门派,华山派
张翠山,门派,武当派
余鱼同,三哥,赵半山
谢逊,登场作品,《倚天屠龙记》
萧远山,别名,远山
陶百岁,中文名,陶百岁
温仪,女婿,袁承志
徐禄,职业,军人
武三通,子,武敦儒
吴六奇,主要成就,保土安民
范文程,出生日期,1597年（万历二十五年）
余鱼同,民族,汉族
拓跋宏,主要成就,改革吏治
张三丰,主要成就,创立武当派
陈友谅,年号,大定1361-1363
任盈盈,别名,任大小姐盈儿桃萼仙收起
苗人凤,性别,男
温青青,性别,女
玉真子,门派,铁剑门
柯镇恶,招数,金刚护法
陈友谅,年号,大义1360
华筝,小说心上人,郭靖
李沅芷,民族,汉族
段正明,别名,本尘
焦公礼,出场目次,9
平一指,登场作品,《笑傲江湖》
殷梨亭,职业,侠客
孙仲君,登场作品,金庸小说《碧血剑》
拓跋宏,年号,太和（477年-499年）
无尘道长,十弟,章进
旭烈兀,主要成就,征服西南亚
渡厄,师侄,空见、空闻、空智、空性
韦一笑,修习武功,寒冰绵掌
郭襄,才艺,琴
张翠山,武器,判官笔
长平公主,母亲,孝节烈皇后周氏
白世镜,武功,缠丝擒拿手
朱丹臣,武器,判官笔
达尔巴,兵器,金杵
蒋英,儿子,钱永刚
武三娘,中文名,武三娘
郭襄,别名,小东邪
说不得,好友,青翼蝠王韦一笑
徐志摩,职位,南京大学教授
令狐冲,门派,华山派
尼摩星,性情,勇悍
血刀老祖,武功,血刀经
胖头陀,教派,神龙教五龙门下
沐剑屏,性别,女
温方山,二哥,温方义
易三娘,丈夫,杜百当
李彧,别名,小李子
洪凌波,门派,古墓派
冯锡范,性别,男
尼摩星,性情,沉不住气
阿紫,姊妹,木婉清
胡桂南,中文名,胡桂南
焦木和尚,特点,身穿黄麻僧衣
忽必烈,性别,男
穆旦,主要成就,在《大公报》和《文聚》上发表诗作
鳌拜,出生日期,约1610年
张无忌,年龄,22岁（书末)
黄真,性别,男
胡斐,别名,程灵胡（化名）、拨凤毛（化名）
裘千仞,师父,上官剑南，一灯大师
人厨子,国籍,中国
耶律齐,门派,全真派
觉远,别名,觉远大师
阿九,别名,朱媺娖
沐剑屏,登场作品,《鹿鼎记》
段正严,年号,永嘉
王重阳,主要成就,领兵抗金，创立全真教在华山论剑夺得天下第一重创西毒，使之数十年不敢入中原
归钟,其他名称,钟儿
李莫愁,年龄,绝情谷去世37岁
静玄师太,师妹,纪晓芙
胡桂南,原作者,金庸
吕七,武功,鹤形拳
蒋英,性别,女
赵良栋,主要作品,《赵忠襄奏疏存稿》
吴六奇,逝世日期,1665年
殷离,武功,千蛛万毒手
宝树,职业,作家
袁士霄,别名,天池怪侠
裘千尺,武功,铁掌
任我行,主要成就,梅庄比剑、少林三战
段正明,民族,白族
血刀老祖,性别,男
俞岱岩,中文名,俞岱岩
陈玄风,其他名称,铜尸
杨过,别名,倪老子（杨过自称）
蒋四根,兵刃,猛恶异常。这人和石双英同来
关明梅,别名,天山双鹰
枯荣长老,性别,男
杨逍,别名,光明左使
陈孤雁,性别,男
哑婆婆,性别,女
玄寂,门派,少林寺
公孙绿萼,容貌,眉目清雅
李莫愁,身份,古墓派弃徒
朱长龄,出场目次,16回
阮星竹,中文名,阮星竹
都史,妻子,华筝（有婚约，但并未成亲）
小昭,父母,韩千叶
努尔哈赤,在位,1616年2月17日－1626年9月30日
任盈盈,性别,女
陆冠英,师祖,黄药师
陆二娘,登场作品,《神雕侠侣》
李沅芷,年龄,十四五岁
李莫愁,执念,陆展元
袁紫衣,性别,女
小龙女,别名,龙姑娘
黛绮丝,别名,金花婆婆
殷梨亭,别名,武当七侠
全金发,兵器,杆秤
易三娘,中文名,易三娘
玄苦,中文名,玄苦
袁承志,妻子,夏青青
努尔哈赤,民族族群,满族
耶律重元,民族,契丹
乔峰,别名,萧大王
于人豪,中文名,于人豪
兆惠,逝世日期,1764年
李可秀,朝代,清朝
郭芙,身份,郭家军将领
杨逍,著作,《明教流传中土记》
黄药师,别名,黄老邪
任我行,武功,吸星大法
史小翠,孙女,白阿绣
邓炳春,中文名,邓炳春
汤沛,性格,一肚子男盗女娼
洪凌波,民族,汉族
长平公主,祖母,孝纯皇后刘氏
令狐冲,门派,恒山派
多尔衮,出生地,赫图阿拉
凌霜华,国籍,中国
王难姑,夫妻关系,又恩爱
吴立身,人物形象,虬髯汉子
裘千仞,妹妹,裘千尺
李泰,语种,赣语、普通话、英语
风际中,年龄,30左右
慕容博,武功,斗转星移，参合指等
袁承志,出生地,山海关
何沅君,别名,阿沅
耶律楚材,别名,吾图撒合里
陆乘风,绝技,奇门遁甲
石清,中文名,石清
公孙绿萼,心上人,杨过
王进宝,谥号,忠勇
耶律燕,父亲,耶律楚材
华筝,小说兄长,拖雷
梁自进,师侄,封万里
萧远山,武功,伏魔杖法，般若掌，袈裟伏魔功
朱子柳,中文名,朱子柳
萧峰,师父,玄苦、汪剑通
石中玉,中文名,石中玉
胡斐,别名,拨凤毛（化名）
段誉,情缘,木婉清
阳夫人,性别,女
丁春秋,长辈,天山童姥
佟国纲,旗籍,满洲镶黄旗
陆菲青,門派,屠龙帮
徐天宏,总舵主,于万亭→陈家洛
徐达,字,天德
陆无双,兵器,银弧刀
凌霜华,丫鬟,菊友
段智兴,别名,南僧
武青婴,年龄,十七八岁
林朝英,后代传人,李莫愁
钟灵,性别,女
蒋百里,国籍,中国
甘宝宝,别名,钟夫人
全金发,所属组织,江南七怪
鲜于通,武器,扇子
康广陵,中文名,康广陵
拓跋宏,在位时间,471年9月20日~499年4月26日
韦小宝,身份,清抚远大将军
阎基,劲敌,胡斐
万圭,父亲,万震山
梅超风,别名,贼婆娘（陈玄风专用）
凌退思,结局,中毒而死
小龙女,别名,杨夫人
杨过,别名,过儿
双儿,配偶,韦小宝
吕七,中文名,吕七
骆冰,门派,红花会
余鱼同,妻子,李沅芷
王元霸,民族,汉族
金庸,主要成就,法国政府荣誉军团骑士
史红石,门派,丐帮
常遇春,封爵,开平王（赠）
觉远大师,朝代,南宋
平一指,中文名,平一指
杨铁心,别名,杨兄弟(丘处机)
张无忌,武功,梯云纵
旭烈兀,主要成就,灭阿拉伯帝国
于人豪,年龄,登场时约23
全金发,武功,开山掌法
空闻,民族,汉族
吴立身,师侄,刘一舟
萧远山,人物结局,随扫地僧出家
蒋四根,四哥,文泰来
柯镇恶,别名,飞天蝙蝠
石清,性别,男
陈友谅,政权,陈汉
宝象,中文名,宝象
李莫愁,国籍,南宋
穆里玛,民族,满族
都史,妻子,华筝（有婚约
多尔衮,别名,皇父摄政王
建宁公主,中文名,爱新觉罗·建宁
李西华,形象,苍白黯淡
梅超风,登场作品,《射雕英雄传》
于人豪,登场作品,《笑傲江湖》
凌霜华,结局,其被凌退思活埋
冷谦,字号,道号龙阳子
空闻,朝代,元朝
完颜萍,中文名,完颜萍
慕天颜,出生日期,天启四年（1624年）
傅思归,中文名,傅思归
曲傻姑,中文名,傻姑
武烈,出自,《后汉书·冯衍传上》
贝锦仪,师姐,纪晓芙等
察罕特穆尔,别名,汝阳王
杨过,门派,古墓派
骆冰,三哥,赵半山
段正严,出生日期,1083年
石中玉,性别,男
耶律洪基,年号,清宁（1055年）
乔峰,未婚妻,阿朱
公冶乾,别名,公冶老二
归辛树,武功,破玉拳法
朱聪,武功,空空拳
段智兴,别名,南帝
卫春华,三哥,赵半山
游坦之,武功,冰蚕毒掌
蒋百里,别名,蒋方震
百草仙,登场作品,《神雕侠侣》
鳌拜,爵位,一等超武公
游坦之,葬身之地,雁门关悬崖下
武三通,别名,三通
郭啸天,中文名,郭啸天
冯锡范,年龄,49岁
双儿,年龄,15（新修版）
赵志敬,师弟,李志常
陶百岁,国籍,清朝
瘦头陀,形象,身材臃肿又非常矮小
乌老大,国籍,北宋
钱永刚,出生日期,1948年10月
蒋四根,职业,红花会十三当家
朱由检,别名,朱德约
陆无双,别名,双儿
谢逊,修习武功,狮子吼
耶律洪基,年号,咸雍（1065年）
不戒和尚,门派,恒山派
史小翠,身份,金乌派掌门
石中玉,师傅,谢烟客
包惜弱,性别,女
聂卫平,籍贯,河北深县
胡一刀,别名,黑面神
游坦之,师父,丁春秋
阿紫,门派,[1]
曲三,登场作品,《射雕英雄传》
徐达,别名,徐中山
杨逍,妻子,纪晓芙
鲁有脚,帮主,黄蓉
刘一舟,别名,刘师哥（方怡、沐剑屏称呼）
陆展元,中文名,陆展元
萧峰,仰慕者,阿紫、康敏
杨过,国籍,南宋
赵钱孙,武功,缩骨功
钟灵,姐妹,阿紫
说不得,教主,阳顶天
殷梨亭,武功,天地同寿剑法
文泰来,三哥,赵半山
茅十八,所处时代,清朝
穆人清,徒孙,孙仲君
徐志摩,出生地,浙江省海宁市
萧峰,岳父,段正淳
蓝凤凰,登场作品,《笑傲江湖》
任盈盈,乐器,洞箫
小龙女,别名,龙姊姊
林平之,盟友,左冷禅、劳德诺
段誉,情缘,钟灵
段正明,主要成就,将大理国皇位传给养侄段誉
说不得,中文名,说不得
武青婴,第一次登场,第15章　奇谋秘计梦一场
赵志敬,师父,王处一
闵子叶,身份,会友镖局总镖头
杨成协,别名,铁塔
喀丝丽,心上人,陈家洛
天门道人,绝技,泰山剑法
茅十八,性别,男
胡青牛,别名,蝶谷医仙
公冶乾,别名,江南第二
丁不三,三宝,孙女丁珰
商宝震,门派,八卦门
渡厄,门派,少林寺
陈圆圆,逝世日期,公元1695年5月16日(乙亥年)
向问天,别名,光明左使
阮星竹,登场作品,《天龙八部》
闵子华,朝代,明朝
程瑶迦,别名,程大小姐
萧远山,称号,金庸小说书迷称为“天龙四神”中的“杀神”
闵柔,门派,上清观
余鱼同,所属组织,红花会
尼摩星,主公,忽必烈
任盈盈,别名,妖女
无崖子,外孙女,王语嫣
段正明,弟弟,段正淳
殷梨亭,中文名,殷梨亭
沐剑声,登场作品,《鹿鼎记》
班淑娴,丈夫,铁琴先生何太冲
蓝凤凰,义嫂,任盈盈
归辛树,登场作品,《鹿鼎记》
无嗔大师,登场作品,《雪山飞狐》《飞狐外传》
陆乘风,儿子,陆冠英
陆冠英,中文名,陆冠英
常遇春,追赠,翊运推诚宣德靖远功臣
仪和,掌门人,令狐冲
华筝,情敌,黄蓉
符敏仪,师父,天山童姥
陆菲青,师侄,余鱼同
蒋四根,兵刃,呼的一声
掌钵龙头,门派,丐帮
康广陵,爱好,习琴
武修文,嫂子,耶律燕
左冷禅,性别,男
聂卫平,出生日期,1952年8月17日
忽必烈,年号,至元（1264年）
张君宝,主要成就,创立武当派、振兴道教
张君宝,民族族群,汉族
一灯大师,久居地,大理皇宫
阿朱,爱侣,萧峰
彭连虎,登场作品,《神雕侠侣》
公冶乾,中文名,公冶乾
乔峰,养父,乔三槐
慕容博,主要成就,还施彼身
百草仙,性别,男
周芷若,别名,周师妹
南希仁,别名,南四侠
武三通,子,武敦儒、武修文
安小慧,年龄,十八九岁
胡桂南,登场作品,《碧血剑》
朱九真,朝代,元朝
灭绝师太,性别,女
陈玄风,武功,摧心掌
苗人凤,好友,胡夫人
胡一刀,武功,胡家刀法
完颜洪烈,中文名,完颜洪烈
左子穆,门派,无量派东宗
鲁有脚,身份,丐帮帮主
郭靖,徒弟,武敦儒
丁春秋,长辈,无崖子
佟国纲,追赠,太傅
朱丹臣,别名,笔砚生
林平之,武功,辟邪剑法
藏边五丑,登场作品,《神雕侠侣》
南兰,丈夫,苗人凤
蒙哥,庙号,元宪宗（追尊）
丁春秋,毒药,腐尸毒
侯通海,别名,三头蛟
李莫愁,性别,女
蒋百里,职业,军事理论家
杨成协,门派,青旗帮
郭襄,信物,玄铁指环
小玄子,别名,康熙
无崖子,所处年代,北宋
耶律洪基,本名,耶律洪基
安小慧,父亲,安剑清
血刀老祖,登场作品,《连城诀》
双儿,别名,双儿老婆
狄云,兵器,血刀
周伯通,性别,男
查品珍,中文名,查品珍
无崖子,所处年代,五代十国
平一指,门派,日月神教
段正明,主要成就,与四大恶人之首的“恶贯满盈”段延庆切磋一阳指为了请黄眉僧解救段誉而免除大理国的盐税为便于对抗鸠摩智而出家为僧
李青萝,父亲,无崖子
杨过,名号,神雕大侠
韦小宝,身份,神龙教白龙使
尼摩星,登场作品,《神雕侠侣》
耶律洪基,出生日期,1032年9月14日
杨铁心,儿媳,穆念慈
郭芙,家人,郭襄
蒋英,代表作品,合译有《肖邦传》
邓炳春,年龄,30左右
无尘道长,身份,红花会二当家
杨逍,登场作品,《倚天屠龙记》
李彧,民族,汉族
朱子柳,武功,云南哀牢山三十六剑
无崖子,弟子,苏星河
程灵素,结局,牺牲自己替他啜毒而死
张三丰,本名,张君宝
祖千秋,上司,任盈盈
忽必烈,主要成就,建立元朝
卫璧,中文名,卫璧
蒙哥,性别,男
邓百川,性别,男
张无忌,武功,九阳神功
贝海石,登场作品,《侠客行》
阿九,父亲,崇祯皇帝
任盈盈,父亲,任我行
桑土公,中文名,桑土公
李青萝,女儿,王语嫣
和珅,主要成就,[1]
和珅,封爵,一等忠襄公
谭公,相关庙宇,筲箕湾谭公庙
赵良栋,爵位,一等伯爵
霍青桐,中文名,霍青桐
双儿,登场作品,《鹿鼎记》
静玄师太,师妹,丁敏君、纪晓芙、贝锦仪、周芷若等
张阿生,兵器,屠牛刀
欧阳锋,齐名者,王重阳
完颜洪烈,性别,男
公孙绿萼,容貌,眉目清雅、肤色白里泛红
朱由榔,性别,男
无尘道长,五弟,常赫志
裘千尺,出场目次,31
黄真,年龄,[1]
神照上人,登场作品,《鹿鼎记》
杨逍,登场回目,第十四回 当道时见中山狼
万圭,出场目次,9
杨过,别名,西狂
蓝凤凰,领导,任盈盈
掌钵龙头,年龄,五十多岁
周颠,擅长,写真
刚相,登场作品,《倚天屠龙记》
任我行,属下,东方不败，向问天，上官云
温方山,门派,棋仙派
小昭,主要成就,在绿柳山庄外指挥明教抵挡元兵
洪凌波,师妹,陆无双
忽必烈,谥号,圣德神功文武皇帝
狄云,中文名,狄云
孙不二,别名,七真 孙不二
谢逊,别名,金毛狮王
钟万仇,居住地,万劫谷
郭襄,才艺,棋
金庸,别名,金庸（笔名）
梅芳姑,养子,石破天
曲傻姑,师公,黄药师
吕留良,所处时代,明末清初
黛绮丝,别名,紫衫龙王
蒋四根,兵刃,使的却是“凝懂判鲁智深疯魔杖”战组永宙的招术
努尔哈赤,谥号,承天广运圣德神功肇纪立极仁孝睿武端毅钦安弘文定业高皇帝（初谥武皇帝）
程英,师兄,曲灵风
双儿,别名,好双儿
陈圆圆,所处时代,明末清初
柯镇恶,招数,秦王鞭石、金刚护法、杵伏药叉
朱由榔,主要成就,西南抗清
李明,特长,骑马
常遇春,追赠,开府仪同三司
洪七公,性别,男
李秋水,师姐,天山童姥
多尔衮,谥号,次年取消）；忠（乾隆四十三年追谥）
陆展元,逝世日期,1223年
云中鹤,笔名,海谷
完颜萍,丈夫,武修文
吴六奇,别名,吴钩
鲜于通,门派,华山派
孟伯飞,别名,盖孟尝
甘宝宝,女儿,钟灵
慕容博,国籍,北宋
陆大有,别名,六猴儿
郭芙,别名,芙妹
汤沛,登场作品,《飞狐外传》
何红药,情敌,温仪
双儿,中文名,双儿
全冠清,身份,丐帮大智分舵的舵主
建宁公主,父母,瘦头陀
尼摩星,别名,黑矮子
华筝,小说兄长,窝阔台
哑婆婆,门派,恒山派
说不得,性别,男
朱长龄,出场目次,15
空闻,门派,少林寺
金庸,主要成就,大英帝国官佐勋章勋衔
韦小宝,门派,铁剑门
南希仁,中文名,南希仁
洪七公,修习武功,降龙十八掌
段誉,别名,段正严
归辛树,别名,神拳无敌
灭绝师太,登场作品,《倚天屠龙记》
夏雪宜,中文名,夏雪宜
丁敏君,师姐,静玄、苏梦清等
秃笔翁,师兄,黄钟公
戚长发,性别,男
阿碧,中文名,阿碧
赵敏,喜好,说汉话
灭绝师太,武器,倚天剑
李可秀,登场作品,《书剑恩仇录》
钱永刚,主要成就,计算机应用软件系统的研制
无尘道长,九弟,卫春华
耶律楚材,字号,字晋卿，号玉泉老人
贝海石,门派,长乐帮
尼摩星,成就,与他人并称蒙古三杰
白世镜,性格,道貌岸然
耶律齐,妹夫,武敦儒
李彧,体重,54 kg
殷梨亭,出生日期,1319年
耶律齐,妻子,郭芙
陆无双,别名,无双
无崖子,配偶,李秋水
胡夫人,国籍,中国
余沧海,登场作品,《笑傲江湖》
徐天宏,登场作品,《书剑恩仇录》
柯镇恶,徒孙,武修文
吕留良,主要作品,《东庄诗存》
任盈盈,主要成就,修好各派
戚芳,师祖,梅念笙
戚芳,同门,沈城
陆冠英,性别,男
查品珍,逝世日期,1938年
梅剑和,师伯,黄真
李彧,出生地,北京市
张君宝,字,君宝
殷野王,女儿,殷离
平一指,别名,杀人名医
徐达,主要成就,明朝开国第一功臣
韩千叶,女儿,小昭
仪和,中文名,仪和
梅超风,中文名,梅超风
裘千仞,别名,铁掌水上飘
韩千叶,配偶,黛绮丝
白万剑,登场作品,《侠客行》
凌霜华,父亲,凌退思
郭破虏,武功,龙爪手
殷梨亭,岳父,杨逍
杨过,名号,西狂
仪和,掌门人,仪清
小龙女,别名,姑姑
欧阳克,登场作品,《射雕英雄传》
孙仲君,性别,女
桑结,登场作品,《鹿鼎记》
丁春秋,主要成就,成立星宿派
何足道,中文名,何足道
金轮法王,身份,蒙古国师
程英,师父,黄药师
任盈盈,主要成就,继任日月神教教主，修好各派
朱九真,中文名,朱九真
博尔术,职业,军事家
李莫愁,仆人,孙婆婆
血刀老祖,武器,血刀
鸠摩智,登场作品,《天龙八部》
冯默风,中文名,冯默风
纪晓芙,门派,峨嵋派
何太冲,身份,昆仑派掌门
赵良栋,去世时间,1697年
黛绮丝,丈夫,韩千叶
鹿杖客,主子,汝阳王察罕特穆尔
朱玫,职业,新闻记者
神照上人,中文名,神照上人
朱长龄,武功,家传判官笔法
乔峰,职位,大宋丐帮帮主
杨过,久居地,嘉兴
瑛姑,职业,大理贵妃→隐士
乔峰,别名,萧大侠
刘一舟,未婚妻,方怡
蒙哥,主要成就,招降吐蕃
温仪,居住地,温家堡
查传倜,职业,餐馆经营
耶律洪基,年号,大康（1075年）
阳顶天,民族,汉族
海大富,登场作品,《鹿鼎记》
耶律齐,师父,周伯通
裘千尺,暗器,枣核钉
徐天宏,中文名,徐天宏
摘星子,年龄,二十七八岁
王语嫣,主要成就,水榭听香
摘星子,外貌,脸色青中泛黄
风清扬,别名,剑术神通
徐达,字,[1]
无尘道长,登场作品,《书剑恩仇录》
水岱,女儿,水笙
闵柔,别名,冰雪神剑
天竺僧,中文名,天竺僧
左冷禅,中文名,左冷禅
郭靖,武功家数,降龙十八掌
鲁有脚,成就,做丐帮长老、丐帮帮主
苗若兰,结局,与胡斐定下白首之约
杨过,年龄,35岁（归隐年龄）
赵志敬,师弟,王志坦
陆冠英,别名,冠英
周绮,弟弟,周英杰
吴立身,师侄,沐剑屏
梅念笙,亲传,丁典
无嗔大师,主要成就,著有《药王神篇》
温方山,女儿,温仪
鸠摩智,武功,火焰刀
黄蓉,武器,峨嵋刺
袁士霄,徒弟,陈家洛
老不死,中文名,老不死
陶红英,中文名,陶红英
闵柔,中文名,闵柔
尼摩星,性别,男
小玄子,中文名,小玄子
李秋水,丈夫,李元昊
郭啸天,孙子,郭破虏
阿紫,出场年龄,15岁
贝海石,主要成就,联合属下，逼迫司徒横让位
洪七公,别名,洪老前辈
陆大有,中文名,陆大有
福康安,主要成就,镇压林爽文起义
邓炳春,领导,洪安通
余鱼同,意中人,骆冰
莫大,师弟,刘正风
阿九,别名,独臂神尼
包不同,别名,包三先生
归辛树,武功,伏虎掌法
风波恶,特点,打架发烧友
徐天宏,十弟,章进
慕容博,武功,参合指等
萧远山,身份,辽国珊军总教头
阿紫,享年,19岁
欧阳克,别名,欧阳大人
郭芙,性别,女
完颜洪熙,别名,完颜讹鲁不
金庸,代表作品,笑傲江湖
石清,别名,石大侠
段智兴,弟子,慈恩（裘千仞）
焦宛儿,登场作品,《碧血剑》
上官虹,登场作品,《白马啸西风》
丁春秋,星宿三宝,神木王鼎
贝海石,武功,五行六合掌
陶子安,民族,汉族
蓝凤凰,别名,好妹子
王重阳,师弟,周伯通
陆冠英,别名,少庄主
潇湘子,出生地,湘西
蒙哥,别名,蒙哥汗
石清,儿子,石中玉
云中鹤,笔名,诗哲
多尔衮,主要成就,征战漠南蒙古与李氏朝鲜
吕留良,逝世日期,1683年
周芷若,别名,芷若
公冶乾,结局,与其决裂
忽必烈,所处时代,大蒙古国（元朝）
尹志平,中文名,尹志平
殷天正,别名,白眉鹰王
一灯大师,名号,“五绝”之南僧
徐天宏,妻子,周绮
程灵素,主要成就,养成七心海棠
鲜于通,性格特点,道德败坏
朱玫,别名,璐茜
阿朱,成就,少林寺偷得易筋经（神足经）
朱由榔,别名,永历帝
不平道人,性别,男
南海鳄神,兵器,鳄嘴剪
彭长老,帮主,北丐洪七公
游坦之,别名,铁丑
扫地僧,中文名,扫地僧
谢烟客,中文名,谢烟客
风清扬,师侄,宁中则
沐剑声,相貌,面容微黑
梁子翁,结局,堕入万丈深谷之中摔死
段智兴,主要成就,渡化裘千仞
欧阳锋,别名,老毒物
杨铁心,儿子,杨康
闵柔,国籍,中国
方怡,丈夫,韦小宝
玄慈,结局,自绝经脉而死
裘千尺,出场目次,30
彭连虎,性别,男
朱聪,别名,妙手书生
陈圆圆,别名,秦淮八艳
林震南,祖传剑谱,假辟邪剑法
游坦之,别名,庄聚贤
天鸣方丈,中文名,天鸣
余鱼同,四嫂,骆冰
程灵素,民族,汉族
建宁公主,别名,建宁公主
贝锦仪,师姐,静玄
耶律重元,逝世日期,1063年
包不同,性格特点,直言不讳
陆大有,登场作品,《笑傲江湖》
阿紫,姊妹,阿朱
袁承志,师兄,归辛树
陶子安,性格,胆怯机诈
萧远山,武功,袈裟伏魔功、摩诃指
丁敏君,师姐,静玄
阿紫,中文名,阿紫
谢逊,师父,渡厄
郭芙,强项,战场杀敌
空见,朝代,元朝
鸠摩智,信仰,藏传佛教
钟万仇,别名,马王神
逍遥子,职务,首席执行官
渡难,师侄,空闻
鲁有脚,成就,协助郭靖夫妇镇守襄阳
枯荣长老,小说武功,一阳指
段智兴,中文名,段智兴
归辛树,别名,归二爷
黛绮丝,中文名,黛绮丝
徐志摩,笔名,南湖、诗哲、海谷、章垿等
黄药师,登场作品,《神雕侠侣》及衍生作品
任盈盈,民族,汉族
余鱼同,职务,红花会十四当家
海兰弼,身份,骁骑营佐领
云中鹤,国籍,中国
澄观,身份,佛教华严宗四祖
范文程,官职,秘书院大学士
王夫人,身份,美人
朱由检,出生地,顺天府大兴县（今北京市东城区）
贝锦仪,身份,峨嵋派第四代弟子
崔百泉,登场作品,天龙八部
黄真,身份,华山派掌门
洞玄,师父,黄木道人
赵志敬,师叔祖,周伯通
耶律楚材,追赠,太师
九难,师父,程青竹 木桑道长
百草仙,作者,金庸
蒋四根,兵刃,向左一闪
拓跋宏,本名,拓跋宏
公孙绿萼,容貌,但她秀雅脱俗
田伯光,武功绝技,狂风刀法
鸠摩智,好友,慕容博
陆立鼎,中文名,陆立鼎
周颠,名字由来,明无名字
周芷若,登场回目,第十一章（幼年）；第十七章（成年）
陆菲青,徒弟,李沅芷
张康年,上司,康熙
公孙绿萼,容貌,肤色白里泛红，甚是娇美，眼神清澈，嘴边有粒小黑痣，更增俏丽，但她秀雅脱俗，自有一股清灵之气。
瑛姑,宠物,九尾灵狐
无崖子,师姐,天山童姥
林远图,主要成就,以“辟邪剑法”驰名江湖
秃笔翁,登场作品,《笑傲江湖》
冯默风,师兄,曲灵风
李莫愁,武器,冰魄银针
周芷若,民族,汉族
查良璇,丈夫,曹时中
林远图,主要成就,创建福建福威镖局
努尔哈赤,尊号,大英明汗
侯通海,师兄,沙通天
贝海石,中文名,贝海石
钟灵,中文名,钟灵
朱九真,登场作品,《倚天屠龙记》
公孙绿萼,结局,香消玉殒
云中鹤,职业,作家
苗若兰,出场作品,《雪山飞狐》
岳不群,修习武功,辟邪剑谱
陈近南,逝世日期,1681年
李秋水,绝技,寒袖拂穴
蒋四根,兵刃,双手握定
陆展元,弟弟,陆立鼎
九难,心上人,袁承志
贝海石,民族,汉族
阿九,徒弟,阿珂
宝树,别名,宝树
完颜洪烈,别名,完颜忒邻，颜烈（易名）
仪琳,别名,小师太
玄苦,师兄,玄慈
李沅芷,性别,女
梦姑,别名,银川公主
卫春华,二哥,无尘道长
武青婴,性别,女
福康安,追封,嘉勇郡王
蒋四根,兵刃,桨尾向右横挡
安小慧,外公,楚大刀
田伯光,身份,恒山派门下和尚
静玄师太,师妹,贝锦仪
萧峰,三伯,段正淳
无崖子,门派,逍遥派
公孙绿萼,年龄,十八岁
樊一翁,别名,长须鬼
褚万里,兵器,一支鱼杆
韦小宝,门派,天地会，神龙教，铁剑门
成昆,徒弟,谢逊
凌霜华,性别,女
黄真,门派,[2]
朱聪,徒弟,郭靖
耶律楚材,主要成就,辅佐成吉思汗及其子孙
钟万仇,登场作品,《天龙八部》
凌退思,登场作品,《连城诀》
一灯大师,身份,大理宣宗皇帝
察罕特穆尔,登场作品,《倚天屠龙记》
阎基,畏惧之人,苗人凤
贝锦仪,师父,灭绝师太
梦姑,国别,西夏
玉真子,师兄,木桑道长
武三通,出处,《射雕英雄传》《神雕侠侣》
石清,职业,侠客
李沅芷,武功,柔云剑法
林平之,父母,王夫人
李彧,代表作品,魔幻手机2傻妞归来
乔三槐,中文名,乔三槐
周芷若,登场地点,汉水河畔
段延庆,同族兄弟,段正淳
宝树,身份,作者
鸠摩智,武功,小无相功
聂卫平,国籍,中国
于人豪,师傅,余沧海
香香公主,出生地,新疆
聂卫平,代表作品,《我的围棋之路》
班淑娴,性别,女
无嗔大师,徒弟,程灵素
张三丰,字,君宝
谭公,相关庙宇,澳门路环谭公庙
南兰,登场作品,《飞狐外传》
觉远大师,年龄,五十岁左右（《神雕侠侣》初登场）
俞岱岩,门派,武当派
安小慧,母亲,安大娘
夏雪宜,登场作品,《碧血剑》
福康安,封爵,郡王
蒋英,职业,中央音乐学院歌剧系副主任
空见,师兄弟,空智
武三通,绝技,一阳指
周颠,民族,汉
林平之,妻子,岳灵珊
张翠山,师父,张三丰
萧峰,结义兄弟,耶律洪基
武修文,年龄,十一岁（初登场）
任盈盈,主要成就,绿竹巷邂逅令狐冲，教曲疗伤
于万亭,义子,陈家洛
空闻,中文名,空闻
胡青羊,心上人,鲜于通
陶子安,国籍,清朝
傅思归,国籍,大理
张翠山,武器,虎头钩
沐剑屏,师姐,方怡
南兰,性别,女
长平公主,同母兄弟,朱慈炯（定哀王）
马行空,中文名,马行空
李秋水,师兄,无崖子
公冶乾,穿着,铁青色儒生打扮
刚相,中文名,刚相
岳老三,徒弟,孙三霸
九难,登场作品,《鹿鼎记》
史火龙,武功,降龙十八掌
殷梨亭,师兄,俞莲舟
程灵素,擅长,钻研毒物
公孙绿萼,舅舅,裘千丈
多尔衮,逝世日期,顺治七年十二月初九日（1650年12月31日）
赵志敬,仇人,小龙女
吕留良,字号,字庄生
查品珍,国籍,中国
沐剑声,年龄,二十五
华筝,别名,豁真
耶律楚材,别名,[6]
慕容博,身份,大燕王孙
纪晓芙,结局,不愿听从师命害杨逍
冯蘅,性别,女
上官云,中文名,上官云
贝锦仪,信仰,佛教
温青青,登场作品,《碧血剑》
蒋四根,兵刃,武功疯魔杖法
谢逊,性别,男
丁敏君,登场作品,《倚天屠龙记》
拓跋宏,别名,元宏
郭芙,年龄,结尾时31岁
樊一翁,居住地,绝情谷
刘一舟,登场作品,《鹿鼎记》
小昭,别名,韩昭
焦公礼,中文名,焦公礼
鲁有脚,武功,打狗棒法
左冷禅,登场作品,《笑傲江湖》
金庸,主要成就,收起
李明,特长,驾驶
赵钱孙,性别,男
李青萝,宠物,醉人蜂
胡夫人,民族,华夏
公孙止,兵器,金刀黑剑
耶律燕,哥哥,耶律齐
觉远,朝代,南宋
包不同,口头禅,非也
邓百川,登场作品,《天龙八部》
长平公主,所处时代,清朝初期
刀白凤,情敌,甘宝宝
福康安,字号,字瑶林，号敬斋
柯镇恶,兵器,铁菱
朱元璋,谥号,开天行道肇纪立极大圣至神仁文义武俊德成功高皇帝[16]
游坦之,职位,聚贤庄少庄主
蒙哥,主要成就,派忽必烈灭大理、招降吐蕃
小昭,年龄,15～16岁
袁士霄,心上人,关明梅
杨莲亭,中文名,杨莲亭
范遥,信仰,明教
查传诗,职业,记者
巴天石,中文名,巴天石
不戒和尚,掌门人,令狐冲
左冷禅,其他名称,左盟主
慕天颜,逝世日期,康熙三十五年（1696年）四月十五日
贝海石,职业,军师
张翠山,民族,汉族
戚芳,别名,阿芳
陆二娘,外甥女,程英
郭襄,才艺,画
仪琳,武功,万花剑法
程英,兵器,玉箫
程灵素,师父,无嗔大师
佟国纲,官职,镶黄旗汉军都统
朱由检,庙号,思宗（怀宗
康广陵,其他名称,琴颠
乔峰,仰慕者,阿紫
彭莹玉,主要成就,元末民变领袖之一
黄真,登场作品,金庸小说《碧血剑》
谭婆,其他名称,小娟
南海鳄神,兵器,鳄尾鞭
长平公主,民族族群,汉族
吴立身,登场作品,《鹿鼎记》
梦姑,武功门派,逍遥派
鳌拜,职业,太子太傅
丁春秋,徒弟,阿紫等
蒙哥,出生日期,1209年1月10日
黄药师,外孙,郭芙
谢烟客,修习武功,弹指神通
梅芳姑,父母,梅文馨
殷梨亭,武功绝技,武当太极剑
秦红棉,武功,五罗轻烟掌
朱丹臣,性格,"文武双全,足智多谋"
郭靖,子女,郭芙、郭襄、郭破虏
李西华,父亲,李岩
忽必烈,主要成就,统一全国
丁春秋,年龄,65
郭芙,身份,抗元集团新辈核心人物
段延庆,徒弟,谭青
周芷若,武功,九阴真经武功
朱聪,武功,铁扇打穴
完颜洪烈,登场作品,《射雕英雄传》
徐志摩,代表作品,再别康桥翡冷翠的一夜
朱子柳,登场作品,《射雕英雄传》
陆无双,别名,媳妇儿
李明,特长,表演
慕容复,生日,约1064年
李可秀,人物关系,李沅芷之父
多尔衮,别名,九王
胡青牛,中文名,胡青牛
梁自进,师兄,白自在
包不同,结拜兄弟,邓百川
穆里玛,旗籍,满洲镶黄旗
博尔术,所处时代,蒙元
海兰弼,登场作品,《飞狐外传》
马行空,女儿,马春花
耶律齐,别名,耶律兄
郭啸天,亲家母,冯蘅
林朝英,心上人,王重阳
段天德,伯父,枯木大师
云中鹤,妻子,陆小曼
余鱼同,领导,陈家洛
乌老大,中文名,乌老大
欧阳锋,义子,“西狂”杨过
朱由榔,出生日期,1623年11月1日
慕容博,称号,金庸小说书迷称为“天龙四神”中的“水神”
曲洋,登场作品,《笑傲江湖》
郭芙,宝物,君子淑女剑
建宁公主,年龄,16
袁承志,师兄,黄真
胡夫人,中文名,胡夫人
张无忌,武功,七伤拳
陆展元,登场作品,《神雕侠侣》
无崖子,中文名,无崖子
徐达,所处时代,元末明初
慕容博,主要成就,以彼之道，还施彼身
史火龙,民族,汉族
慕容复,性别,男
吴六奇,出生日期,1607年（丁未年）
田伯光,师父,仪琳
段天德,结局,死于杨康的九阴白骨爪下
梅念笙,徒弟,万震山
萧峰,性别,男
李泰,代表作品,因为爱情有多美
空智,方丈,空闻大师
南希仁,兵器,扁担
查传讷,性别,女
张三丰,主要成就,创立武当派、振兴道教
秃笔翁,教主,任我行
阿九,徒弟,阿琪
任盈盈,年龄,十八岁
不平道人,好友,卓不凡
卫璧,登场作品,《倚天屠龙记》
杨逍,中文名,杨逍
卫春华,七哥,徐天宏
任盈盈,登场作品,《笑傲江湖》
徐天川,别名,八臂猿猴
长平公主,别名,长平公主
郭芙,登场作品,《神雕侠侣》
冷谦,字号,字启敬
赵志敬,师弟,马志芳
林平之,祖父,林仲雄
耶律重元,别名,耶律孛吉知
阿朱,登场作品,《天龙八部》
梅剑和,师父,神拳无敌归辛树
哑婆婆,中文名,哑婆婆
无崖子,女儿,李青萝
裘千仞,哥哥,裘千丈
玉真子,性别,男
戚芳,师伯,言达平
努尔哈赤,陵寝,福陵
徐达,出生地,[1]
游坦之,性别,男
公孙绿萼,容貌,眉目清雅、肤色白里泛红，甚是娇美，眼神清澈，嘴边有粒小黑痣，更增俏丽，但她秀雅脱俗，自有一股清灵之气。
胡青羊,哥哥,胡青牛
岳不群,配偶,宁中则
建宁公主,性别,女
建宁公主,女儿,韦双双
甘宝宝,别名,宝宝
莫声谷,师父,张三丰
杨溢之,身份,平西王总兵
任盈盈,别名,婆婆，妖女，任大小姐
杨过,兵器,玄铁重剑
侯通海,登场作品,《射雕英雄传》
张君宝,主要成就,振兴道教[10]
任盈盈,主要成就,身为日月神教圣姑，统领群豪
梅芳姑,义女,丁铛
白万剑,女儿,白阿绣
戚芳,中文名,戚芳
林平之,门派,福威镖局，华山派
谢烟客,修习武功,碧针清掌
岳老三,居所,南海
胡斐,曾属门派,华拳门
周芷若,师姐,静玄
胡桂南,性别,男
武敦儒,弟弟,武修文
逍遥子,职业,企业家[1]
黄药师,齐名者,王重阳
于人豪,性别,男
段正淳,别名,段郎
李明,国籍,中国
段延庆,儿子,段誉
李青萝,爱好,种山茶花
韦小宝,主要成就,擒鳌拜
忽必烈,庙号,元世祖
吴立身,师侄,沐剑声
鹤笔翁,主子,王保保
莫声谷,师兄,张松溪
司徒横,好友,关东四大门派
吴之荣,职业,官员
钱均夫,出生地,浙江杭州
林平之,仇人,岳不群、余沧海、木高峰 
阿青,其他名称,牧羊女
玄寂,方丈,玄慈
卫璧,性别,男
田伯光,武功绝技,飞沙走石十三式
萧峰,参与战役,聚贤庄之战
司徒横,终结者,贝海石
段延庆,别名,天下第一大恶人
海大富,武功,阴阳磨
华筝,小说原型,成吉思汗的女儿火真别姬公主
丁典,传人,狄云
穆里玛,逝世日期,1669年
程英,师兄,冯默风
木婉清,父亲,段正淳
小昭,朝代,元朝
李青萝,母亲,齐御风（97版《天龙八部》电视剧中杜撰的神秘人物）[1]
耶律齐,登场作品,《神雕侠侣》
扫地僧,别名,无名老僧
林平之,武功,华山剑法
钱均夫,职业,文史专家
殷野王,信仰,明教
潇湘子,性别,男
张翠山,朝代,元朝
陆菲青,别名,陆高止
石双英,门派,红花会
完颜萍,绝技,枯藤缠树
汤沛,别名,汤大侠
洪安通,别名,洪教主
花万紫,师兄,封万里
阿朱,曾受重伤,大金刚掌掌伤
和珅,所处时代,清朝
游坦之,中文名,游坦之
程英,中文名,程英
钱均夫,出生日期,1880年
小昭,主要成就,为救张无忌被迫担任波斯明教教主
王夫人,身份,夫人
宝树,代表作品,《时间之墟》
公孙止,登场作品,《神雕侠侣》
石双英,门派,无极拳
成昆,徒弟,陈友谅
林远图,代表作品,辟邪剑谱
闵柔,性别,女
不平道人,登场作品,《天龙八部》
沙通天,绝技,移形换位
绿竹翁,教主,任我行
梁自进,国籍,中国
公孙止,妻子,裘千尺
阿碧,门派,逍遥派
李秋水,年龄,88
多尔衮,主要成就,统一全国
拓跋宏,陵寝,长陵
石破天,别名,狗杂种
潇湘子,国籍,蒙古
冯默风,师父,黄药师
无尘道长,性别,男
蒋四根,中文名,蒋四根
吕留良,职业,思想家
耶律齐,中文名,耶律齐
苗人凤,好友,无嗔大师
殷天正,逝世日期,1358年
金轮法王,门派,密教金刚宗
慕天颜,官职,湖广巡抚
阿青,登场作品,《越女剑》
上官云,别名,雕侠
徐志摩,笔名,海谷
多尔衮,庙号,次年取消）
耶律洪基,性别,男
胡青牛,门派,明教
柯镇恶,登场作品,《神雕侠侣》
霍都,门派,密教金刚宗
王元霸,职业,金刀门掌门人
鹤笔翁,性别,男
长平公主,所处时代,明朝晚期
慕容复,家臣,风波恶
曲灵风,登场作品,《射雕英雄传》
华筝,小说前夫,都史
青灵子,中文名,青靈子
钟灵,身份,大理国贤妃
曲三,师父,黄药师
华赫艮,登场作品,《天龙八部》
褚万里,性别,男
马夫人,情夫,白世镜
小玄子,好友,小桂子
逍遥子,职务,阿里巴巴集团董事局主席
蒋百里,职务,保定陆军军官学校校长
蒋英,逝世日期,2012年（壬辰年）2月5日（农历正月十四）
杨过,父母,穆念慈
石清,儿子,石破天
钟万仇,中文名,钟万仇
常遇春,封爵,鄂国公→开平王（赠）
耶律楚材,所处时代,金朝
李西华,中文名,李西华
耶律楚材,追赠,广宁王等
兆惠,官职,户部侍郎
郭靖,妻子,黄蓉
金花婆婆,丈夫,韩千叶
尼摩星,武器,蛇形铁鞭
陈家洛,义父,于万亭
梅超风,别名,师姐
卫春华,性别,男
甘宝宝,出场章回,第四十八章
朱由检,主要成就,修《崇祯历书》
袁冠南,国籍,中国
李彧,国籍,中国
徐志摩,职位,南京大学教授，北京大学教授
彭连虎,登场作品,《射雕英雄传》
宋青书,中文名,宋青书
裘千尺,女儿,公孙绿萼
桑土公,性别,男
公孙绿萼,身份,谷主公孙止之女
左子穆,徒弟,龚光杰 
马夫人,中文名,康敏
石中玉,别名,石帮主
公孙止,武功,闭穴功、阴阳倒乱刃法
陈家洛,性别,男
蒙哥,陵寝,蒙古肯特山起辇谷
温青青,门派,棋仙派
多尔衮,本名,爱新觉罗·多尔衮
刚相,主子,赵敏
王夫人,身份,美人、夫人、皇后、皇太后
凌退思,中文名,凌退思
桑结,中文名,桑结
玉真子,中文名,玉真子
云中鹤,主要成就,成立新月社
潇湘子,主要成就,与金轮法王等人围攻郭靖 三招打败全真教七名高手
觉远,徒弟,张三丰
仪琳,别名,阿琳
张松溪,职业,武术家
韦双双,弟弟,韦虎头、韦铜锤
阿紫,登场作品,天龙八部
贝锦仪,民族,汉
侯通海,中文名,侯通海
空见,中文名,空见
岳灵珊,登场作品,《笑傲江湖》
哑婆婆,登场作品,《笑傲江湖》
杨过,别名,神雕大侠
宋青书,性别,男
耶律燕,人物出处,《神雕侠侣》
郭芙,强项,游泳
觉远大师,登场作品,《神雕侠侣》
郭芙,别名,郭大小姐
商老太,门派,八卦门
陆展元,出生地,嘉兴
公孙止,中文名,公孙止
丁春秋,别名,星宿老仙
武三通,身份,渔樵耕读之耕
霍青桐,别名,翠羽黄衫
符敏仪,身份,灵鹫宫阳天部首领
何足道,成就,只身独闯少林寺
丁游,国籍,中国
平一指,领导,任盈盈
鹿杖客,性别,男
朱九真,年龄,17岁（初登场）
方怡,师妹,沐剑屏
周伯通,门派,全真派
喀丝丽,地位,金庸笔下第一美女
郭啸天,侄孙媳,小龙女
鸠摩智,职业,吐蕃国师
范遥,尊敬的人,张无忌
王重阳,徒弟,全真七子
耶律楚材,出生地,燕京
杨铁心,别名,铁哥(包惜弱)
梁自进,中文名,梁自进
范百龄,性别,男
劳德诺,武功,紫霞神功
柯镇恶,徒孙,郭芙
任盈盈,出生地,黑木崖
慕天颜,本名,慕天颜
瘦头陀,性别,男
郭芙,宝物,软猬甲
丁典,恋人,凌霜华
公冶乾,登场作品,《天龙八部》
点苍渔隐,性别,男
公冶乾,主要成就,掌法有“江南第二”之称
慕容复,表妹,王语嫣
聂卫平,主要成就,1981年国手战冠军
郭襄,别名,别名
陈友谅,主要成就,建立陈汉政权
蒋百里,出生日期,1882年
方怡,中文名,方怡
阿九,登场作品,《碧血剑》
徐达,谥号,武宁
香香公主,姐姐,霍青桐
钱永刚,母亲,蒋英
公孙绿萼,中文名,公孙绿萼
穆人清,徒孙,梅剑和
小龙女,武器,玉蜂针
余鱼同,主要成就,救助红花会四当家文泰来 考取过秀才
白振,中文名,白振
纪晓芙,别名,芙妹
鹤笔翁,师父,百损道人
归辛树,弟子,孙仲君
焦木和尚,国籍,南宋
徐志摩,逝世日期,1931年11月19日
贝锦仪,师妹,周芷若等
任我行,属下,东方不败
张召重,师侄,李沅芷
全金发,老大,柯镇恶
尼摩星,别名,天竺矮子
焦公礼,职业,金龙帮帮主
朱丹臣,性格,文武双全
张康年,别名,张大哥
白万剑,门派,雪山派
骆冰,十三弟,蒋四根
令狐冲,爱好,喝酒
段延庆,同族兄弟,段正明
丁典,别名,丁大侠
殷素素,登场作品,《倚天屠龙记》
扫地僧,登场作品,《天龙八部》
风际中,形象,绝不起眼，给人留不下什么印象
胡青羊,登场作品,《倚天屠龙记》
白振,登场作品,《书剑恩仇录》
沐剑屏,夫君,韦小宝
何红药,心上人,金蛇郎君
阿紫,师父,丁春秋
郭襄,中文名,郭襄
郭襄,武功,峨嵋九阳功
吕通,武功,六合刀六合拳赤尻连拳铁臂功
乔峰,生父,萧远山
朱长龄,出场回数,2回
金庸,主要成就,主要成就
张阿生,性别,男
戚长发,别名,铁索横江
兆惠,本名,乌雅·兆惠
冯蘅,才华,过目不忘
穆人清,中文名,穆人清
枭道人,中文名,枭道人
徐禄,中文名,徐禄
穆人清,门派,华山派
佟国纲,民族族群,旗人
花铁干,武功,岳家散手
钱均夫,学生,厉麟似
丁春秋,星宿三宝,柔丝索
慕容复,别名,慕容公子
尼摩星,身份,忽必烈麾下武士
杨过,主要成就,解襄阳之危
灭绝师太,门派,峨嵋派
闵子叶,性别,男
木高峰,终结者,林平之
方怡,别名,方姑娘
谢烟客,别名,摩天居士
殷素素,别名,素素
澄观,主要作品,《华严经疏钞》
胡逸之,性别,男
钟万仇,职业,万劫谷谷主
武修文,父亲,武三通
殷天正,职业,明教四大护教法王之一，天鹰教教主
卫春华,四嫂,骆冰
武修文,师父,郭靖
张君宝,主要成就,创立武当派
钱老本,总舵主,陈近南
游坦之,武功,冰蚕寒毒
杨过,父母,杨康
李泰,出生日期,1984年9月3日
洪胜海,国籍,中国
朱玫,别名,[2]
石破天,武功,《太玄经》
任我行,主要成就,重夺日月神教教主之位 大战五岳剑派
马光佐,国籍,中国
马夫人,情夫,段正淳等
赵敏,经典场面,濠州抢婚
黄药师,国籍,南宋
柯镇恶,登场作品,《射雕英雄传》
史红石,身份,丐帮帮主
胡逸之,其他名称,百胜刀王，美刀王
谢逊,师父,成昆
段正淳,登场作品,《天龙八部》
冷谦,主要作品,《琴声十六法》等
温仪,女儿,温青青
郭啸天,儿媳妇,黄蓉
李莫愁,执念,《玉女心经》
马光佐,特点,天生神力
张召重,师兄,马真道长、陆菲青
胡逸之,中文名,胡逸之
周芷若,门派,峨嵋派
孙不二,主要成就,创立清静派
周芷若,别名,周姑娘
武三通,国籍,大理国
努尔哈赤,别名,奴儿哈赤
华筝,小说父亲,成吉思汗
田归农,中文名,田归农
谢烟客,修习武功,控鹤功
黄药师,女儿,黄蓉
澄观,主要成就,中兴华严
蒋四根,民族,汉
黄药师,民族,汉族
胡逸之,登场作品,《鹿鼎记》
沐剑屏,兄长,沐剑声
何沅君,登场作品,小说《神雕侠侣????》
殷离,民族,汉族
殷野王,所处时代,元末
周颠,中文名,周颠
澄观,主要成就,祖述师说，中兴华严
朱由检,年号,崇祯
觉远,登场作品,《神雕侠侣》
司空玄,门派,灵鹫宫
方怡,别名,方师姐、方姑娘、怡姐姐
石破天,特技,家务
独孤求败,传人,杨过
胡青牛,配偶,王难姑
绿竹翁,门派,日月神教
耶律楚材,主要作品,《湛然居士文集》等
萧峰,职位,大宋丐帮帮主
余鱼同,所属组织,武当派
佟国纲,封爵,一等公
渡厄,外貌特征,黄脸眇目
陆天抒,性别,男
鲁有脚,门派,丐帮
蒋英,代表作品,著有《西欧声乐艺术发展史》，合译有《肖邦传》，《舒曼传》等
旭烈兀,出生日期,1217年
林仲雄,法号,渡元
任盈盈,居住地,黑木崖 洛阳绿竹巷
鸠摩智,国籍,吐蕃国
田归农,其他名称,田大哥
灭绝师太,年龄,44或者45岁
殷梨亭,师兄,宋远桥
萧峰,生父,萧远山
周芷若,主要成就,屠狮大会夺得“武功天下第一”称号
范遥,性别,男
华赫艮,官职,兼右丞相。
周伯通,别名,老顽童
陆冠英,师父,枯木大师
旭烈兀,所处时代,中古时期
石中玉,师傅,封万里
常遇春,职业,军事家
王元霸,门派,金刀门
忽必烈,主要成就,开凿大运河
拖雷,谥号,元英武皇帝（追尊）
乔峰,民族,契丹族
觉远,身份,少林寺藏经阁管理书籍的和尚
钟万仇,妻子,甘宝宝
蒋英,代表作品,《舒曼传》等
拓跋宏,年号,延兴（471年-476年）
聂卫平,民族,汉族
徐达,官职,中书右丞相
王难姑,擅长,下毒
朱元璋,出生日期,1328年10月21日(天历元年九月十八日)
蒋百里,异名,[6]
黄药师,别名,药兄
唐文亮,登场作品,《倚天屠龙记》
郭芙,别名,芙儿
渡难,师侄,空见、空闻、空智、空性
阿紫,喜欢的人,萧峰
孙婆婆,结局,被全真教郝大通误杀
查传诗,国籍,中国
任我行,女儿,任盈盈
范遥,主要成就,探取敌人情报
白世镜,身份,丐帮执法长老
乔峰,别名,乔大爷（阿朱称）
祖千秋,登场作品,《笑傲江湖》
阿青,中文名,阿青
杨逍,已知武功,弹指神通
袁冠南,代表作品,【仁者无敌】
查良璇,二哥,金庸
独孤求败,传人,令狐冲
万圭,民族,汉族
双儿,义兄,吴六奇
郭啸天,妻子,李萍
神照上人,性别,男
天竺僧,登场作品,金庸武小说《神雕侠侣》
于万亭,登场作品,《书剑恩仇录》
阿朱,中文名,段阿朱
天门道人,个性,嫉恶如仇
赵敏,喜好,作汉人打扮
郭芙,血统,桃花岛东邪谪系传人
无尘道长,领导,陈家洛
陈家洛,民族,汉族
纪晓芙,性别,女
程瑶迦,登场作品,《射雕英雄传》
玄寂,中文名,玄寂
郭襄,别名,郭二姑娘
白世镜,帮主,汪剑通、乔峰
朱元璋,逝世日期,1398年6月24日(洪武三十一年闰五月初十日)
段智兴,祖父,大理宪宗段誉
陈家洛,帮会,红花会
史火龙,其他名称,金银掌
张翠山,中文名,张翠山
神山上人,登场作品,《天龙八部》
沐剑声,年龄,六岁
陈家洛,别名,三官
赵敏,身份,汝阳王之女
阿九,登场作品,《鹿鼎记》
韩千叶,中文名,韩千叶
钟灵,母亲,甘宝宝
陆天抒,登场作品,《连城诀》
令狐冲,爱好,弹琴
阿朱,出场地,苏州
鸠摩智,中文名,鸠摩智
胡逸之,主要成就,武林第一美男子
上官云,性别,男
拖雷,谥号,元仁圣景襄皇帝（追尊）
欧阳锋,宿敌,“北丐”洪七公
完颜洪烈,爱慕,包惜弱
郭啸天,别名,啸哥
钱永刚,籍贯,浙江杭州
韦春花,中文名,韦春花
朱丹臣,职业,大理皇宫四大护卫之一
杨康,别名,完颜康
赵志敬,师祖,王重阳
段延庆,别名,恶贯满盈
殷野王,门派,明教（天鹰旗）
一灯大师,主要成就,“天下五绝”之一
何足道,师兄,灵宝道长
多尔衮,所处时代,清朝
马夫人,民族,汉族
秃笔翁,性别,男
欧阳克,门派,白驼山庄
点苍渔隐,身份,原大理国水军都督
神山上人,身高,男
徐天宏,总舵主,于万亭
崔百泉,掌门人,柯百岁
杨过,登场作品,《神雕侠侣》
平阿四,其他名称,癞痢头阿四
关明梅,性别,女
空性,属于,空间之本性
胡一刀,儿子,胡斐
李明,体重,65 公斤
胡青羊,性别,女
掌钵龙头,性别,男
陶红英,救命恩人,韦小宝
裘千仞,别名,慈恩
方怡,出生地,云南
欧阳克,中文名,欧阳克
胡青牛,教主,阳顶天
查传诗,中文名,查传诗
司空玄,作者,金庸
马夫人,情夫,全冠清
徐达,民族族群,汉族
冷谦,职业,道士
天鸣方丈,门派,少林寺
马夫人,所处朝代,北宋
海大富,性别,男
韦小宝,主要成就,擒鳌拜，断吴三桂反叛的三路援军 
潇湘子,身份,湘西名宿
洪七公,别名,老叫花
不平道人,中文名,不平道人
殷野王,职业,天鹰教天微堂堂主
曲灵风,师父,黄药师
陆菲青,好友,关明梅
骆冰,十五弟,心砚
天鸣方丈,登场作品,《倚天屠龙记 》
小龙女,国籍,南宋
田伯光,身份,采花贼
袁士霄,中文名,袁士霄
朱玫,民族,汉族
陈玄风,登场作品,《射雕英雄传》
尼摩星,武器,铁拐
杨莲亭,别名,杨总管
马行空,门派,飞马镖局
天鸣方丈,别名,老方丈、天鸣禅师
殷野王,外甥,张无忌
关安基,终结者,冯锡范
谢烟客,修习武功,碧针清掌、弹指神通、控鹤功
周芷若,代表之花,春睡海棠
陶红英,年龄,四十来岁
任盈盈,武器,长短双剑
柯镇恶,徒弟,郭靖
陆展元,弟妹,陆二娘
戚芳,同门,冯坦
归二娘,登场作品,《鹿鼎记》
朱子柳,武功,一阳指
白世镜,武器,破甲锥
戚芳,登场作品,《连城诀》
小龙女,门派,古墓派
程瑶迦,出生地,宝应程府
穆人清,身份,华山派掌门
罗立如,登场作品,《碧血剑》
谭公,相关记载,《惠州府志》卷四十四《人物篇-仙释》
陆展元,身份,陆家庄 庄主
徐天宏,四嫂,骆冰
风际中,形象,绝不起眼
公孙止,武功,阴阳倒乱刃法
徐达,别名,徐天德
公孙绿萼,别名,公孙姑娘
南希仁,登场作品,《射雕英雄传》
程瑶迦,祖师爷,王重阳
余鱼同,领导,于万亭→陈家洛
万圭,出生地,荆州
郭襄,别名,襄儿
金庸,民族,汉族
吴立身,师兄,柳大洪
骆冰,父亲,神刀骆元通
李秋水,胞妹,李碧云
天山童姥,情敌,李秋水
杜百当,作者,金庸
无崖子,弟子,虚竹
徐达,出生地,濠州钟离
曾柔,性别,女
小龙女,武器,金铃索
张召重,掌门人,马真道长
黄蓉,主要武功, 兰花拂穴手
卫春华,身份,红花会九当家
空见,门派,少林寺
何铁手,擅长,下毒
洪七公,中文名,洪七公
忽必烈,在位时间,1260年5月5日—1294年2月18日
郭芙,身份,桃花岛少岛主
风波恶,国籍,中国
贝锦仪,主要成就,救过杨不悔
李明,特长,唱歌
丁春秋,登场作品,《天龙八部》
刀白凤,情敌,阮星竹、秦红棉、甘宝宝、李青萝
田伯光,登场作品,《笑傲江湖》
常遇春,官职,太子少保等
胡青牛,教主,张无忌
枯荣长老,别名,枯荣长老
马夫人,事迹,伙同全冠清和徐长老揭穿乔峰身世
王重阳,职业,全真教掌门
叶二娘,情夫,玄慈
段智兴,别名,一灯大师
洞玄,门派,仙都派
林朝英,登场作品,《神雕侠侣》
包不同,中文名,包不同
杜治芬,前夫,金庸
程英,师姐,梅超风
霍都,祖父,札木合
努尔哈赤,尊号,聪睿恭敬汗
和珅,字,致斋
朱由榔,出生地,顺天府大兴县（今北京市东城区）
华赫艮,官职,三公之首
耶律齐,别名,齐哥
茅十八,出生地,江北泰州
包惜弱,结局,为丈夫殉情而死
公孙止,武功,铁掌功，闭穴功
忽必烈,别名,薛禅汗
苗若兰,母亲,南兰
成昆,徒弟,谢逊、陈友谅
白自在,别名,「威德先生」
康广陵,登场作品,金庸小说《天龙八部》
陈家洛,别名,总舵主
骆冰,丈夫,文泰来
周绮,居住地,铁胆庄
戚芳,父亲,戚长发
裘千仞,师父,一灯大师
郭芙,祖辈,冯蘅
华筝,小说兄长,术赤
文泰来,总舵主,陈家洛
慕容复,别名,复官
小玄子,登场作品,《鹿鼎记》
鸠摩智,门派,宁玛派
郭啸天,主要成就,绝代大侠郭靖之父
鹿杖客,别名,玄冥二老
张无忌,朝代,元朝
尼摩星,退场原因,被杨过暗杀
钟万仇,情敌,段正淳
宗维侠,朝代,元朝
程瑶迦,师父,孙不二
蒋英,代表作品,著有《西欧声乐艺术发展史》
任我行,属下,向问天
天门道人,师弟,天乙
凌霜华,称号,人淡如菊
忽必烈,逝世日期,1294年2月18日
胡一刀,别名,辽东大侠
仪琳,武功,恒山派剑法
韦小宝,身份,天地会青木堂香主
觉远,年龄,五十岁左右（《神雕侠侣》初登场）
金花婆婆,身份,中土明教四大护教法王“紫白金青”之首
说不得,别名,布袋和尚
段正严,本名,段正严
祖千秋,性别,男
杨过,主要成就,击毙蒙古大汗蒙哥
洪七公,修习武功,打狗棒法
韦小宝,主要成就,签订《尼布楚条约》
穆里玛,兄长,鳌拜
纪晓芙,武器,剑
华筝,民族,蒙古族
佟国纲,出生地,抚顺
陆无双,中文名,陆无双
苗人凤,登场作品,《雪山飞狐》和《飞狐外传》
赵志敬,师弟,申志凡
向问天,登场作品,《笑傲江湖》
海大富,别名,海公公
胡斐,中文名,胡斐
鹿杖客,师父,百损道人
刀白凤,别名,凤凰儿
沐剑屏,祖先,沐英
丁典,登场作品,《连城诀》
杨铁心,中文名,杨铁心
张康年,上司,多隆
郭芙,家人,耶律齐
裘千仞,师父,上官剑南
梁自进,职业,剑客
田伯光,轻功,倒睬三叠云
程瑶迦,配偶,陆冠英
朱由检,逝世日期,1644年4月25日(崇祯十七年三月十九日)
劳德诺,别名,萨老头
杨逍,已知武功,四十四套兵刃招式
张召重,师兄,陆菲青
段正明,出生地,大理
李彧,中文名,李彧
长平公主,同母姐妹,昭仁公主
曲非烟,性别,女
鹤笔翁,中文名,鹤笔翁
尹克西,职业,波斯商人
无尘道长,领导,于万亭
宝树,国籍,中国
黛绮丝,教派,明教
焦木和尚,职业,临安法华寺主持
孙不二,法名,孙不二
杜治芬,出生日期,1930年
张君宝,出生日期,4月9日
努尔哈赤,别名,[3]
康广陵,性别,男
蒋四根,兵刃,猛向周仲英砸来墓境
武敦儒,性别,男
黄蓉,中文名,黄蓉
达尔巴,职业,和尚
王元霸,中文名,王元霸
多隆,中文名,多隆
巴天石,登场作品,天龙八部
蒙哥,本名,孛儿只斤·蒙哥
无嗔大师,中文名,无嗔大师
袁紫衣,武功,八卦掌
商宝震,情敌,福康安、徐铮
简长老,中文名,简长老
木婉清,别名,婉清
周伯通,中文名,周伯通
袁紫衣,门派,峨嵋派
李莫愁,师父,林朝英的丫鬟
多尔衮,庙号,成宗（顺治七年追封
朱由检,庙号,威宗）
杨成协,出生地,汉族
史小翠,丈夫,白自在
安小慧,青梅竹马,袁承志
杜治芬,国籍,中国
喀丝丽,父亲,木卓伦
郭襄,姐弟,郭破虏
拓跋宏,出生地,代郡平城
温青青,中文名,温青青
万圭,出场目次,12回
冯蘅,才华,记忆极好
金庸,主要成就,香港大紫荆勋章
陆立鼎,妻子,陆二娘
阿朱,别名,朱碧双姝（与阿碧合称）
白万剑,师兄妹,花万紫
杜治芬,别名,杜四娘
南希仁,徒弟,郭靖
范遥,心上人,紫衫龙王黛绮丝
小昭,心上人,张无忌
宝树,出生地,四川
洪凌波,师父,李莫愁
花铁干,武功,鹰爪功
慕容复,别名,南慕容
段天德,职业,武官
水笙,表哥,汪啸风
闵子华,国籍,中国
黄药师,外孙,郭破虏
蒋四根,兵刃,==原著出场描写==
叶二娘,儿子,虚竹
陆菲青,师弟,张召重
段天德,民族,汉
钱均夫,职业,教育家
李明,出生日期,1966年9月11日
蒋四根,兵刃,乃红花会中排名第十三的“铜头鳄鱼”蒋四根。周仲英见他力大
蒋四根,门派,红花会
贝海石,性别,男
段正严,庙号,宪宗
拓跋宏,谥号,孝文皇帝
南希仁,兵器,斧头
拓跋宏,逝世日期,499年4月26日
南海鳄神,门派,南海派
温青青,母亲,温仪
杨铁心,民族,汉族
公孙止,女儿,公孙绿萼
岳灵珊,父母,岳不群、宁中则
孙不二,出生地,金代宁海（今山东牟平)
香香公主,父亲,木卓伦
黄药师,别名,东邪
万圭,出场目次,1
长平公主,出生地,北直隶顺天府大兴县（今北京市）
萧远山,武功,摩诃指
温青青,父亲,夏雪宜
曾柔,配偶,韦小宝
金庸,代表作品,雪山飞狐
柯镇恶,中文名,柯镇恶
朱玫,出生日期,1935年
郭芙,血统,郭门义士后代
欧阳锋,齐名者,段智兴
李明,特长,主持
无崖子,年龄,93岁
郭啸天,武功,家传戟法
黄蓉,别名,黄女侠
桑结,其他名称,桑结喇嘛
李沅芷,登场作品,《书剑恩仇录》
陈家洛,别名,陆嘉成
苏菲亚,登场作品,《鹿鼎记》
茅十八,别名,十八哥
完颜萍,绝技,云横秦岭
蒙哥,主要成就,派旭烈兀远征
张阿生,登场作品,《射雕英雄传》
欧阳锋,执念,《九阴真经》
柯镇恶,招数,杵伏药叉
秦红棉,女婿,段誉（新修版）
赵良栋,主要成就,平定三藩之乱
袁士霄,主要成就,书剑第一高手
何太冲,所处朝代,元朝
王进宝,官职,陕西提督
尹志平,登场作品,射雕英雄传
小龙女,中文名,小龙女
陆大有,门派,华山派
钟灵,年龄,16岁
冷谦,职业,养生学家
洪凌波,职业,道姑
欧阳克,别名,小毒物
赵敏,曾用兵器,金针
公孙止,武功,铁掌功
拖雷,逝世日期,1232年10月
赵敏,年龄,约16~17岁（出场年龄）
查传讷,中文名,查传讷
拖雷,别名,也可那颜
段智兴,主要成就,“天下五绝”之一
田归农,其他名称,小田田
洪七公,武器,打狗棒
游坦之,内功,易筋经
黄蓉,别名,黄帮主
关明梅,登场作品,《书剑恩仇录》
钟灵,养父,钟万仇
归辛树,弟子,五丁手刘培生
完颜洪熙,职业,皇子
岳老三,兵器,鳄尾鞭
金轮法王,徒弟,郭襄等
许雪亭,中文名,许雪亭
余鱼同,别名,空色
郭芙,别名,郭姑娘
小龙女,久居地,终南山活死人墓
洪七公,登场作品,《神雕侠侣》
旭烈兀,主要成就,建立伊利汗国
徐天川,中文名,徐天川
郭芙,主要成就,行侠仗义
杨过,兵器,君子剑
文泰来,二哥,无尘道长
拖雷,性别,男
宋青书,武功,武当梯云纵  九阴白骨爪
杨成协,五哥,常赫志
于人豪,终结者,林平之
木婉清,性别,女
鳌拜,逝世日期,1669年
曲灵风,中文名,曲灵风
穆里玛,主要成就,授一等侍卫
丁敏君,师妹,纪晓芙、周芷若等
耶律燕,弟妹,完颜萍
霍青桐,意中人,陈家洛
吴长风,帮主,汪剑通、乔峰
吕留良,主要作品,《吕晚村先生文集》
汤沛,中文名,汤沛
莫声谷,门派,武当派
袁冠南,兵器,沉香扇
完颜洪烈,别名,六王爷
周颠,信仰,明教
焦木和尚,登场作品,《射雕英雄传》
范百龄,所属作品,天龙八部
林震南,身份,福威镖局总镖头
宁中则,剑法,玉女十三剑
徐达,别名,徐魏公
戚芳,师兄,狄云
谭婆,性别,女
灵智上人,别名,五指秘刀
小龙女,身份,古墓派掌门
杨不悔,丈夫,殷梨亭
忽必烈,出生地,漠北草原
旭烈兀,别名,旭烈
郭芙,中文名,郭芙
长平公主,别名,坤兴公主
空见,师兄弟,空闻
公孙绿萼,容貌,更增俏丽
陈近南,主要成就,东宁总制使 创办天地会
丁不四,登场作品,《侠客行》
程青竹,弟子,阿九
风际中,终结者,双儿
闵柔,职业,玄素庄庄主
丁春秋,性别,男
胡斐,职业,侠客
杨铁心,国籍,中国
杨逍,身份,明教光明左使
范遥,特点,各家武功招数渊博
百草仙,中文名,百草仙
史火龙,武功,打狗棒法
杨不悔,第一次登场,第12章　针其膏兮药其肓
骆冰,十二弟,石双英
左冷禅,门派,嵩山派
平阿四,养子,胡斐
木岛主,登场作品,《侠客行》
袁紫衣,中文名,袁紫衣
和珅,逝世日期,1799年2月22日
白万剑,别名,气寒西北
张翠山,岳父,殷天正
陆冠英,别名,公子
青灵子,門派,「昆仑派」掌门人
风清扬,门派,华山派
袁承志,师父,穆人清
喀丝丽,姐姐,霍青桐
范遥,尊敬的人,阳顶天
李秋水,性别,女
范文程,本名,范文程
蒙哥,主要成就,随拔都西征
无崖子,师傅,逍遥子
陆乘风,儿媳妇,程瑶迦
朱元璋,主要作品,御制皇陵碑大诰御制纪非录皇明祖训明太祖宝训
霍都,国籍,蒙古帝国
曲灵风,武功,劈空掌
冯蘅,容貌,秀丽绝伦
钱均夫,逝世日期,1969年
凌霜华,主要成就,每天换一盆菊花以慰丁典的苦楚
任盈盈,主要成就,出席恒山掌门大会，夺旗挫敌
余鱼同,兵器,金笛
丁春秋,别名,丁先生
公孙止,徒弟,樊一翁
慕天颜,主要作品,《督漕封事》
甘宝宝,情人,段正淳
钱均夫,国籍,中国
狄云,性别,男
骆冰,总舵主,陈家洛
徐达,民族族群,[1]
秦红棉,师妹,甘宝宝
渡厄,师侄,空智
林朝英,后代传人,小龙女
温仪,性别,女
武敦儒,母亲,武三娘
殷素素,门派,天鹰教
武敦儒,中文名,武敦儒
曾柔,中文名,曾柔
史红石,中文名,史红石
李明,中文名,李明
林平之,盟友,左冷禅
李彧,祖籍,山东省威海市文登区
胡夫人,代表作品,《雪山飞狐》
莫大,身份,衡山派掌门
傅思归,职业,家臣
张君宝,别名,张通
侯通海,登场作品,《神雕侠侣》
公孙绿萼,容貌,甚是娇美
苗人凤,好友,田归农
李西华,性别,男
阿紫,职业,辽国端福郡主
福康安,字号,字瑶林
吴之荣,别名,吴大人
蒋四根,武功,疯魔杖法
沐剑声,民族,汉
陆展元,妻子,何沅君
蒋英,表弟,金庸
金轮法王,徒弟,霍都
桑土公,登场作品,《天龙八部》
谢逊,修习武功,七伤拳
海大富,中文名,海大富
戚芳,武功,躺尸剑法
闵子华,登场作品,《碧血剑》
忽必烈,本名,孛儿只斤·忽必烈
易三娘,性别,女
金庸,逝世日期,2018年10月30日
花铁干,门派,鹰爪铁枪门
纪晓芙,别名,晓芙
沐剑屏,别名,小老婆
洞玄,师兄,闵子华
李莫愁,门派,古墓派
朱由检,谥号,钦天守道敏毅敦俭弘文襄武体仁致孝庄烈愍皇帝
李泰,代表作品,因为爱情有幸福
多隆,别名,[1]
王进宝,官职,奋威将军
梦姑,性别,女
穆里玛,伯父,后金开国五大臣费英东
郭襄,外貌,秀美
查传诗,职业,记者、编辑、总监
洪凌波,性别,女
博尔术,逝世日期,1226年？
达尔巴,登场作品,《神雕侠侣》
崔百泉,别名,金算盘
杨铁心,先祖,杨再兴
任盈盈,别名,盈儿
穆里玛,兄长,卓布泰
张三丰,号,三丰
朱元璋,出生地,濠州钟离（今安徽凤阳）[15]
薛慕华,中文名,薛慕华
梅念笙,徒弟,言达平
拖雷,别名,元景襄帝
商老太,武器,喂了毒的金镖
莫大,门派,衡山派
冷谦,所处时代,明朝
天山童姥,成就,统领灵鹫宫三十六洞七十二岛独步武林
岳老三,师父,段誉
张召重,门派,武当派
萧远山,主要成就,力拼中原群雄
杨铁心,仇人,完颜洪烈
戚长发,中文名,戚长发
苗若兰,出场作品,《飞狐外传》
梦姑,别名,梦姑
秦红棉,武器,修罗刀
慕天颜,字号,字拱极
令狐冲,身份,恒山派掌门人
骆冰,登场作品,《书剑恩仇录》和《飞狐外传》以及两者的衍生作品
商宝震,结局,被马春花杀死
华赫艮,别名,华大哥
一灯大师,法号,一灯大师
宗维侠,性别,男
杨成协,三哥,赵半山
全金发,别名,闹市侠隐
梅念笙,职业,侠客
史红石,别名,史帮主
丁游,朝代,明朝
潇湘子,中文名,潇湘子
殷梨亭,师兄,俞岱岩
韩小莹,别名,韩女侠
任盈盈,主要成就,夺旗挫敌杀杨莲亭以乱其心
赵志敬,师弟,崔志方
曲非烟,爷爷,曲洋
归辛树,武功,混元功
王语嫣,主要成就,指点群豪戏
薛慕华,别名,阎王敌
查传侠,中文名,查传侠
慕天颜,官职,漕运总督
曲傻姑,登场作品,《神雕侠侣》
朱丹臣,中文名,朱丹臣
殷梨亭,门派,武当派
蒋四根,五哥,常赫志
无嗔大师,好友,苗人凤
戚芳,同门,吴坎
莫声谷,师兄,宋远桥、俞莲舟、俞岱岩、张松溪、张翠山、殷梨亭
仪和,师妹,仪琳等
曲灵风,性别,男
陆乘风,性别,男
花铁干,电视剧结局,最终死于狄云之手
朱由榔,在位时间,1646年12月24日－1662年6月1日
商宝震,父亲,商剑鸣
康广陵,性格,纯直而脾气拗执
吕七,性别,男
云中鹤,前妻,张幼仪
忽必烈,年号,中统（1260年）
常遇春,追赠,翊运推诚宣德靖远功臣、开府仪同三司、上柱国等
茅十八,中文名,茅十八
贝海石,别名,贝先生
贝锦仪,祖师,郭襄
赵敏,性别,女
全冠清,帮主,汪剑通、乔峰
觉远大师,徒弟,张三丰
骆冰,性别,女
朱由检,主要成就,除魏忠贤等逆党
李文秀,父亲,李三
灭绝师太,内功,《峨眉九阳功》
耶律齐,别名,齐儿
朱聪,登场作品,《射雕英雄传》
骆冰,十四弟,余鱼同
老不死,性别,女
鸠摩智,别名,国师
阿青,其他名称,越女剑、赵处女、牧羊女
归辛树,登场作品,《碧血剑》
郭襄,父母,郭靖
郭芙,家人,郭靖
欧阳锋,性别,男
吕七,登场作品,金庸小说《碧血剑》
田归农,性别,男
福康安,官职,军机大臣
骆冰,总舵主,于万亭
任我行,主要成就,少林三战，重夺日月神教教主之位 大战五岳剑派
段正淳,性别,男
文泰来,总舵主,于万亭
闵子叶,门派,仙都派
公孙绿萼,容貌,眼神清澈
南兰,女儿,苗若兰
钱永刚,出生地,浙江杭州
徐志摩,职业,诗人、作家
杨铁心,别名,穆易
林平之,父母,林震南、王夫人
凌霜华,出生地,湖北荆州
石万嗔,登场作品,《飞狐外传》
阳顶天,性别,男
邓百川,绝技,石破天惊
萧远山,中文名,萧远山
阿碧,师父,“琴癫”康广陵
陈家洛,书童,心砚
万圭,国籍,中国
黄药师,性别,男
钱均夫,中文名,钱均夫
沐剑声,中文名,沐剑声
无崖子,登场作品,《天龙八部》
鳌拜,主要成就,跟随清太宗皇太极攻察哈尔部
水笙,性别,女
徐达,逝世日期,1385年
袁承志,师父,朱安国
独孤求败,传人,风清扬
灭绝师太,中文名,灭绝师太
曲傻姑,登场作品,《射雕英雄传》、《神雕侠侣》
